claim_id,log_file_name,section_number,parsed_values,source_table,source_cell,source_values_full_precision,comparison_rule_used,status,quantity_label,notes
R001,scratch_coder_figure_revisions_log_pass2.md,G.1,"[""-0.202""]",S2T001,"analysis/outputs_validation_scratch_20260824/replacement_delta_results.csv::CSV row 13, ci_lower; analysis/scratch_coder_results/results.md::S2T001.r8 interval_lower; analysis/figure_data/scratch_coder_figure_1.csv::CSV row 33, interval_lower_string; analysis/figure_data/scratch_coder_figure_1_panel_agreement.csv::CSV row 33, interval_lower_string; analysis/figure_data/scratch_coder_figure_4_baseline_hard_case.csv::CSV row 33, interval_lower_string; analysis/figure_data/scratch_coder_figure_6.csv::CSV row 33, interval_lower_string","[[""-0.2020064067359965"", ""-0.2020064067359965"", ""-0.2020064067359965"", ""-0.2020064067359965"", ""-0.2020064067359965"", ""-0.2020064067359965""]]",rounded,PASS,baseline equity delta_min lower,
R002,scratch_coder_figure_revisions_log_pass2.md,G.1,"[""-0.330""]",S2T007,"analysis/outputs_validation_scratch_20260824/replacement_delta_results.csv::CSV row 61, ci_lower; analysis/scratch_coder_results/results.md::S2T007.r8 interval_lower; analysis/figure_data/scratch_coder_figure_4_baseline_hard_case.csv::CSV row 65, interval_lower_string; analysis/figure_data/scratch_coder_figure_6.csv::CSV row 65, interval_lower_string","[[""-0.33012555322232656"", ""-0.33012555322232656"", ""-0.33012555322232656"", ""-0.33012555322232656""]]",rounded,PASS,hard-case equity delta_min lower,
R003,scratch_coder_figure_revisions_log_pass2.md,G.1,"[""0.381""]",S2T008,"analysis/outputs_validation_scratch_20260824/replacement_delta_results.csv::CSV row 63, ci_upper; analysis/scratch_coder_results/results.md::S2T008.r6 interval_upper; analysis/figure_data/scratch_coder_figure_4_baseline_hard_case.csv::CSV row 55, interval_upper_string; analysis/figure_data/scratch_coder_figure_6.csv::CSV row 55, interval_upper_string","[[""0.38067397476013815"", ""0.38067397476013815"", ""0.38067397476013815"", ""0.38067397476013815""]]",rounded,PASS,hard-case COVID delta_B upper,
R004,scratch_coder_figure_revisions_log_pass2.md,G.6,"[""0.184""]",S3T002,"analysis/outputs_validation_scratch_20260824/replacement_panel_results.csv::CSV row 8, ci_lower; analysis/scratch_coder_results/results.md::S3T002.r3 interval_lower; analysis/figure_data/scratch_coder_figure_1.csv::CSV row 12, interval_lower_string; analysis/figure_data/scratch_coder_figure_1_panel_agreement.csv::CSV row 12, interval_lower_string; analysis/figure_data/scratch_coder_figure_2.csv::CSV row 12, interval_lower_string; analysis/figure_data/scratch_coder_figure_2_sufficiency_sensitivity.csv::CSV row 12, interval_lower_string; analysis/figure_data/scratch_coder_figure_4_baseline_hard_case.csv::CSV row 12, interval_lower_string; analysis/figure_data/scratch_coder_figure_6.csv::CSV row 12, interval_lower_string","[[""0.1836683964830065"", ""0.1836683964830065"", ""0.1836683964830065"", ""0.1836683964830065"", ""0.1836683964830065"", ""0.1836683964830065"", ""0.1836683964830065"", ""0.1836683964830065""]]",rounded,PASS,baseline purposes alpha ALC lower,
R005,scratch_coder_figure_revisions_log_pass2.md,G.6,"[""0.096""]",S3T008,"analysis/outputs_validation_scratch_20260824/replacement_panel_results.csv::CSV row 55, ci_lower; analysis/scratch_coder_results/results.md::S3T008.r2 interval_lower; analysis/figure_data/scratch_coder_figure_4_baseline_hard_case.csv::CSV row 43, interval_lower_string; analysis/figure_data/scratch_coder_figure_6.csv::CSV row 43, interval_lower_string","[[""0.09584068148568015"", ""0.09584068148568015"", ""0.09584068148568015"", ""0.09584068148568015""]]",rounded,PASS,hard-case purposes alpha LBC lower,
R006,scratch_coder_figure_revisions_log_pass2.md,G.6,"[""0.097""]",S3T008,"analysis/outputs_validation_scratch_20260824/replacement_panel_results.csv::CSV row 56, ci_lower; analysis/scratch_coder_results/results.md::S3T008.r3 interval_lower; analysis/figure_data/scratch_coder_figure_4_baseline_hard_case.csv::CSV row 44, interval_lower_string; analysis/figure_data/scratch_coder_figure_6.csv::CSV row 44, interval_lower_string","[[""0.09738740729773068"", ""0.09738740729773068"", ""0.09738740729773068"", ""0.09738740729773068""]]",rounded,PASS,hard-case purposes alpha ALC lower,
R007,scratch_coder_figure_revisions_log_pass2.md,G.6,"[""0.096""]",S3T008,"analysis/outputs_validation_scratch_20260824/replacement_panel_results.csv::CSV row 55, ci_lower; analysis/scratch_coder_results/results.md::S3T008.r2 interval_lower; analysis/figure_data/scratch_coder_figure_4_baseline_hard_case.csv::CSV row 43, interval_lower_string; analysis/figure_data/scratch_coder_figure_6.csv::CSV row 43, interval_lower_string","[[""0.09584068148568015"", ""0.09584068148568015"", ""0.09584068148568015"", ""0.09584068148568015""]]",rounded,PASS,lowest alpha lower bound,
R008,scratch_coder_figure_revisions_log_pass2.md,G.12,"[""199"", ""173""]",S5T001,"analysis/outputs_validation_scratch_stage_b_20260825/label_support.csv::CSV row 2, baseline_model_positive_n; analysis/scratch_coder_results/results.md::S5T001.r3 estimate; analysis/figure_data/scratch_coder_figure_3_label_application_patterns.csv::CSV row 2, interval_lower_string + analysis/outputs_validation_scratch_stage_b_20260825/label_support.csv::CSV row 3, baseline_model_positive_n; analysis/scratch_coder_results/results.md::S5T001.r9 estimate; analysis/figure_data/scratch_coder_figure_3_label_application_patterns.csv::CSV row 3, interval_lower_string + analysis/outputs_validation_scratch_stage_b_20260825/label_support.csv::CSV row 4, baseline_model_positive_n; analysis/scratch_coder_results/results.md::S5T001.r15 estimate; analysis/figure_data/scratch_coder_figure_3_label_application_patterns.csv::CSV row 4, interval_lower_string + analysis/outputs_validation_scratch_stage_b_20260825/label_support.csv::CSV row 5, baseline_model_positive_n; analysis/scratch_coder_results/results.md::S5T001.r21 estimate; analysis/figure_data/scratch_coder_figure_3_label_application_patterns.csv::CSV row 5, interval_lower_string + analysis/outputs_validation_scratch_stage_b_20260825/label_support.csv::CSV row 6, baseline_model_positive_n; analysis/scratch_coder_results/results.md::S5T001.r27 estimate; analysis/figure_data/scratch_coder_figure_3_label_application_patterns.csv::CSV row 6, interval_lower_string + analysis/outputs_validation_scratch_stage_b_20260825/label_support.csv::CSV row 7, baseline_model_positive_n; analysis/scratch_coder_results/results.md::S5T001.r33 estimate; analysis/figure_data/scratch_coder_figure_3_label_application_patterns.csv::CSV row 7, interval_lower_string + analysis/outputs_validation_scratch_stage_b_20260825/label_support.csv::CSV row 8, baseline_model_positive_n; analysis/scratch_coder_results/results.md::S5T001.r39 estimate; analysis/figure_data/scratch_coder_figure_3_label_application_patterns.csv::CSV row 8, interval_lower_string + analysis/outputs_validation_scratch_stage_b_20260825/label_support.csv::CSV row 9, baseline_model_positive_n; analysis/scratch_coder_results/results.md::S5T001.r45 estimate; analysis/figure_data/scratch_coder_figure_3_label_application_patterns.csv::CSV row 9, interval_lower_string + analysis/outputs_validation_scratch_stage_b_20260825/label_support.csv::CSV row 10, baseline_model_positive_n; analysis/scratch_coder_results/results.md::S5T001.r51 estimate; analysis/figure_data/scratch_coder_figure_3_label_application_patterns.csv::CSV row 10, interval_lower_string + analysis/outputs_validation_scratch_stage_b_20260825/label_support.csv::CSV row 11, baseline_model_positive_n; analysis/scratch_coder_results/results.md::S5T001.r57 estimate; analysis/figure_data/scratch_coder_figure_3_label_application_patterns.csv::CSV row 11, interval_lower_string + analysis/outputs_validation_scratch_stage_b_20260825/label_support.csv::CSV row 12, baseline_model_positive_n; analysis/scratch_coder_results/results.md::S5T001.r63 estimate; analysis/figure_data/scratch_coder_figure_3_label_application_patterns.csv::CSV row 12, interval_lower_string + analysis/outputs_validation_scratch_stage_b_20260825/label_support.csv::CSV row 13, baseline_model_positive_n; analysis/scratch_coder_results/results.md::S5T001.r69 estimate; analysis/figure_data/scratch_coder_figure_3_label_application_patterns.csv::CSV row 13, interval_lower_string; analysis/outputs_validation_scratch_stage_b_20260825/label_support.csv::CSV row 2, baseline_human_majority_positive_n; analysis/scratch_coder_results/results.md::S5T001.r1 estimate; analysis/figure_data/scratch_coder_figure_3_label_application_patterns.csv::CSV row 2, source_value_string + analysis/outputs_validation_scratch_stage_b_20260825/label_support.csv::CSV row 3, baseline_human_majority_positive_n; analysis/scratch_coder_results/results.md::S5T001.r7 estimate; analysis/figure_data/scratch_coder_figure_3_label_application_patterns.csv::CSV row 3, source_value_string + analysis/outputs_validation_scratch_stage_b_20260825/label_support.csv::CSV row 4, baseline_human_majority_positive_n; analysis/scratch_coder_results/results.md::S5T001.r13 estimate; analysis/figure_data/scratch_coder_figure_3_label_application_patterns.csv::CSV row 4, source_value_string + analysis/outputs_validation_scratch_stage_b_20260825/label_support.csv::CSV row 5, baseline_human_majority_positive_n; analysis/scratch_coder_results/results.md::S5T001.r19 estimate; analysis/figure_data/scratch_coder_figure_3_label_application_patterns.csv::CSV row 5, source_value_string + analysis/outputs_validation_scratch_stage_b_20260825/label_support.csv::CSV row 6, baseline_human_majority_positive_n; analysis/scratch_coder_results/results.md::S5T001.r25 estimate; analysis/figure_data/scratch_coder_figure_3_label_application_patterns.csv::CSV row 6, source_value_string + analysis/outputs_validation_scratch_stage_b_20260825/label_support.csv::CSV row 7, baseline_human_majority_positive_n; analysis/scratch_coder_results/results.md::S5T001.r31 estimate; analysis/figure_data/scratch_coder_figure_3_label_application_patterns.csv::CSV row 7, source_value_string + analysis/outputs_validation_scratch_stage_b_20260825/label_support.csv::CSV row 8, baseline_human_majority_positive_n; analysis/scratch_coder_results/results.md::S5T001.r37 estimate; analysis/figure_data/scratch_coder_figure_3_label_application_patterns.csv::CSV row 8, source_value_string + analysis/outputs_validation_scratch_stage_b_20260825/label_support.csv::CSV row 9, baseline_human_majority_positive_n; analysis/scratch_coder_results/results.md::S5T001.r43 estimate; analysis/figure_data/scratch_coder_figure_3_label_application_patterns.csv::CSV row 9, source_value_string + analysis/outputs_validation_scratch_stage_b_20260825/label_support.csv::CSV row 10, baseline_human_majority_positive_n; analysis/scratch_coder_results/results.md::S5T001.r49 estimate; analysis/figure_data/scratch_coder_figure_3_label_application_patterns.csv::CSV row 10, source_value_string + analysis/outputs_validation_scratch_stage_b_20260825/label_support.csv::CSV row 11, baseline_human_majority_positive_n; analysis/scratch_coder_results/results.md::S5T001.r55 estimate; analysis/figure_data/scratch_coder_figure_3_label_application_patterns.csv::CSV row 11, source_value_string + analysis/outputs_validation_scratch_stage_b_20260825/label_support.csv::CSV row 12, baseline_human_majority_positive_n; analysis/scratch_coder_results/results.md::S5T001.r61 estimate; analysis/figure_data/scratch_coder_figure_3_label_application_patterns.csv::CSV row 12, source_value_string + analysis/outputs_validation_scratch_stage_b_20260825/label_support.csv::CSV row 13, baseline_human_majority_positive_n; analysis/scratch_coder_results/results.md::S5T001.r67 estimate; analysis/figure_data/scratch_coder_figure_3_label_application_patterns.csv::CSV row 13, source_value_string","[[""45"", ""4"", ""4"", ""35"", ""10"", ""25"", ""1"", ""56"", ""6"", ""10"", ""2"", ""1""], [""41"", ""4"", ""0"", ""27"", ""4"", ""23"", ""0"", ""39"", ""9"", ""11"", ""2"", ""13""]]",exact,PASS,domain label-application totals,
R009,scratch_coder_figure_revisions_log_pass2.md,G.12,"[""160"", ""129""]",S5T002,"analysis/outputs_validation_scratch_stage_b_20260825/label_support.csv::CSV row 14, baseline_model_positive_n; analysis/scratch_coder_results/results.md::S5T002.r3 estimate; analysis/figure_data/scratch_coder_figure_3_label_application_patterns.csv::CSV row 14, interval_lower_string + analysis/outputs_validation_scratch_stage_b_20260825/label_support.csv::CSV row 15, baseline_model_positive_n; analysis/scratch_coder_results/results.md::S5T002.r9 estimate; analysis/figure_data/scratch_coder_figure_3_label_application_patterns.csv::CSV row 15, interval_lower_string + analysis/outputs_validation_scratch_stage_b_20260825/label_support.csv::CSV row 16, baseline_model_positive_n; analysis/scratch_coder_results/results.md::S5T002.r15 estimate; analysis/figure_data/scratch_coder_figure_3_label_application_patterns.csv::CSV row 16, interval_lower_string + analysis/outputs_validation_scratch_stage_b_20260825/label_support.csv::CSV row 17, baseline_model_positive_n; analysis/scratch_coder_results/results.md::S5T002.r21 estimate; analysis/figure_data/scratch_coder_figure_3_label_application_patterns.csv::CSV row 17, interval_lower_string + analysis/outputs_validation_scratch_stage_b_20260825/label_support.csv::CSV row 18, baseline_model_positive_n; analysis/scratch_coder_results/results.md::S5T002.r27 estimate; analysis/figure_data/scratch_coder_figure_3_label_application_patterns.csv::CSV row 18, interval_lower_string + analysis/outputs_validation_scratch_stage_b_20260825/label_support.csv::CSV row 19, baseline_model_positive_n; analysis/scratch_coder_results/results.md::S5T002.r33 estimate; analysis/figure_data/scratch_coder_figure_3_label_application_patterns.csv::CSV row 19, interval_lower_string + analysis/outputs_validation_scratch_stage_b_20260825/label_support.csv::CSV row 20, baseline_model_positive_n; analysis/scratch_coder_results/results.md::S5T002.r39 estimate; analysis/figure_data/scratch_coder_figure_3_label_application_patterns.csv::CSV row 20, interval_lower_string + analysis/outputs_validation_scratch_stage_b_20260825/label_support.csv::CSV row 21, baseline_model_positive_n; analysis/scratch_coder_results/results.md::S5T002.r45 estimate; analysis/figure_data/scratch_coder_figure_3_label_application_patterns.csv::CSV row 21, interval_lower_string; analysis/outputs_validation_scratch_stage_b_20260825/label_support.csv::CSV row 14, baseline_human_majority_positive_n; analysis/scratch_coder_results/results.md::S5T002.r1 estimate; analysis/figure_data/scratch_coder_figure_3_label_application_patterns.csv::CSV row 14, source_value_string + analysis/outputs_validation_scratch_stage_b_20260825/label_support.csv::CSV row 15, baseline_human_majority_positive_n; analysis/scratch_coder_results/results.md::S5T002.r7 estimate; analysis/figure_data/scratch_coder_figure_3_label_application_patterns.csv::CSV row 15, source_value_string + analysis/outputs_validation_scratch_stage_b_20260825/label_support.csv::CSV row 16, baseline_human_majority_positive_n; analysis/scratch_coder_results/results.md::S5T002.r13 estimate; analysis/figure_data/scratch_coder_figure_3_label_application_patterns.csv::CSV row 16, source_value_string + analysis/outputs_validation_scratch_stage_b_20260825/label_support.csv::CSV row 17, baseline_human_majority_positive_n; analysis/scratch_coder_results/results.md::S5T002.r19 estimate; analysis/figure_data/scratch_coder_figure_3_label_application_patterns.csv::CSV row 17, source_value_string + analysis/outputs_validation_scratch_stage_b_20260825/label_support.csv::CSV row 18, baseline_human_majority_positive_n; analysis/scratch_coder_results/results.md::S5T002.r25 estimate; analysis/figure_data/scratch_coder_figure_3_label_application_patterns.csv::CSV row 18, source_value_string + analysis/outputs_validation_scratch_stage_b_20260825/label_support.csv::CSV row 19, baseline_human_majority_positive_n; analysis/scratch_coder_results/results.md::S5T002.r31 estimate; analysis/figure_data/scratch_coder_figure_3_label_application_patterns.csv::CSV row 19, source_value_string + analysis/outputs_validation_scratch_stage_b_20260825/label_support.csv::CSV row 20, baseline_human_majority_positive_n; analysis/scratch_coder_results/results.md::S5T002.r37 estimate; analysis/figure_data/scratch_coder_figure_3_label_application_patterns.csv::CSV row 20, source_value_string + analysis/outputs_validation_scratch_stage_b_20260825/label_support.csv::CSV row 21, baseline_human_majority_positive_n; analysis/scratch_coder_results/results.md::S5T002.r43 estimate; analysis/figure_data/scratch_coder_figure_3_label_application_patterns.csv::CSV row 21, source_value_string","[[""52"", ""11"", ""10"", ""47"", ""33"", ""2"", ""4"", ""1""], [""36"", ""9"", ""7"", ""19"", ""30"", ""1"", ""1"", ""26""]]",exact,PASS,purpose label-application totals,
R010,scratch_coder_figure_revisions_log_pass2.md,G.12,"[""1"", ""13""]",S5T001,"analysis/outputs_validation_scratch_stage_b_20260825/label_support.csv::CSV row 13, baseline_model_positive_n; analysis/scratch_coder_results/results.md::S5T001.r69 estimate; analysis/figure_data/scratch_coder_figure_3_label_application_patterns.csv::CSV row 13, interval_lower_string; analysis/outputs_validation_scratch_stage_b_20260825/label_support.csv::CSV row 13, baseline_human_majority_positive_n; analysis/scratch_coder_results/results.md::S5T001.r67 estimate; analysis/figure_data/scratch_coder_figure_3_label_application_patterns.csv::CSV row 13, source_value_string","[[""1"", ""1"", ""1""], [""13"", ""13"", ""13""]]",exact,PASS,domain Unclear operands,
R011,scratch_coder_figure_revisions_log_pass2.md,G.12,"[""1"", ""26""]",S5T002,"analysis/outputs_validation_scratch_stage_b_20260825/label_support.csv::CSV row 21, baseline_model_positive_n; analysis/scratch_coder_results/results.md::S5T002.r45 estimate; analysis/figure_data/scratch_coder_figure_3_label_application_patterns.csv::CSV row 21, interval_lower_string; analysis/outputs_validation_scratch_stage_b_20260825/label_support.csv::CSV row 21, baseline_human_majority_positive_n; analysis/scratch_coder_results/results.md::S5T002.r43 estimate; analysis/figure_data/scratch_coder_figure_3_label_application_patterns.csv::CSV row 21, source_value_string","[[""1"", ""1"", ""1""], [""26"", ""26"", ""26""]]",exact,PASS,purpose Unclear operands,
R012,scratch_coder_figure_revisions_log_pass2.md,G.12,"[""198"", ""160""]",S5T001,"sum all labels minus Unclear; analysis/outputs_validation_scratch_stage_b_20260825/label_support.csv::CSV row 2, baseline_model_positive_n; analysis/scratch_coder_results/results.md::S5T001.r3 estimate; analysis/figure_data/scratch_coder_figure_3_label_application_patterns.csv::CSV row 2, interval_lower_string; analysis/outputs_validation_scratch_stage_b_20260825/label_support.csv::CSV row 3, baseline_model_positive_n; analysis/scratch_coder_results/results.md::S5T001.r9 estimate; analysis/figure_data/scratch_coder_figure_3_label_application_patterns.csv::CSV row 3, interval_lower_string; analysis/outputs_validation_scratch_stage_b_20260825/label_support.csv::CSV row 4, baseline_model_positive_n; analysis/scratch_coder_results/results.md::S5T001.r15 estimate; analysis/figure_data/scratch_coder_figure_3_label_application_patterns.csv::CSV row 4, interval_lower_string; analysis/outputs_validation_scratch_stage_b_20260825/label_support.csv::CSV row 5, baseline_model_positive_n; analysis/scratch_coder_results/results.md::S5T001.r21 estimate; analysis/figure_data/scratch_coder_figure_3_label_application_patterns.csv::CSV row 5, interval_lower_string; analysis/outputs_validation_scratch_stage_b_20260825/label_support.csv::CSV row 6, baseline_model_positive_n; analysis/scratch_coder_results/results.md::S5T001.r27 estimate; analysis/figure_data/scratch_coder_figure_3_label_application_patterns.csv::CSV row 6, interval_lower_string; analysis/outputs_validation_scratch_stage_b_20260825/label_support.csv::CSV row 7, baseline_model_positive_n; analysis/scratch_coder_results/results.md::S5T001.r33 estimate; analysis/figure_data/scratch_coder_figure_3_label_application_patterns.csv::CSV row 7, interval_lower_string; analysis/outputs_validation_scratch_stage_b_20260825/label_support.csv::CSV row 8, baseline_model_positive_n; analysis/scratch_coder_results/results.md::S5T001.r39 estimate; analysis/figure_data/scratch_coder_figure_3_label_application_patterns.csv::CSV row 8, interval_lower_string; analysis/outputs_validation_scratch_stage_b_20260825/label_support.csv::CSV row 9, baseline_model_positive_n; analysis/scratch_coder_results/results.md::S5T001.r45 estimate; analysis/figure_data/scratch_coder_figure_3_label_application_patterns.csv::CSV row 9, interval_lower_string; analysis/outputs_validation_scratch_stage_b_20260825/label_support.csv::CSV row 10, baseline_model_positive_n; analysis/scratch_coder_results/results.md::S5T001.r51 estimate; analysis/figure_data/scratch_coder_figure_3_label_application_patterns.csv::CSV row 10, interval_lower_string; analysis/outputs_validation_scratch_stage_b_20260825/label_support.csv::CSV row 11, baseline_model_positive_n; analysis/scratch_coder_results/results.md::S5T001.r57 estimate; analysis/figure_data/scratch_coder_figure_3_label_application_patterns.csv::CSV row 11, interval_lower_string; analysis/outputs_validation_scratch_stage_b_20260825/label_support.csv::CSV row 12, baseline_model_positive_n; analysis/scratch_coder_results/results.md::S5T001.r63 estimate; analysis/figure_data/scratch_coder_figure_3_label_application_patterns.csv::CSV row 12, interval_lower_string; analysis/outputs_validation_scratch_stage_b_20260825/label_support.csv::CSV row 13, baseline_model_positive_n; analysis/scratch_coder_results/results.md::S5T001.r69 estimate; analysis/figure_data/scratch_coder_figure_3_label_application_patterns.csv::CSV row 13, interval_lower_string; sum all labels minus Unclear; analysis/outputs_validation_scratch_stage_b_20260825/label_support.csv::CSV row 2, baseline_human_majority_positive_n; analysis/scratch_coder_results/results.md::S5T001.r1 estimate; analysis/figure_data/scratch_coder_figure_3_label_application_patterns.csv::CSV row 2, source_value_string; analysis/outputs_validation_scratch_stage_b_20260825/label_support.csv::CSV row 3, baseline_human_majority_positive_n; analysis/scratch_coder_results/results.md::S5T001.r7 estimate; analysis/figure_data/scratch_coder_figure_3_label_application_patterns.csv::CSV row 3, source_value_string; analysis/outputs_validation_scratch_stage_b_20260825/label_support.csv::CSV row 4, baseline_human_majority_positive_n; analysis/scratch_coder_results/results.md::S5T001.r13 estimate; analysis/figure_data/scratch_coder_figure_3_label_application_patterns.csv::CSV row 4, source_value_string; analysis/outputs_validation_scratch_stage_b_20260825/label_support.csv::CSV row 5, baseline_human_majority_positive_n; analysis/scratch_coder_results/results.md::S5T001.r19 estimate; analysis/figure_data/scratch_coder_figure_3_label_application_patterns.csv::CSV row 5, source_value_string; analysis/outputs_validation_scratch_stage_b_20260825/label_support.csv::CSV row 6, baseline_human_majority_positive_n; analysis/scratch_coder_results/results.md::S5T001.r25 estimate; analysis/figure_data/scratch_coder_figure_3_label_application_patterns.csv::CSV row 6, source_value_string; analysis/outputs_validation_scratch_stage_b_20260825/label_support.csv::CSV row 7, baseline_human_majority_positive_n; analysis/scratch_coder_results/results.md::S5T001.r31 estimate; analysis/figure_data/scratch_coder_figure_3_label_application_patterns.csv::CSV row 7, source_value_string; analysis/outputs_validation_scratch_stage_b_20260825/label_support.csv::CSV row 8, baseline_human_majority_positive_n; analysis/scratch_coder_results/results.md::S5T001.r37 estimate; analysis/figure_data/scratch_coder_figure_3_label_application_patterns.csv::CSV row 8, source_value_string; analysis/outputs_validation_scratch_stage_b_20260825/label_support.csv::CSV row 9, baseline_human_majority_positive_n; analysis/scratch_coder_results/results.md::S5T001.r43 estimate; analysis/figure_data/scratch_coder_figure_3_label_application_patterns.csv::CSV row 9, source_value_string; analysis/outputs_validation_scratch_stage_b_20260825/label_support.csv::CSV row 10, baseline_human_majority_positive_n; analysis/scratch_coder_results/results.md::S5T001.r49 estimate; analysis/figure_data/scratch_coder_figure_3_label_application_patterns.csv::CSV row 10, source_value_string; analysis/outputs_validation_scratch_stage_b_20260825/label_support.csv::CSV row 11, baseline_human_majority_positive_n; analysis/scratch_coder_results/results.md::S5T001.r55 estimate; analysis/figure_data/scratch_coder_figure_3_label_application_patterns.csv::CSV row 11, source_value_string; analysis/outputs_validation_scratch_stage_b_20260825/label_support.csv::CSV row 12, baseline_human_majority_positive_n; analysis/scratch_coder_results/results.md::S5T001.r61 estimate; analysis/figure_data/scratch_coder_figure_3_label_application_patterns.csv::CSV row 12, source_value_string; analysis/outputs_validation_scratch_stage_b_20260825/label_support.csv::CSV row 13, baseline_human_majority_positive_n; analysis/scratch_coder_results/results.md::S5T001.r67 estimate; analysis/figure_data/scratch_coder_figure_3_label_application_patterns.csv::CSV row 13, source_value_string","[[""45"", ""4"", ""4"", ""35"", ""10"", ""25"", ""1"", ""56"", ""6"", ""10"", ""2"", ""1""], [""41"", ""4"", ""0"", ""27"", ""4"", ""23"", ""0"", ""39"", ""9"", ""11"", ""2"", ""13""]]",exact,PASS,domain substantive-only totals,
R013,scratch_coder_figure_revisions_log_pass2.md,G.12,"[""159"", ""103""]",S5T002,"sum all labels minus Unclear; analysis/outputs_validation_scratch_stage_b_20260825/label_support.csv::CSV row 14, baseline_model_positive_n; analysis/scratch_coder_results/results.md::S5T002.r3 estimate; analysis/figure_data/scratch_coder_figure_3_label_application_patterns.csv::CSV row 14, interval_lower_string; analysis/outputs_validation_scratch_stage_b_20260825/label_support.csv::CSV row 15, baseline_model_positive_n; analysis/scratch_coder_results/results.md::S5T002.r9 estimate; analysis/figure_data/scratch_coder_figure_3_label_application_patterns.csv::CSV row 15, interval_lower_string; analysis/outputs_validation_scratch_stage_b_20260825/label_support.csv::CSV row 16, baseline_model_positive_n; analysis/scratch_coder_results/results.md::S5T002.r15 estimate; analysis/figure_data/scratch_coder_figure_3_label_application_patterns.csv::CSV row 16, interval_lower_string; analysis/outputs_validation_scratch_stage_b_20260825/label_support.csv::CSV row 17, baseline_model_positive_n; analysis/scratch_coder_results/results.md::S5T002.r21 estimate; analysis/figure_data/scratch_coder_figure_3_label_application_patterns.csv::CSV row 17, interval_lower_string; analysis/outputs_validation_scratch_stage_b_20260825/label_support.csv::CSV row 18, baseline_model_positive_n; analysis/scratch_coder_results/results.md::S5T002.r27 estimate; analysis/figure_data/scratch_coder_figure_3_label_application_patterns.csv::CSV row 18, interval_lower_string; analysis/outputs_validation_scratch_stage_b_20260825/label_support.csv::CSV row 19, baseline_model_positive_n; analysis/scratch_coder_results/results.md::S5T002.r33 estimate; analysis/figure_data/scratch_coder_figure_3_label_application_patterns.csv::CSV row 19, interval_lower_string; analysis/outputs_validation_scratch_stage_b_20260825/label_support.csv::CSV row 20, baseline_model_positive_n; analysis/scratch_coder_results/results.md::S5T002.r39 estimate; analysis/figure_data/scratch_coder_figure_3_label_application_patterns.csv::CSV row 20, interval_lower_string; analysis/outputs_validation_scratch_stage_b_20260825/label_support.csv::CSV row 21, baseline_model_positive_n; analysis/scratch_coder_results/results.md::S5T002.r45 estimate; analysis/figure_data/scratch_coder_figure_3_label_application_patterns.csv::CSV row 21, interval_lower_string; sum all labels minus Unclear; analysis/outputs_validation_scratch_stage_b_20260825/label_support.csv::CSV row 14, baseline_human_majority_positive_n; analysis/scratch_coder_results/results.md::S5T002.r1 estimate; analysis/figure_data/scratch_coder_figure_3_label_application_patterns.csv::CSV row 14, source_value_string; analysis/outputs_validation_scratch_stage_b_20260825/label_support.csv::CSV row 15, baseline_human_majority_positive_n; analysis/scratch_coder_results/results.md::S5T002.r7 estimate; analysis/figure_data/scratch_coder_figure_3_label_application_patterns.csv::CSV row 15, source_value_string; analysis/outputs_validation_scratch_stage_b_20260825/label_support.csv::CSV row 16, baseline_human_majority_positive_n; analysis/scratch_coder_results/results.md::S5T002.r13 estimate; analysis/figure_data/scratch_coder_figure_3_label_application_patterns.csv::CSV row 16, source_value_string; analysis/outputs_validation_scratch_stage_b_20260825/label_support.csv::CSV row 17, baseline_human_majority_positive_n; analysis/scratch_coder_results/results.md::S5T002.r19 estimate; analysis/figure_data/scratch_coder_figure_3_label_application_patterns.csv::CSV row 17, source_value_string; analysis/outputs_validation_scratch_stage_b_20260825/label_support.csv::CSV row 18, baseline_human_majority_positive_n; analysis/scratch_coder_results/results.md::S5T002.r25 estimate; analysis/figure_data/scratch_coder_figure_3_label_application_patterns.csv::CSV row 18, source_value_string; analysis/outputs_validation_scratch_stage_b_20260825/label_support.csv::CSV row 19, baseline_human_majority_positive_n; analysis/scratch_coder_results/results.md::S5T002.r31 estimate; analysis/figure_data/scratch_coder_figure_3_label_application_patterns.csv::CSV row 19, source_value_string; analysis/outputs_validation_scratch_stage_b_20260825/label_support.csv::CSV row 20, baseline_human_majority_positive_n; analysis/scratch_coder_results/results.md::S5T002.r37 estimate; analysis/figure_data/scratch_coder_figure_3_label_application_patterns.csv::CSV row 20, source_value_string; analysis/outputs_validation_scratch_stage_b_20260825/label_support.csv::CSV row 21, baseline_human_majority_positive_n; analysis/scratch_coder_results/results.md::S5T002.r43 estimate; analysis/figure_data/scratch_coder_figure_3_label_application_patterns.csv::CSV row 21, source_value_string","[[""52"", ""11"", ""10"", ""47"", ""33"", ""2"", ""4"", ""1""], [""36"", ""9"", ""7"", ""19"", ""30"", ""1"", ""1"", ""26""]]",exact,PASS,purpose substantive-only totals,
R014,scratch_coder_figure_revisions_log_pass2.md,1.1,"[""11""]",S2T015,"analysis/outputs_validation_scratch_stage_b_20260825/tag_diagnostics.csv::CSV row 2, human_majority_positive_n; analysis/scratch_coder_results/results.md::S2T015.r7 estimate","[[""11"", ""11""]]",exact,PASS,baseline equity majority-positive count,
R015,scratch_coder_figure_revisions_log_pass2.md,1.1,"[""12""]",S2T016,"analysis/outputs_validation_scratch_stage_b_20260825/tag_diagnostics.csv::CSV row 3, human_majority_positive_n; analysis/scratch_coder_results/results.md::S2T016.r7 estimate","[[""12"", ""12""]]",exact,PASS,baseline COVID majority-positive count,
R016,scratch_coder_figure_revisions_log_pass2.md,1.1,"[""8""]",S2T017,"analysis/outputs_validation_scratch_stage_b_20260825/tag_diagnostics.csv::CSV row 4, human_majority_positive_n; analysis/scratch_coder_results/results.md::S2T017.r7 estimate","[[""8"", ""8""]]",exact,PASS,hard-case equity majority-positive count,
R017,scratch_coder_figure_revisions_log_pass2.md,1.1,"[""6""]",S2T018,"analysis/outputs_validation_scratch_stage_b_20260825/tag_diagnostics.csv::CSV row 5, human_majority_positive_n; analysis/scratch_coder_results/results.md::S2T018.r7 estimate","[[""6"", ""6""]]",exact,PASS,hard-case COVID majority-positive count,
R018,scratch_coder_figure_revisions_log_pass2.md,1.4,"[""0.004117088549351349""]",S2T001,"analysis/outputs_validation_scratch_20260824/replacement_delta_results.csv::CSV row 11, ci_upper; analysis/scratch_coder_results/results.md::S2T001.r6 interval_upper; analysis/figure_data/scratch_coder_figure_1.csv::CSV row 31, interval_upper_string; analysis/figure_data/scratch_coder_figure_1_panel_agreement.csv::CSV row 31, interval_upper_string; analysis/figure_data/scratch_coder_figure_4_baseline_hard_case.csv::CSV row 31, interval_upper_string; analysis/figure_data/scratch_coder_figure_6.csv::CSV row 31, interval_upper_string","[[""0.004117088549351349"", ""0.004117088549351349"", ""0.004117088549351349"", ""0.004117088549351349"", ""0.004117088549351349"", ""0.004117088549351349""]]",exact,PASS,baseline equity delta_B upper,
R019,scratch_coder_figure_revisions_log_pass2.md,1.4,"[""-0.006490658978949588""]",S2T001,"analysis/outputs_validation_scratch_20260824/replacement_delta_results.csv::CSV row 13, ci_upper; analysis/scratch_coder_results/results.md::S2T001.r8 interval_upper; analysis/figure_data/scratch_coder_figure_1.csv::CSV row 33, interval_upper_string; analysis/figure_data/scratch_coder_figure_1_panel_agreement.csv::CSV row 33, interval_upper_string; analysis/figure_data/scratch_coder_figure_4_baseline_hard_case.csv::CSV row 33, interval_upper_string; analysis/figure_data/scratch_coder_figure_6.csv::CSV row 33, interval_upper_string","[[""-0.006490658978949588"", ""-0.006490658978949588"", ""-0.006490658978949588"", ""-0.006490658978949588"", ""-0.006490658978949588"", ""-0.006490658978949588""]]",exact,PASS,baseline equity delta_min upper,
R020,scratch_coder_figure_revisions_log_pass2.md,1.4,"[""0.004""]",S2T001,"analysis/outputs_validation_scratch_20260824/replacement_delta_results.csv::CSV row 11, ci_upper; analysis/scratch_coder_results/results.md::S2T001.r6 interval_upper; analysis/figure_data/scratch_coder_figure_1.csv::CSV row 31, interval_upper_string; analysis/figure_data/scratch_coder_figure_1_panel_agreement.csv::CSV row 31, interval_upper_string; analysis/figure_data/scratch_coder_figure_4_baseline_hard_case.csv::CSV row 31, interval_upper_string; analysis/figure_data/scratch_coder_figure_6.csv::CSV row 31, interval_upper_string","[[""0.004117088549351349"", ""0.004117088549351349"", ""0.004117088549351349"", ""0.004117088549351349"", ""0.004117088549351349"", ""0.004117088549351349""]]",rounded,PASS,baseline equity delta_B displayed upper,
R021,scratch_coder_figure_revisions_log_pass2.md,1.4,"[""-0.006""]",S2T001,"analysis/outputs_validation_scratch_20260824/replacement_delta_results.csv::CSV row 13, ci_upper; analysis/scratch_coder_results/results.md::S2T001.r8 interval_upper; analysis/figure_data/scratch_coder_figure_1.csv::CSV row 33, interval_upper_string; analysis/figure_data/scratch_coder_figure_1_panel_agreement.csv::CSV row 33, interval_upper_string; analysis/figure_data/scratch_coder_figure_4_baseline_hard_case.csv::CSV row 33, interval_upper_string; analysis/figure_data/scratch_coder_figure_6.csv::CSV row 33, interval_upper_string","[[""-0.006490658978949588"", ""-0.006490658978949588"", ""-0.006490658978949588"", ""-0.006490658978949588"", ""-0.006490658978949588"", ""-0.006490658978949588""]]",rounded,PASS,baseline equity delta_min displayed upper,
R022,scratch_coder_figure_revisions_log_pass2.md,1.4,"[""0.01""]",S2T001,delta_B upper minus delta_min upper,"[[""0.004117088549351349"", ""-0.006490658978949588""]]",approximate,PASS (APPROXIMATE),equity upper-bound gap approximate,
R023,scratch_coder_figure_revisions_log_pass2.md,1.6,"[""0.9397477187332259"", ""0.9397477187332259""]",S2T002,"analysis/outputs_validation_scratch_20260824/replacement_panel_results.csv::CSV row 14, point_estimate; analysis/scratch_coder_results/results.md::S2T002.r1 estimate; analysis/figure_data/scratch_coder_figure_1.csv::CSV row 18, source_value_string; analysis/figure_data/scratch_coder_figure_1_panel_agreement.csv::CSV row 18, source_value_string; analysis/figure_data/scratch_coder_figure_4_baseline_hard_case.csv::CSV row 18, source_value_string; analysis/figure_data/scratch_coder_figure_6.csv::CSV row 18, source_value_string; analysis/outputs_validation_scratch_20260824/replacement_panel_results.csv::CSV row 15, point_estimate; analysis/scratch_coder_results/results.md::S2T002.r2 estimate; analysis/figure_data/scratch_coder_figure_1.csv::CSV row 19, source_value_string; analysis/figure_data/scratch_coder_figure_1_panel_agreement.csv::CSV row 19, source_value_string; analysis/figure_data/scratch_coder_figure_4_baseline_hard_case.csv::CSV row 19, source_value_string; analysis/figure_data/scratch_coder_figure_6.csv::CSV row 19, source_value_string","[[""0.9397477187332259"", ""0.9397477187332259"", ""0.9397477187332259"", ""0.9397477187332259"", ""0.9397477187332259"", ""0.9397477187332259""], [""0.9397477187332259"", ""0.9397477187332259"", ""0.9397477187332259"", ""0.9397477187332259"", ""0.9397477187332259"", ""0.9397477187332259""]]",exact,PASS,baseline COVID alpha ABC and LBC,
R024,scratch_coder_figure_revisions_log_pass2.md,1.6,"[""0"", ""0"", ""0""]",S2T002,"analysis/outputs_validation_scratch_20260824/replacement_delta_results.csv::CSV row 14, point_estimate; analysis/scratch_coder_results/results.md::S2T002.r5 estimate; analysis/figure_data/scratch_coder_figure_1.csv::CSV row 22, source_value_string; analysis/figure_data/scratch_coder_figure_1_panel_agreement.csv::CSV row 22, source_value_string; analysis/figure_data/scratch_coder_figure_4_baseline_hard_case.csv::CSV row 22, source_value_string; analysis/figure_data/scratch_coder_figure_6.csv::CSV row 22, source_value_string; analysis/outputs_validation_scratch_20260824/replacement_delta_results.csv::CSV row 14, ci_lower; analysis/scratch_coder_results/results.md::S2T002.r5 interval_lower; analysis/figure_data/scratch_coder_figure_1.csv::CSV row 22, interval_lower_string; analysis/figure_data/scratch_coder_figure_1_panel_agreement.csv::CSV row 22, interval_lower_string; analysis/figure_data/scratch_coder_figure_4_baseline_hard_case.csv::CSV row 22, interval_lower_string; analysis/figure_data/scratch_coder_figure_6.csv::CSV row 22, interval_lower_string; analysis/outputs_validation_scratch_20260824/replacement_delta_results.csv::CSV row 14, ci_upper; analysis/scratch_coder_results/results.md::S2T002.r5 interval_upper; analysis/figure_data/scratch_coder_figure_1.csv::CSV row 22, interval_upper_string; analysis/figure_data/scratch_coder_figure_1_panel_agreement.csv::CSV row 22, interval_upper_string; analysis/figure_data/scratch_coder_figure_4_baseline_hard_case.csv::CSV row 22, interval_upper_string; analysis/figure_data/scratch_coder_figure_6.csv::CSV row 22, interval_upper_string","[[""0.0"", ""0.0"", ""0.0"", ""0.0"", ""0.0"", ""0.0""], [""0.0"", ""0.0"", ""0.0"", ""0.0"", ""0.0"", ""0.0""], [""0.0"", ""0.0"", ""0.0"", ""0.0"", ""0.0"", ""0.0""]]",exact,PASS,baseline COVID delta_A,
R025,scratch_coder_figure_revisions_log_pass2.md,1.6,"[""0"", ""0"", ""0""]",S2T002,"analysis/outputs_validation_scratch_20260824/replacement_delta_results.csv::CSV row 17, point_estimate; analysis/scratch_coder_results/results.md::S2T002.r8 estimate; analysis/figure_data/scratch_coder_figure_1.csv::CSV row 25, source_value_string; analysis/figure_data/scratch_coder_figure_1_panel_agreement.csv::CSV row 25, source_value_string; analysis/figure_data/scratch_coder_figure_4_baseline_hard_case.csv::CSV row 25, source_value_string; analysis/figure_data/scratch_coder_figure_6.csv::CSV row 25, source_value_string; analysis/outputs_validation_scratch_20260824/replacement_delta_results.csv::CSV row 17, ci_lower; analysis/scratch_coder_results/results.md::S2T002.r8 interval_lower; analysis/figure_data/scratch_coder_figure_1.csv::CSV row 25, interval_lower_string; analysis/figure_data/scratch_coder_figure_1_panel_agreement.csv::CSV row 25, interval_lower_string; analysis/figure_data/scratch_coder_figure_4_baseline_hard_case.csv::CSV row 25, interval_lower_string; analysis/figure_data/scratch_coder_figure_6.csv::CSV row 25, interval_lower_string; analysis/outputs_validation_scratch_20260824/replacement_delta_results.csv::CSV row 17, ci_upper; analysis/scratch_coder_results/results.md::S2T002.r8 interval_upper; analysis/figure_data/scratch_coder_figure_1.csv::CSV row 25, interval_upper_string; analysis/figure_data/scratch_coder_figure_1_panel_agreement.csv::CSV row 25, interval_upper_string; analysis/figure_data/scratch_coder_figure_4_baseline_hard_case.csv::CSV row 25, interval_upper_string; analysis/figure_data/scratch_coder_figure_6.csv::CSV row 25, interval_upper_string","[[""0.0"", ""0.0"", ""0.0"", ""0.0"", ""0.0"", ""0.0""], [""0.0"", ""0.0"", ""0.0"", ""0.0"", ""0.0"", ""0.0""], [""0.0"", ""0.0"", ""0.0"", ""0.0"", ""0.0"", ""0.0""]]",exact,PASS,baseline COVID delta_min,
R026,scratch_coder_figure_revisions_log_pass2.md,1.6,"[""150""]",S2T002,"analysis/outputs_validation_scratch_20260824/replacement_panel_results.csv::CSV row 14, point_estimate; analysis/scratch_coder_results/results.md::S2T002.r1 estimate; analysis/figure_data/scratch_coder_figure_1.csv::CSV row 18, source_value_string; analysis/figure_data/scratch_coder_figure_1_panel_agreement.csv::CSV row 18, source_value_string; analysis/figure_data/scratch_coder_figure_4_baseline_hard_case.csv::CSV row 18, source_value_string; analysis/figure_data/scratch_coder_figure_6.csv::CSV row 18, source_value_string [denominator 150 records]","[[""150""]]",exact,PASS,baseline COVID denominator,Denominator is recorded in the source cell metadata; estimate lookup supplies the same row.
R027,scratch_coder_figure_revisions_log_pass2.md,2.2,"[""0.088"", ""0.039"", ""0.144""]",S3T011,"analysis/outputs_validation_scratch_20260824/replacement_delta_results.csv::CSV row 82, point_estimate; analysis/scratch_coder_results/results.md::S3T011.r5 estimate; analysis/figure_data/scratch_coder_figure_2.csv::CSV row 22, source_value_string; analysis/figure_data/scratch_coder_figure_2_sufficiency_sensitivity.csv::CSV row 22, source_value_string; analysis/outputs_validation_scratch_20260824/replacement_delta_results.csv::CSV row 82, ci_lower; analysis/scratch_coder_results/results.md::S3T011.r5 interval_lower; analysis/figure_data/scratch_coder_figure_2.csv::CSV row 22, interval_lower_string; analysis/figure_data/scratch_coder_figure_2_sufficiency_sensitivity.csv::CSV row 22, interval_lower_string; analysis/outputs_validation_scratch_20260824/replacement_delta_results.csv::CSV row 82, ci_upper; analysis/scratch_coder_results/results.md::S3T011.r5 interval_upper; analysis/figure_data/scratch_coder_figure_2.csv::CSV row 22, interval_upper_string; analysis/figure_data/scratch_coder_figure_2_sufficiency_sensitivity.csv::CSV row 22, interval_upper_string","[[""0.08838717221020831"", ""0.08838717221020831"", ""0.08838717221020831"", ""0.08838717221020831""], [""0.03879544466630612"", ""0.03879544466630612"", ""0.03879544466630612"", ""0.03879544466630612""], [""0.14353782636161164"", ""0.14353782636161164"", ""0.14353782636161164"", ""0.14353782636161164""]]",rounded,PASS,strict domains delta_A,
R028,scratch_coder_figure_revisions_log_pass2.md,2.2,"[""0.042"", ""0.001"", ""0.083""]",S3T011,"analysis/outputs_validation_scratch_20260824/replacement_delta_results.csv::CSV row 83, point_estimate; analysis/scratch_coder_results/results.md::S3T011.r6 estimate; analysis/figure_data/scratch_coder_figure_2.csv::CSV row 23, source_value_string; analysis/figure_data/scratch_coder_figure_2_sufficiency_sensitivity.csv::CSV row 23, source_value_string; analysis/outputs_validation_scratch_20260824/replacement_delta_results.csv::CSV row 83, ci_lower; analysis/scratch_coder_results/results.md::S3T011.r6 interval_lower; analysis/figure_data/scratch_coder_figure_2.csv::CSV row 23, interval_lower_string; analysis/figure_data/scratch_coder_figure_2_sufficiency_sensitivity.csv::CSV row 23, interval_lower_string; analysis/outputs_validation_scratch_20260824/replacement_delta_results.csv::CSV row 83, ci_upper; analysis/scratch_coder_results/results.md::S3T011.r6 interval_upper; analysis/figure_data/scratch_coder_figure_2.csv::CSV row 23, interval_upper_string; analysis/figure_data/scratch_coder_figure_2_sufficiency_sensitivity.csv::CSV row 23, interval_upper_string","[[""0.04169778425221149"", ""0.04169778425221149"", ""0.04169778425221149"", ""0.04169778425221149""], [""0.001029436076326576"", ""0.001029436076326576"", ""0.001029436076326576"", ""0.001029436076326576""], [""0.08274402354610313"", ""0.08274402354610313"", ""0.08274402354610313"", ""0.08274402354610313""]]",rounded,PASS,strict domains delta_B,
R029,scratch_coder_figure_revisions_log_pass2.md,2.2,"[""0.073"", ""0.023"", ""0.124""]",S3T011,"analysis/outputs_validation_scratch_20260824/replacement_delta_results.csv::CSV row 84, point_estimate; analysis/scratch_coder_results/results.md::S3T011.r7 estimate; analysis/figure_data/scratch_coder_figure_2.csv::CSV row 24, source_value_string; analysis/figure_data/scratch_coder_figure_2_sufficiency_sensitivity.csv::CSV row 24, source_value_string; analysis/outputs_validation_scratch_20260824/replacement_delta_results.csv::CSV row 84, ci_lower; analysis/scratch_coder_results/results.md::S3T011.r7 interval_lower; analysis/figure_data/scratch_coder_figure_2.csv::CSV row 24, interval_lower_string; analysis/figure_data/scratch_coder_figure_2_sufficiency_sensitivity.csv::CSV row 24, interval_lower_string; analysis/outputs_validation_scratch_20260824/replacement_delta_results.csv::CSV row 84, ci_upper; analysis/scratch_coder_results/results.md::S3T011.r7 interval_upper; analysis/figure_data/scratch_coder_figure_2.csv::CSV row 24, interval_upper_string; analysis/figure_data/scratch_coder_figure_2_sufficiency_sensitivity.csv::CSV row 24, interval_upper_string","[[""0.07330788623824858"", ""0.07330788623824858"", ""0.07330788623824858"", ""0.07330788623824858""], [""0.02270586074072557"", ""0.02270586074072557"", ""0.02270586074072557"", ""0.02270586074072557""], [""0.1240244778297567"", ""0.1240244778297567"", ""0.1240244778297567"", ""0.1240244778297567""]]",rounded,PASS,strict domains delta_C,
R030,scratch_coder_figure_revisions_log_pass2.md,2.2,"[""0.041"", ""-0.010"", ""0.096""]",S3T012,"analysis/outputs_validation_scratch_20260824/replacement_delta_results.csv::CSV row 86, point_estimate; analysis/scratch_coder_results/results.md::S3T012.r5 estimate; analysis/figure_data/scratch_coder_figure_2.csv::CSV row 30, source_value_string; analysis/figure_data/scratch_coder_figure_2_sufficiency_sensitivity.csv::CSV row 30, source_value_string; analysis/outputs_validation_scratch_20260824/replacement_delta_results.csv::CSV row 86, ci_lower; analysis/scratch_coder_results/results.md::S3T012.r5 interval_lower; analysis/figure_data/scratch_coder_figure_2.csv::CSV row 30, interval_lower_string; analysis/figure_data/scratch_coder_figure_2_sufficiency_sensitivity.csv::CSV row 30, interval_lower_string; analysis/outputs_validation_scratch_20260824/replacement_delta_results.csv::CSV row 86, ci_upper; analysis/scratch_coder_results/results.md::S3T012.r5 interval_upper; analysis/figure_data/scratch_coder_figure_2.csv::CSV row 30, interval_upper_string; analysis/figure_data/scratch_coder_figure_2_sufficiency_sensitivity.csv::CSV row 30, interval_upper_string","[[""0.04142491410376192"", ""0.04142491410376192"", ""0.04142491410376192"", ""0.04142491410376192""], [""-0.010019950150015187"", ""-0.010019950150015187"", ""-0.010019950150015187"", ""-0.010019950150015187""], [""0.09569664332816348"", ""0.09569664332816348"", ""0.09569664332816348"", ""0.09569664332816348""]]",rounded,PASS,strict purposes delta_A,
R031,scratch_coder_figure_revisions_log_pass2.md,2.2,"[""0.014"", ""-0.035"", ""0.068""]",S3T012,"analysis/outputs_validation_scratch_20260824/replacement_delta_results.csv::CSV row 87, point_estimate; analysis/scratch_coder_results/results.md::S3T012.r6 estimate; analysis/figure_data/scratch_coder_figure_2.csv::CSV row 31, source_value_string; analysis/figure_data/scratch_coder_figure_2_sufficiency_sensitivity.csv::CSV row 31, source_value_string; analysis/outputs_validation_scratch_20260824/replacement_delta_results.csv::CSV row 87, ci_lower; analysis/scratch_coder_results/results.md::S3T012.r6 interval_lower; analysis/figure_data/scratch_coder_figure_2.csv::CSV row 31, interval_lower_string; analysis/figure_data/scratch_coder_figure_2_sufficiency_sensitivity.csv::CSV row 31, interval_lower_string; analysis/outputs_validation_scratch_20260824/replacement_delta_results.csv::CSV row 87, ci_upper; analysis/scratch_coder_results/results.md::S3T012.r6 interval_upper; analysis/figure_data/scratch_coder_figure_2.csv::CSV row 31, interval_upper_string; analysis/figure_data/scratch_coder_figure_2_sufficiency_sensitivity.csv::CSV row 31, interval_upper_string","[[""0.013589902446007107"", ""0.013589902446007107"", ""0.013589902446007107"", ""0.013589902446007107""], [""-0.03496156313229823"", ""-0.03496156313229823"", ""-0.03496156313229823"", ""-0.03496156313229823""], [""0.06771894135342588"", ""0.06771894135342588"", ""0.06771894135342588"", ""0.06771894135342588""]]",rounded,PASS,strict purposes delta_B,
R032,scratch_coder_figure_revisions_log_pass2.md,2.2,"[""0.108"", ""0.051"", ""0.170""]",S3T012,"analysis/outputs_validation_scratch_20260824/replacement_delta_results.csv::CSV row 88, point_estimate; analysis/scratch_coder_results/results.md::S3T012.r7 estimate; analysis/figure_data/scratch_coder_figure_2.csv::CSV row 32, source_value_string; analysis/figure_data/scratch_coder_figure_2_sufficiency_sensitivity.csv::CSV row 32, source_value_string; analysis/outputs_validation_scratch_20260824/replacement_delta_results.csv::CSV row 88, ci_lower; analysis/scratch_coder_results/results.md::S3T012.r7 interval_lower; analysis/figure_data/scratch_coder_figure_2.csv::CSV row 32, interval_lower_string; analysis/figure_data/scratch_coder_figure_2_sufficiency_sensitivity.csv::CSV row 32, interval_lower_string; analysis/outputs_validation_scratch_20260824/replacement_delta_results.csv::CSV row 88, ci_upper; analysis/scratch_coder_results/results.md::S3T012.r7 interval_upper; analysis/figure_data/scratch_coder_figure_2.csv::CSV row 32, interval_upper_string; analysis/figure_data/scratch_coder_figure_2_sufficiency_sensitivity.csv::CSV row 32, interval_upper_string","[[""0.10797963773554298"", ""0.10797963773554298"", ""0.10797963773554298"", ""0.10797963773554298""], [""0.050754131917796166"", ""0.050754131917796166"", ""0.050754131917796166"", ""0.050754131917796166""], [""0.17049219725231762"", ""0.17049219725231762"", ""0.17049219725231762"", ""0.17049219725231762""]]",rounded,PASS,strict purposes delta_C,
R033,scratch_coder_figure_revisions_log_pass2.md,2.3,"[""0"", ""0""]",S3T001,delta_min estimate minus delta_B estimate; delta_min estimate minus delta_B estimate,"[[], []]",exact,PASS,baseline domains delta_min equals delta_B,
R034,scratch_coder_figure_revisions_log_pass2.md,2.3,"[""0"", ""0""]",S3T002,delta_min estimate minus delta_B estimate; delta_min estimate minus delta_B estimate,"[[], []]",exact,PASS,baseline purposes delta_min equals delta_B,
R035,scratch_coder_figure_revisions_log_pass2.md,2.3,"[""0"", ""0""]",S3T011,delta_min estimate minus delta_B estimate; delta_min estimate minus delta_B estimate,"[[], []]",exact,PASS,strict domains delta_min equals delta_B,
R036,scratch_coder_figure_revisions_log_pass2.md,2.3,"[""0"", ""0""]",S3T012,delta_min estimate minus delta_B estimate; delta_min estimate minus delta_B estimate,"[[], []]",exact,PASS,strict purposes delta_min equals delta_B,
R037,scratch_coder_figure_revisions_log_pass2.md,2.4,"[""-0.00214112""]",S3T002,"analysis/outputs_validation_scratch_20260824/replacement_delta_results.csv::CSV row 9, ci_upper; analysis/scratch_coder_results/results.md::S3T002.r8 interval_upper; analysis/figure_data/scratch_coder_figure_1.csv::CSV row 17, interval_upper_string; analysis/figure_data/scratch_coder_figure_1_panel_agreement.csv::CSV row 17, interval_upper_string; analysis/figure_data/scratch_coder_figure_2.csv::CSV row 17, interval_upper_string; analysis/figure_data/scratch_coder_figure_2_sufficiency_sensitivity.csv::CSV row 17, interval_upper_string; analysis/figure_data/scratch_coder_figure_4_baseline_hard_case.csv::CSV row 17, interval_upper_string; analysis/figure_data/scratch_coder_figure_6.csv::CSV row 17, interval_upper_string","[[""-0.002141124278556386"", ""-0.002141124278556386"", ""-0.002141124278556386"", ""-0.002141124278556386"", ""-0.002141124278556386"", ""-0.002141124278556386"", ""-0.002141124278556386"", ""-0.002141124278556386""]]",rounded,PASS,baseline purposes delta_min upper,
R038,scratch_coder_figure_revisions_log_pass2.md,2.4,"[""0.000599224""]",S3T011,"analysis/outputs_validation_scratch_20260824/replacement_delta_results.csv::CSV row 85, ci_lower; analysis/scratch_coder_results/results.md::S3T011.r8 interval_lower; analysis/figure_data/scratch_coder_figure_2.csv::CSV row 25, interval_lower_string; analysis/figure_data/scratch_coder_figure_2_sufficiency_sensitivity.csv::CSV row 25, interval_lower_string","[[""0.0005992244570877603"", ""0.0005992244570877603"", ""0.0005992244570877603"", ""0.0005992244570877603""]]",rounded,PASS,strict domains delta_min lower,
R039,scratch_coder_figure_revisions_log_pass2.md,2.4,"[""-0.002""]",S3T002,"analysis/outputs_validation_scratch_20260824/replacement_delta_results.csv::CSV row 9, ci_upper; analysis/scratch_coder_results/results.md::S3T002.r8 interval_upper; analysis/figure_data/scratch_coder_figure_1.csv::CSV row 17, interval_upper_string; analysis/figure_data/scratch_coder_figure_1_panel_agreement.csv::CSV row 17, interval_upper_string; analysis/figure_data/scratch_coder_figure_2.csv::CSV row 17, interval_upper_string; analysis/figure_data/scratch_coder_figure_2_sufficiency_sensitivity.csv::CSV row 17, interval_upper_string; analysis/figure_data/scratch_coder_figure_4_baseline_hard_case.csv::CSV row 17, interval_upper_string; analysis/figure_data/scratch_coder_figure_6.csv::CSV row 17, interval_upper_string","[[""-0.002141124278556386"", ""-0.002141124278556386"", ""-0.002141124278556386"", ""-0.002141124278556386"", ""-0.002141124278556386"", ""-0.002141124278556386"", ""-0.002141124278556386"", ""-0.002141124278556386""]]",rounded,PASS,baseline purposes displayed upper,
R040,scratch_coder_figure_revisions_log_pass2.md,2.4,"[""0.001""]",S3T011,"analysis/outputs_validation_scratch_20260824/replacement_delta_results.csv::CSV row 85, ci_lower; analysis/scratch_coder_results/results.md::S3T011.r8 interval_lower; analysis/figure_data/scratch_coder_figure_2.csv::CSV row 25, interval_lower_string; analysis/figure_data/scratch_coder_figure_2_sufficiency_sensitivity.csv::CSV row 25, interval_lower_string","[[""0.0005992244570877603"", ""0.0005992244570877603"", ""0.0005992244570877603"", ""0.0005992244570877603""]]",rounded,PASS,strict domains displayed lower,
R041,scratch_coder_figure_revisions_log_pass2.md,2.6,"[""150""]",S3T001,denominator_display,"[[""150 records""]]",exact,PASS,baseline population n,
R042,scratch_coder_figure_revisions_log_pass2.md,2.6,"[""92""]",S3T011,denominator_display,"[[""92 records""]]",exact,PASS,strict population n,
R043,scratch_coder_figure_revisions_log_pass2.md,3.1,"[""12""]",S5T001,distinct label rows,[[]],exact,PASS,domain plotted-label count,
R044,scratch_coder_figure_revisions_log_pass2.md,3.1,"[""8""]",S5T002,distinct label rows,[[]],exact,PASS,purpose plotted-label count,
R045,scratch_coder_figure_revisions_log_pass2.md,3.3,"[""13"", ""1""]",S5T001,"analysis/outputs_validation_scratch_stage_b_20260825/label_support.csv::CSV row 13, baseline_human_majority_positive_n; analysis/scratch_coder_results/results.md::S5T001.r67 estimate; analysis/figure_data/scratch_coder_figure_3_label_application_patterns.csv::CSV row 13, source_value_string; analysis/outputs_validation_scratch_stage_b_20260825/label_support.csv::CSV row 13, baseline_model_positive_n; analysis/scratch_coder_results/results.md::S5T001.r69 estimate; analysis/figure_data/scratch_coder_figure_3_label_application_patterns.csv::CSV row 13, interval_lower_string","[[""13"", ""13"", ""13""], [""1"", ""1"", ""1""]]",exact,PASS,domain Unclear coordinates,
R046,scratch_coder_figure_revisions_log_pass2.md,3.3,"[""26"", ""1""]",S5T002,"analysis/outputs_validation_scratch_stage_b_20260825/label_support.csv::CSV row 21, baseline_human_majority_positive_n; analysis/scratch_coder_results/results.md::S5T002.r43 estimate; analysis/figure_data/scratch_coder_figure_3_label_application_patterns.csv::CSV row 21, source_value_string; analysis/outputs_validation_scratch_stage_b_20260825/label_support.csv::CSV row 21, baseline_model_positive_n; analysis/scratch_coder_results/results.md::S5T002.r45 estimate; analysis/figure_data/scratch_coder_figure_3_label_application_patterns.csv::CSV row 21, interval_lower_string","[[""26"", ""26"", ""26""], [""1"", ""1"", ""1""]]",exact,PASS,purpose Unclear coordinates,
R047,scratch_coder_figure_revisions_log_pass2.md,3.5,"[""199"", ""173""]",S5T001,sum baseline_model_positive_n over all labels; sum baseline_human_majority_positive_n over all labels,"[[], []]",exact,PASS,domain label totals,
R048,scratch_coder_figure_revisions_log_pass2.md,3.5,"[""160"", ""129""]",S5T002,sum baseline_model_positive_n over all labels; sum baseline_human_majority_positive_n over all labels,"[[], []]",exact,PASS,purpose label totals,
R049,scratch_coder_figure_revisions_log_pass2.md,S1.2,"[""150""]",S3T001,denominator_display,"[[""150 records""]]",exact,PASS,baseline population n,
R050,scratch_coder_figure_revisions_log_pass2.md,S1.2,"[""75""]",S3T007,denominator_display,"[[""75 records""]]",exact,PASS,hard-case population n,
R051,scratch_coder_figure_revisions_log_pass2.md,S1.3,"[""11""]",S2T015,"analysis/outputs_validation_scratch_stage_b_20260825/tag_diagnostics.csv::CSV row 2, human_majority_positive_n; analysis/scratch_coder_results/results.md::S2T015.r7 estimate","[[""11"", ""11""]]",exact,PASS,baseline equity positive count,
R052,scratch_coder_figure_revisions_log_pass2.md,S1.3,"[""8""]",S2T017,"analysis/outputs_validation_scratch_stage_b_20260825/tag_diagnostics.csv::CSV row 4, human_majority_positive_n; analysis/scratch_coder_results/results.md::S2T017.r7 estimate","[[""8"", ""8""]]",exact,PASS,hard-case equity positive count,
R053,scratch_coder_figure_revisions_log_pass2.md,S1.3,"[""12""]",S2T016,"analysis/outputs_validation_scratch_stage_b_20260825/tag_diagnostics.csv::CSV row 3, human_majority_positive_n; analysis/scratch_coder_results/results.md::S2T016.r7 estimate","[[""12"", ""12""]]",exact,PASS,baseline COVID positive count,
R054,scratch_coder_figure_revisions_log_pass2.md,S1.3,"[""6""]",S2T018,"analysis/outputs_validation_scratch_stage_b_20260825/tag_diagnostics.csv::CSV row 5, human_majority_positive_n; analysis/scratch_coder_results/results.md::S2T018.r7 estimate","[[""6"", ""6""]]",exact,PASS,hard-case COVID positive count,
R055,scratch_coder_figure_revisions_log_pass2.md,S1.4,"[""3"", ""4""]",S3T001/S3T007; S3T002/S3T008; S2T001/S2T007; S2T002/S2T008; same four dimension pairs,"minimum-component comparisons: analysis/outputs_validation_scratch_20260824/replacement_delta_results.csv::CSV row 2, point_estimate; analysis/scratch_coder_results/results.md::S3T001.r5 estimate; analysis/figure_data/scratch_coder_figure_1.csv::CSV row 6, source_value_string; analysis/figure_data/scratch_coder_figure_1_panel_agreement.csv::CSV row 6, source_value_string; analysis/figure_data/scratch_coder_figure_2.csv::CSV row 6, source_value_string; analysis/figure_data/scratch_coder_figure_2_sufficiency_sensitivity.csv::CSV row 6, source_value_string; analysis/figure_data/scratch_coder_figure_4_baseline_hard_case.csv::CSV row 6, source_value_string; analysis/figure_data/scratch_coder_figure_6.csv::CSV row 6, source_value_string; analysis/outputs_validation_scratch_20260824/replacement_delta_results.csv::CSV row 3, point_estimate; analysis/scratch_coder_results/results.md::S3T001.r6 estimate; analysis/figure_data/scratch_coder_figure_1.csv::CSV row 7, source_value_string; analysis/figure_data/scratch_coder_figure_1_panel_agreement.csv::CSV row 7, source_value_string; analysis/figure_data/scratch_coder_figure_2.csv::CSV row 7, source_value_string; analysis/figure_data/scratch_coder_figure_2_sufficiency_sensitivity.csv::CSV row 7, source_value_string; analysis/figure_data/scratch_coder_figure_4_baseline_hard_case.csv::CSV row 7, source_value_string; analysis/figure_data/scratch_coder_figure_6.csv::CSV row 7, source_value_string; analysis/outputs_validation_scratch_20260824/replacement_delta_results.csv::CSV row 4, point_estimate; analysis/scratch_coder_results/results.md::S3T001.r7 estimate; analysis/figure_data/scratch_coder_figure_1.csv::CSV row 8, source_value_string; analysis/figure_data/scratch_coder_figure_1_panel_agreement.csv::CSV row 8, source_value_string; analysis/figure_data/scratch_coder_figure_2.csv::CSV row 8, source_value_string; analysis/figure_data/scratch_coder_figure_2_sufficiency_sensitivity.csv::CSV row 8, source_value_string; analysis/figure_data/scratch_coder_figure_4_baseline_hard_case.csv::CSV row 8, source_value_string; analysis/figure_data/scratch_coder_figure_6.csv::CSV row 8, source_value_string; analysis/outputs_validation_scratch_20260824/replacement_delta_results.csv::CSV row 50, point_estimate; analysis/scratch_coder_results/results.md::S3T007.r5 estimate; analysis/figure_data/scratch_coder_figure_4_baseline_hard_case.csv::CSV row 38, source_value_string; analysis/figure_data/scratch_coder_figure_6.csv::CSV row 38, source_value_string; analysis/outputs_validation_scratch_20260824/replacement_delta_results.csv::CSV row 51, point_estimate; analysis/scratch_coder_results/results.md::S3T007.r6 estimate; analysis/figure_data/scratch_coder_figure_4_baseline_hard_case.csv::CSV row 39, source_value_string; analysis/figure_data/scratch_coder_figure_6.csv::CSV row 39, source_value_string; analysis/outputs_validation_scratch_20260824/replacement_delta_results.csv::CSV row 52, point_estimate; analysis/scratch_coder_results/results.md::S3T007.r7 estimate; analysis/figure_data/scratch_coder_figure_4_baseline_hard_case.csv::CSV row 40, source_value_string; analysis/figure_data/scratch_coder_figure_6.csv::CSV row 40, source_value_string; analysis/outputs_validation_scratch_20260824/replacement_delta_results.csv::CSV row 6, point_estimate; analysis/scratch_coder_results/results.md::S3T002.r5 estimate; analysis/figure_data/scratch_coder_figure_1.csv::CSV row 14, source_value_string; analysis/figure_data/scratch_coder_figure_1_panel_agreement.csv::CSV row 14, source_value_string; analysis/figure_data/scratch_coder_figure_2.csv::CSV row 14, source_value_string; analysis/figure_data/scratch_coder_figure_2_sufficiency_sensitivity.csv::CSV row 14, source_value_string; analysis/figure_data/scratch_coder_figure_4_baseline_hard_case.csv::CSV row 14, source_value_string; analysis/figure_data/scratch_coder_figure_6.csv::CSV row 14, source_value_string; analysis/outputs_validation_scratch_20260824/replacement_delta_results.csv::CSV row 7, point_estimate; analysis/scratch_coder_results/results.md::S3T002.r6 estimate; analysis/figure_data/scratch_coder_figure_1.csv::CSV row 15, source_value_string; analysis/figure_data/scratch_coder_figure_1_panel_agreement.csv::CSV row 15, source_value_string; analysis/figure_data/scratch_coder_figure_2.csv::CSV row 15, source_value_string; analysis/figure_data/scratch_coder_figure_2_sufficiency_sensitivity.csv::CSV row 15, source_value_string; analysis/figure_data/scratch_coder_figure_4_baseline_hard_case.csv::CSV row 15, source_value_string; analysis/figure_data/scratch_coder_figure_6.csv::CSV row 15, source_value_string; analysis/outputs_validation_scratch_20260824/replacement_delta_results.csv::CSV row 8, point_estimate; analysis/scratch_coder_results/results.md::S3T002.r7 estimate; analysis/figure_data/scratch_coder_figure_1.csv::CSV row 16, source_value_string; analysis/figure_data/scratch_coder_figure_1_panel_agreement.csv::CSV row 16, source_value_string; analysis/figure_data/scratch_coder_figure_2.csv::CSV row 16, source_value_string; analysis/figure_data/scratch_coder_figure_2_sufficiency_sensitivity.csv::CSV row 16, source_value_string; analysis/figure_data/scratch_coder_figure_4_baseline_hard_case.csv::CSV row 16, source_value_string; analysis/figure_data/scratch_coder_figure_6.csv::CSV row 16, source_value_string; analysis/outputs_validation_scratch_20260824/replacement_delta_results.csv::CSV row 54, point_estimate; analysis/scratch_coder_results/results.md::S3T008.r5 estimate; analysis/figure_data/scratch_coder_figure_4_baseline_hard_case.csv::CSV row 46, source_value_string; analysis/figure_data/scratch_coder_figure_6.csv::CSV row 46, source_value_string; analysis/outputs_validation_scratch_20260824/replacement_delta_results.csv::CSV row 55, point_estimate; analysis/scratch_coder_results/results.md::S3T008.r6 estimate; analysis/figure_data/scratch_coder_figure_4_baseline_hard_case.csv::CSV row 47, source_value_string; analysis/figure_data/scratch_coder_figure_6.csv::CSV row 47, source_value_string; analysis/outputs_validation_scratch_20260824/replacement_delta_results.csv::CSV row 56, point_estimate; analysis/scratch_coder_results/results.md::S3T008.r7 estimate; analysis/figure_data/scratch_coder_figure_4_baseline_hard_case.csv::CSV row 48, source_value_string; analysis/figure_data/scratch_coder_figure_6.csv::CSV row 48, source_value_string; analysis/outputs_validation_scratch_20260824/replacement_delta_results.csv::CSV row 10, point_estimate; analysis/scratch_coder_results/results.md::S2T001.r5 estimate; analysis/figure_data/scratch_coder_figure_1.csv::CSV row 30, source_value_string; analysis/figure_data/scratch_coder_figure_1_panel_agreement.csv::CSV row 30, source_value_string; analysis/figure_data/scratch_coder_figure_4_baseline_hard_case.csv::CSV row 30, source_value_string; analysis/figure_data/scratch_coder_figure_6.csv::CSV row 30, source_value_string; analysis/outputs_validation_scratch_20260824/replacement_delta_results.csv::CSV row 11, point_estimate; analysis/scratch_coder_results/results.md::S2T001.r6 estimate; analysis/figure_data/scratch_coder_figure_1.csv::CSV row 31, source_value_string; analysis/figure_data/scratch_coder_figure_1_panel_agreement.csv::CSV row 31, source_value_string; analysis/figure_data/scratch_coder_figure_4_baseline_hard_case.csv::CSV row 31, source_value_string; analysis/figure_data/scratch_coder_figure_6.csv::CSV row 31, source_value_string; analysis/outputs_validation_scratch_20260824/replacement_delta_results.csv::CSV row 12, point_estimate; analysis/scratch_coder_results/results.md::S2T001.r7 estimate; analysis/figure_data/scratch_coder_figure_1.csv::CSV row 32, source_value_string; analysis/figure_data/scratch_coder_figure_1_panel_agreement.csv::CSV row 32, source_value_string; analysis/figure_data/scratch_coder_figure_4_baseline_hard_case.csv::CSV row 32, source_value_string; analysis/figure_data/scratch_coder_figure_6.csv::CSV row 32, source_value_string; analysis/outputs_validation_scratch_20260824/replacement_delta_results.csv::CSV row 58, point_estimate; analysis/scratch_coder_results/results.md::S2T007.r5 estimate; analysis/figure_data/scratch_coder_figure_4_baseline_hard_case.csv::CSV row 62, source_value_string; analysis/figure_data/scratch_coder_figure_6.csv::CSV row 62, source_value_string; analysis/outputs_validation_scratch_20260824/replacement_delta_results.csv::CSV row 59, point_estimate; analysis/scratch_coder_results/results.md::S2T007.r6 estimate; analysis/figure_data/scratch_coder_figure_4_baseline_hard_case.csv::CSV row 63, source_value_string; analysis/figure_data/scratch_coder_figure_6.csv::CSV row 63, source_value_string; analysis/outputs_validation_scratch_20260824/replacement_delta_results.csv::CSV row 60, point_estimate; analysis/scratch_coder_results/results.md::S2T007.r7 estimate; analysis/figure_data/scratch_coder_figure_4_baseline_hard_case.csv::CSV row 64, source_value_string; analysis/figure_data/scratch_coder_figure_6.csv::CSV row 64, source_value_string; analysis/outputs_validation_scratch_20260824/replacement_delta_results.csv::CSV row 14, point_estimate; analysis/scratch_coder_results/results.md::S2T002.r5 estimate; analysis/figure_data/scratch_coder_figure_1.csv::CSV row 22, source_value_string; analysis/figure_data/scratch_coder_figure_1_panel_agreement.csv::CSV row 22, source_value_string; analysis/figure_data/scratch_coder_figure_4_baseline_hard_case.csv::CSV row 22, source_value_string; analysis/figure_data/scratch_coder_figure_6.csv::CSV row 22, source_value_string; analysis/outputs_validation_scratch_20260824/replacement_delta_results.csv::CSV row 15, point_estimate; analysis/scratch_coder_results/results.md::S2T002.r6 estimate; analysis/figure_data/scratch_coder_figure_1.csv::CSV row 23, source_value_string; analysis/figure_data/scratch_coder_figure_1_panel_agreement.csv::CSV row 23, source_value_string; analysis/figure_data/scratch_coder_figure_4_baseline_hard_case.csv::CSV row 23, source_value_string; analysis/figure_data/scratch_coder_figure_6.csv::CSV row 23, source_value_string; analysis/outputs_validation_scratch_20260824/replacement_delta_results.csv::CSV row 16, point_estimate; analysis/scratch_coder_results/results.md::S2T002.r7 estimate; analysis/figure_data/scratch_coder_figure_1.csv::CSV row 24, source_value_string; analysis/figure_data/scratch_coder_figure_1_panel_agreement.csv::CSV row 24, source_value_string; analysis/figure_data/scratch_coder_figure_4_baseline_hard_case.csv::CSV row 24, source_value_string; analysis/figure_data/scratch_coder_figure_6.csv::CSV row 24, source_value_string; analysis/outputs_validation_scratch_20260824/replacement_delta_results.csv::CSV row 62, point_estimate; analysis/scratch_coder_results/results.md::S2T008.r5 estimate; analysis/figure_data/scratch_coder_figure_4_baseline_hard_case.csv::CSV row 54, source_value_string; analysis/figure_data/scratch_coder_figure_6.csv::CSV row 54, source_value_string; analysis/outputs_validation_scratch_20260824/replacement_delta_results.csv::CSV row 63, point_estimate; analysis/scratch_coder_results/results.md::S2T008.r6 estimate; analysis/figure_data/scratch_coder_figure_4_baseline_hard_case.csv::CSV row 55, source_value_string; analysis/figure_data/scratch_coder_figure_6.csv::CSV row 55, source_value_string; analysis/outputs_validation_scratch_20260824/replacement_delta_results.csv::CSV row 64, point_estimate; analysis/scratch_coder_results/results.md::S2T008.r7 estimate; analysis/figure_data/scratch_coder_figure_4_baseline_hard_case.csv::CSV row 56, source_value_string; analysis/figure_data/scratch_coder_figure_6.csv::CSV row 56, source_value_string; dimension-pair count","[[""3""], [""4""]]",exact,PASS,dimensions whose minimum component changes baseline to hard-case,
R056,scratch_coder_figure_revisions_log_pass2.md,S1.5,"[""-0.11455822957777184"", ""-0.33012555322232656"", ""0.0""]",S2T007,"analysis/outputs_validation_scratch_20260824/replacement_delta_results.csv::CSV row 61, point_estimate; analysis/scratch_coder_results/results.md::S2T007.r8 estimate; analysis/figure_data/scratch_coder_figure_4_baseline_hard_case.csv::CSV row 65, source_value_string; analysis/figure_data/scratch_coder_figure_6.csv::CSV row 65, source_value_string; analysis/outputs_validation_scratch_20260824/replacement_delta_results.csv::CSV row 61, ci_lower; analysis/scratch_coder_results/results.md::S2T007.r8 interval_lower; analysis/figure_data/scratch_coder_figure_4_baseline_hard_case.csv::CSV row 65, interval_lower_string; analysis/figure_data/scratch_coder_figure_6.csv::CSV row 65, interval_lower_string; analysis/outputs_validation_scratch_20260824/replacement_delta_results.csv::CSV row 61, ci_upper; analysis/scratch_coder_results/results.md::S2T007.r8 interval_upper; analysis/figure_data/scratch_coder_figure_4_baseline_hard_case.csv::CSV row 65, interval_upper_string; analysis/figure_data/scratch_coder_figure_6.csv::CSV row 65, interval_upper_string","[[""-0.11455822957777184"", ""-0.11455822957777184"", ""-0.11455822957777184"", ""-0.11455822957777184""], [""-0.33012555322232656"", ""-0.33012555322232656"", ""-0.33012555322232656"", ""-0.33012555322232656""], [""0.0"", ""0.0"", ""0.0"", ""0.0""]]",exact,PASS,hard-case equity delta_min,
R057,scratch_coder_figure_revisions_log_pass2.md,S1.6,"[""0.8099547511312217"", ""0.8099547511312217""]",S2T008,"analysis/outputs_validation_scratch_20260824/replacement_panel_results.csv::CSV row 62, point_estimate; analysis/scratch_coder_results/results.md::S2T008.r1 estimate; analysis/figure_data/scratch_coder_figure_4_baseline_hard_case.csv::CSV row 50, source_value_string; analysis/figure_data/scratch_coder_figure_6.csv::CSV row 50, source_value_string; analysis/outputs_validation_scratch_20260824/replacement_panel_results.csv::CSV row 65, point_estimate; analysis/scratch_coder_results/results.md::S2T008.r4 estimate; analysis/figure_data/scratch_coder_figure_4_baseline_hard_case.csv::CSV row 53, source_value_string; analysis/figure_data/scratch_coder_figure_6.csv::CSV row 53, source_value_string","[[""0.8099547511312217"", ""0.8099547511312217"", ""0.8099547511312217"", ""0.8099547511312217""], [""0.8099547511312217"", ""0.8099547511312217"", ""0.8099547511312217"", ""0.8099547511312217""]]",exact,PASS,hard-case COVID alpha ABC and ABL,
R058,scratch_coder_figure_revisions_log_pass2.md,S1.6,"[""0"", ""0"", ""0""]",S2T008,"analysis/outputs_validation_scratch_20260824/replacement_delta_results.csv::CSV row 64, point_estimate; analysis/scratch_coder_results/results.md::S2T008.r7 estimate; analysis/figure_data/scratch_coder_figure_4_baseline_hard_case.csv::CSV row 56, source_value_string; analysis/figure_data/scratch_coder_figure_6.csv::CSV row 56, source_value_string; analysis/outputs_validation_scratch_20260824/replacement_delta_results.csv::CSV row 64, ci_lower; analysis/scratch_coder_results/results.md::S2T008.r7 interval_lower; analysis/figure_data/scratch_coder_figure_4_baseline_hard_case.csv::CSV row 56, interval_lower_string; analysis/figure_data/scratch_coder_figure_6.csv::CSV row 56, interval_lower_string; analysis/outputs_validation_scratch_20260824/replacement_delta_results.csv::CSV row 64, ci_upper; analysis/scratch_coder_results/results.md::S2T008.r7 interval_upper; analysis/figure_data/scratch_coder_figure_4_baseline_hard_case.csv::CSV row 56, interval_upper_string; analysis/figure_data/scratch_coder_figure_6.csv::CSV row 56, interval_upper_string","[[""0.0"", ""0.0"", ""0.0"", ""0.0""], [""0.0"", ""0.0"", ""0.0"", ""0.0""], [""0.0"", ""0.0"", ""0.0"", ""0.0""]]",exact,PASS,hard-case COVID delta_C,
R059,scratch_coder_figure_revisions_log_pass2.md,S1.6,"[""0"", ""0"", ""0""]",S2T008,"analysis/outputs_validation_scratch_20260824/replacement_delta_results.csv::CSV row 65, point_estimate; analysis/scratch_coder_results/results.md::S2T008.r8 estimate; analysis/figure_data/scratch_coder_figure_4_baseline_hard_case.csv::CSV row 57, source_value_string; analysis/figure_data/scratch_coder_figure_6.csv::CSV row 57, source_value_string; analysis/outputs_validation_scratch_20260824/replacement_delta_results.csv::CSV row 65, ci_lower; analysis/scratch_coder_results/results.md::S2T008.r8 interval_lower; analysis/figure_data/scratch_coder_figure_4_baseline_hard_case.csv::CSV row 57, interval_lower_string; analysis/figure_data/scratch_coder_figure_6.csv::CSV row 57, interval_lower_string; analysis/outputs_validation_scratch_20260824/replacement_delta_results.csv::CSV row 65, ci_upper; analysis/scratch_coder_results/results.md::S2T008.r8 interval_upper; analysis/figure_data/scratch_coder_figure_4_baseline_hard_case.csv::CSV row 57, interval_upper_string; analysis/figure_data/scratch_coder_figure_6.csv::CSV row 57, interval_upper_string","[[""0.0"", ""0.0"", ""0.0"", ""0.0""], [""0.0"", ""0.0"", ""0.0"", ""0.0""], [""0.0"", ""0.0"", ""0.0"", ""0.0""]]",exact,PASS,hard-case COVID delta_min,
R060,scratch_coder_figure_revisions_log_pass2.md,S1.6,"[""6"", ""6""]",S2T018,"analysis/outputs_validation_scratch_stage_b_20260825/tag_diagnostics.csv::CSV row 5, model_positive_n; analysis/scratch_coder_results/results.md::S2T018.r9 estimate; analysis/outputs_validation_scratch_stage_b_20260825/tag_diagnostics.csv::CSV row 5, human_majority_positive_n; analysis/scratch_coder_results/results.md::S2T018.r7 estimate","[[""6"", ""6""], [""6"", ""6""]]",exact,PASS,hard-case COVID model and majority counts,
R061,scratch_coder_figure_revisions_log_pass2.md,S1.8,"[""0.526""]",S3T001,"analysis/outputs_validation_scratch_20260824/replacement_panel_results.csv::CSV row 2, point_estimate; analysis/scratch_coder_results/results.md::S3T001.r1 estimate; analysis/figure_data/scratch_coder_figure_1.csv::CSV row 2, source_value_string; analysis/figure_data/scratch_coder_figure_1_panel_agreement.csv::CSV row 2, source_value_string; analysis/figure_data/scratch_coder_figure_2.csv::CSV row 2, source_value_string; analysis/figure_data/scratch_coder_figure_2_sufficiency_sensitivity.csv::CSV row 2, source_value_string; analysis/figure_data/scratch_coder_figure_4_baseline_hard_case.csv::CSV row 2, source_value_string; analysis/figure_data/scratch_coder_figure_6.csv::CSV row 2, source_value_string","[[""0.5263372741925532"", ""0.5263372741925532"", ""0.5263372741925532"", ""0.5263372741925532"", ""0.5263372741925532"", ""0.5263372741925532"", ""0.5263372741925532"", ""0.5263372741925532""]]",rounded,PASS,domains baseline alpha ABC,
R062,scratch_coder_figure_revisions_log_pass2.md,S1.8,"[""0.462""]",S3T007,"analysis/outputs_validation_scratch_20260824/replacement_panel_results.csv::CSV row 50, point_estimate; analysis/scratch_coder_results/results.md::S3T007.r1 estimate; analysis/figure_data/scratch_coder_figure_4_baseline_hard_case.csv::CSV row 34, source_value_string; analysis/figure_data/scratch_coder_figure_6.csv::CSV row 34, source_value_string","[[""0.46228781652079254"", ""0.46228781652079254"", ""0.46228781652079254"", ""0.46228781652079254""]]",rounded,PASS,domains hard-case alpha ABC,
R063,scratch_coder_figure_revisions_log_pass2.md,S1.8,"[""0.292""]",S3T002,"analysis/outputs_validation_scratch_20260824/replacement_panel_results.csv::CSV row 6, point_estimate; analysis/scratch_coder_results/results.md::S3T002.r1 estimate; analysis/figure_data/scratch_coder_figure_1.csv::CSV row 10, source_value_string; analysis/figure_data/scratch_coder_figure_1_panel_agreement.csv::CSV row 10, source_value_string; analysis/figure_data/scratch_coder_figure_2.csv::CSV row 10, source_value_string; analysis/figure_data/scratch_coder_figure_2_sufficiency_sensitivity.csv::CSV row 10, source_value_string; analysis/figure_data/scratch_coder_figure_4_baseline_hard_case.csv::CSV row 10, source_value_string; analysis/figure_data/scratch_coder_figure_6.csv::CSV row 10, source_value_string","[[""0.2921101465494055"", ""0.2921101465494055"", ""0.2921101465494055"", ""0.2921101465494055"", ""0.2921101465494055"", ""0.2921101465494055"", ""0.2921101465494055"", ""0.2921101465494055""]]",rounded,PASS,purposes baseline alpha ABC,
R064,scratch_coder_figure_revisions_log_pass2.md,S1.8,"[""0.292""]",S3T008,"analysis/outputs_validation_scratch_20260824/replacement_panel_results.csv::CSV row 54, point_estimate; analysis/scratch_coder_results/results.md::S3T008.r1 estimate; analysis/figure_data/scratch_coder_figure_4_baseline_hard_case.csv::CSV row 42, source_value_string; analysis/figure_data/scratch_coder_figure_6.csv::CSV row 42, source_value_string","[[""0.29174237392340174"", ""0.29174237392340174"", ""0.29174237392340174"", ""0.29174237392340174""]]",rounded,PASS,purposes hard-case alpha ABC,
R065,scratch_coder_figure_revisions_log_pass2.md,S1.8,"[""0.512""]",S2T001,"analysis/outputs_validation_scratch_20260824/replacement_panel_results.csv::CSV row 10, point_estimate; analysis/scratch_coder_results/results.md::S2T001.r1 estimate; analysis/figure_data/scratch_coder_figure_1.csv::CSV row 26, source_value_string; analysis/figure_data/scratch_coder_figure_1_panel_agreement.csv::CSV row 26, source_value_string; analysis/figure_data/scratch_coder_figure_4_baseline_hard_case.csv::CSV row 26, source_value_string; analysis/figure_data/scratch_coder_figure_6.csv::CSV row 26, source_value_string","[[""0.5124552887072049"", ""0.5124552887072049"", ""0.5124552887072049"", ""0.5124552887072049"", ""0.5124552887072049"", ""0.5124552887072049""]]",rounded,PASS,equity baseline alpha ABC,
R066,scratch_coder_figure_revisions_log_pass2.md,S1.8,"[""0.654""]",S2T007,"analysis/outputs_validation_scratch_20260824/replacement_panel_results.csv::CSV row 58, point_estimate; analysis/scratch_coder_results/results.md::S2T007.r1 estimate; analysis/figure_data/scratch_coder_figure_4_baseline_hard_case.csv::CSV row 58, source_value_string; analysis/figure_data/scratch_coder_figure_6.csv::CSV row 58, source_value_string","[[""0.653652879783533"", ""0.653652879783533"", ""0.653652879783533"", ""0.653652879783533""]]",rounded,PASS,equity hard-case alpha ABC,
R067,scratch_coder_figure_revisions_log_pass2.md,S1.8,"[""-0.027"", ""-0.096"", ""0.010""]",S3T007,"analysis/outputs_validation_scratch_20260824/replacement_delta_results.csv::CSV row 53, point_estimate; analysis/scratch_coder_results/results.md::S3T007.r8 estimate; analysis/figure_data/scratch_coder_figure_4_baseline_hard_case.csv::CSV row 41, source_value_string; analysis/figure_data/scratch_coder_figure_6.csv::CSV row 41, source_value_string; analysis/outputs_validation_scratch_20260824/replacement_delta_results.csv::CSV row 53, ci_lower; analysis/scratch_coder_results/results.md::S3T007.r8 interval_lower; analysis/figure_data/scratch_coder_figure_4_baseline_hard_case.csv::CSV row 41, interval_lower_string; analysis/figure_data/scratch_coder_figure_6.csv::CSV row 41, interval_lower_string; analysis/outputs_validation_scratch_20260824/replacement_delta_results.csv::CSV row 53, ci_upper; analysis/scratch_coder_results/results.md::S3T007.r8 interval_upper; analysis/figure_data/scratch_coder_figure_4_baseline_hard_case.csv::CSV row 41, interval_upper_string; analysis/figure_data/scratch_coder_figure_6.csv::CSV row 41, interval_upper_string","[[""-0.027389643461722457"", ""-0.027389643461722457"", ""-0.027389643461722457"", ""-0.027389643461722457""], [""-0.09563393858782052"", ""-0.09563393858782052"", ""-0.09563393858782052"", ""-0.09563393858782052""], [""0.010487383888573898"", ""0.010487383888573898"", ""0.010487383888573898"", ""0.010487383888573898""]]",rounded,PASS,hard-case domains delta_min,
R068,scratch_coder_figure_revisions_log_pass2.md,S1.8,"[""-0.114"", ""-0.191"", ""-0.059""]",S3T008,"analysis/outputs_validation_scratch_20260824/replacement_delta_results.csv::CSV row 57, point_estimate; analysis/scratch_coder_results/results.md::S3T008.r8 estimate; analysis/figure_data/scratch_coder_figure_4_baseline_hard_case.csv::CSV row 49, source_value_string; analysis/figure_data/scratch_coder_figure_6.csv::CSV row 49, source_value_string; analysis/outputs_validation_scratch_20260824/replacement_delta_results.csv::CSV row 57, ci_lower; analysis/scratch_coder_results/results.md::S3T008.r8 interval_lower; analysis/figure_data/scratch_coder_figure_4_baseline_hard_case.csv::CSV row 49, interval_lower_string; analysis/figure_data/scratch_coder_figure_6.csv::CSV row 49, interval_lower_string; analysis/outputs_validation_scratch_20260824/replacement_delta_results.csv::CSV row 57, ci_upper; analysis/scratch_coder_results/results.md::S3T008.r8 interval_upper; analysis/figure_data/scratch_coder_figure_4_baseline_hard_case.csv::CSV row 49, interval_upper_string; analysis/figure_data/scratch_coder_figure_6.csv::CSV row 49, interval_upper_string","[[""-0.11382280128651179"", ""-0.11382280128651179"", ""-0.11382280128651179"", ""-0.11382280128651179""], [""-0.19061601182254387"", ""-0.19061601182254387"", ""-0.19061601182254387"", ""-0.19061601182254387""], [""-0.05948533232203007"", ""-0.05948533232203007"", ""-0.05948533232203007"", ""-0.05948533232203007""]]",rounded,PASS,hard-case purposes delta_min,
R069,scratch_coder_figure_revisions_log_pass2.md,S1.8,"[""-0.115"", ""-0.330"", ""0.000""]",S2T007,"analysis/outputs_validation_scratch_20260824/replacement_delta_results.csv::CSV row 61, point_estimate; analysis/scratch_coder_results/results.md::S2T007.r8 estimate; analysis/figure_data/scratch_coder_figure_4_baseline_hard_case.csv::CSV row 65, source_value_string; analysis/figure_data/scratch_coder_figure_6.csv::CSV row 65, source_value_string; analysis/outputs_validation_scratch_20260824/replacement_delta_results.csv::CSV row 61, ci_lower; analysis/scratch_coder_results/results.md::S2T007.r8 interval_lower; analysis/figure_data/scratch_coder_figure_4_baseline_hard_case.csv::CSV row 65, interval_lower_string; analysis/figure_data/scratch_coder_figure_6.csv::CSV row 65, interval_lower_string; analysis/outputs_validation_scratch_20260824/replacement_delta_results.csv::CSV row 61, ci_upper; analysis/scratch_coder_results/results.md::S2T007.r8 interval_upper; analysis/figure_data/scratch_coder_figure_4_baseline_hard_case.csv::CSV row 65, interval_upper_string; analysis/figure_data/scratch_coder_figure_6.csv::CSV row 65, interval_upper_string","[[""-0.11455822957777184"", ""-0.11455822957777184"", ""-0.11455822957777184"", ""-0.11455822957777184""], [""-0.33012555322232656"", ""-0.33012555322232656"", ""-0.33012555322232656"", ""-0.33012555322232656""], [""0.0"", ""0.0"", ""0.0"", ""0.0""]]",rounded,PASS,hard-case equity delta_min,
R070,scratch_coder_figure_revisions_log_pass2.md,S1.8,"[""-0.109"", ""-0.183"", ""-0.034""]",S3T008,"analysis/outputs_validation_scratch_20260824/replacement_delta_results.csv::CSV row 54, point_estimate; analysis/scratch_coder_results/results.md::S3T008.r5 estimate; analysis/figure_data/scratch_coder_figure_4_baseline_hard_case.csv::CSV row 46, source_value_string; analysis/figure_data/scratch_coder_figure_6.csv::CSV row 46, source_value_string; analysis/outputs_validation_scratch_20260824/replacement_delta_results.csv::CSV row 54, ci_lower; analysis/scratch_coder_results/results.md::S3T008.r5 interval_lower; analysis/figure_data/scratch_coder_figure_4_baseline_hard_case.csv::CSV row 46, interval_lower_string; analysis/figure_data/scratch_coder_figure_6.csv::CSV row 46, interval_lower_string; analysis/outputs_validation_scratch_20260824/replacement_delta_results.csv::CSV row 54, ci_upper; analysis/scratch_coder_results/results.md::S3T008.r5 interval_upper; analysis/figure_data/scratch_coder_figure_4_baseline_hard_case.csv::CSV row 46, interval_upper_string; analysis/figure_data/scratch_coder_figure_6.csv::CSV row 46, interval_upper_string","[[""-0.10914312131233139"", ""-0.10914312131233139"", ""-0.10914312131233139"", ""-0.10914312131233139""], [""-0.1825290234577135"", ""-0.1825290234577135"", ""-0.1825290234577135"", ""-0.1825290234577135""], [""-0.0341923574470923"", ""-0.0341923574470923"", ""-0.0341923574470923"", ""-0.0341923574470923""]]",rounded,PASS,hard-case purposes delta_A,
R071,scratch_coder_figure_revisions_log_pass2.md,S1.8,"[""-0.114"", ""-0.182"", ""-0.046""]",S3T008,"analysis/outputs_validation_scratch_20260824/replacement_delta_results.csv::CSV row 55, point_estimate; analysis/scratch_coder_results/results.md::S3T008.r6 estimate; analysis/figure_data/scratch_coder_figure_4_baseline_hard_case.csv::CSV row 47, source_value_string; analysis/figure_data/scratch_coder_figure_6.csv::CSV row 47, source_value_string; analysis/outputs_validation_scratch_20260824/replacement_delta_results.csv::CSV row 55, ci_lower; analysis/scratch_coder_results/results.md::S3T008.r6 interval_lower; analysis/figure_data/scratch_coder_figure_4_baseline_hard_case.csv::CSV row 47, interval_lower_string; analysis/figure_data/scratch_coder_figure_6.csv::CSV row 47, interval_lower_string; analysis/outputs_validation_scratch_20260824/replacement_delta_results.csv::CSV row 55, ci_upper; analysis/scratch_coder_results/results.md::S3T008.r6 interval_upper; analysis/figure_data/scratch_coder_figure_4_baseline_hard_case.csv::CSV row 47, interval_upper_string; analysis/figure_data/scratch_coder_figure_6.csv::CSV row 47, interval_upper_string","[[""-0.11382280128651179"", ""-0.11382280128651179"", ""-0.11382280128651179"", ""-0.11382280128651179""], [""-0.18151261576022823"", ""-0.18151261576022823"", ""-0.18151261576022823"", ""-0.18151261576022823""], [""-0.046104920386667046"", ""-0.046104920386667046"", ""-0.046104920386667046"", ""-0.046104920386667046""]]",rounded,PASS,hard-case purposes delta_B,
R072,scratch_coder_figure_revisions_log_pass2.md,T.3,"[""150""]",majority_coverage.csv,"analysis/outputs_majority_coverage_20260914T170315Z/majority_coverage.csv::CSV row 18, denominator","[[""150""]]",exact,PASS,baseline purposes denominator,
R073,scratch_coder_figure_revisions_log_pass2.md,T.3,"[""24"", ""16""]",majority_coverage.csv,"analysis/outputs_majority_coverage_20260914T170315Z/majority_coverage.csv::CSV row 18, count; analysis/outputs_majority_coverage_20260914T170315Z/majority_coverage.csv::CSV row 18, count / denominator","[[""24""], [""24"", ""150""]]",exact count; proportion-to-percentage scaling; half-up whole percent,PASS,baseline purposes S1c cell 1,
R074,scratch_coder_figure_revisions_log_pass2.md,T.3,"[""26"", ""17""]",majority_coverage.csv,"analysis/outputs_majority_coverage_20260914T170315Z/majority_coverage.csv::CSV row 26, count; analysis/outputs_majority_coverage_20260914T170315Z/majority_coverage.csv::CSV row 26, count / denominator","[[""26""], [""26"", ""150""]]",exact count; proportion-to-percentage scaling; half-up whole percent,PASS,baseline purposes S1c cell 2,
R075,scratch_coder_figure_revisions_log_pass2.md,T.3,"[""97"", ""65""]",majority_coverage.csv,"analysis/outputs_majority_coverage_20260914T170315Z/majority_coverage.csv::CSV row 19, count minus analysis/outputs_majority_coverage_20260914T170315Z/majority_coverage.csv::CSV row 26, count; analysis/outputs_majority_coverage_20260914T170315Z/majority_coverage.csv::CSV row 19, count minus analysis/outputs_majority_coverage_20260914T170315Z/majority_coverage.csv::CSV row 26, count / denominator","[[""123"", ""26""], [""97"", ""150""]]",exact count; proportion-to-percentage scaling; half-up whole percent,PASS,baseline purposes S1c cell 3,
R076,scratch_coder_figure_revisions_log_pass2.md,T.3,"[""3"", ""2""]",majority_coverage.csv,"analysis/outputs_majority_coverage_20260914T170315Z/majority_coverage.csv::CSV row 20, count; analysis/outputs_majority_coverage_20260914T170315Z/majority_coverage.csv::CSV row 20, count / denominator","[[""3""], [""3"", ""150""]]",exact count; proportion-to-percentage scaling; half-up whole percent,PASS,baseline purposes S1c cell 4,
R077,scratch_coder_figure_revisions_log_pass2.md,T.3,"[""0"", ""0""]",majority_coverage.csv,"analysis/outputs_majority_coverage_20260914T170315Z/majority_coverage.csv::CSV row 21, count; analysis/outputs_majority_coverage_20260914T170315Z/majority_coverage.csv::CSV row 21, count / denominator","[[""0""], [""0"", ""150""]]",exact count; proportion-to-percentage scaling; half-up whole percent,PASS,baseline purposes S1c cell 5,
R078,scratch_coder_figure_revisions_log_pass2.md,T.3,"[""150""]",majority_coverage.csv,"analysis/outputs_majority_coverage_20260914T170315Z/majority_coverage.csv::CSV row 5, denominator","[[""150""]]",exact,PASS,baseline domains denominator,
R079,scratch_coder_figure_revisions_log_pass2.md,T.3,"[""5"", ""3""]",majority_coverage.csv,"analysis/outputs_majority_coverage_20260914T170315Z/majority_coverage.csv::CSV row 5, count; analysis/outputs_majority_coverage_20260914T170315Z/majority_coverage.csv::CSV row 5, count / denominator","[[""5""], [""5"", ""150""]]",exact count; proportion-to-percentage scaling; half-up whole percent,PASS,baseline domains S1c cell 1,
R080,scratch_coder_figure_revisions_log_pass2.md,T.3,"[""13"", ""9""]",majority_coverage.csv,"analysis/outputs_majority_coverage_20260914T170315Z/majority_coverage.csv::CSV row 13, count; analysis/outputs_majority_coverage_20260914T170315Z/majority_coverage.csv::CSV row 13, count / denominator","[[""13""], [""13"", ""150""]]",exact count; proportion-to-percentage scaling; half-up whole percent,PASS,baseline domains S1c cell 2,
R081,scratch_coder_figure_revisions_log_pass2.md,T.3,"[""107"", ""71""]",majority_coverage.csv,"analysis/outputs_majority_coverage_20260914T170315Z/majority_coverage.csv::CSV row 6, count minus analysis/outputs_majority_coverage_20260914T170315Z/majority_coverage.csv::CSV row 13, count; analysis/outputs_majority_coverage_20260914T170315Z/majority_coverage.csv::CSV row 6, count minus analysis/outputs_majority_coverage_20260914T170315Z/majority_coverage.csv::CSV row 13, count / denominator","[[""120"", ""13""], [""107"", ""150""]]",exact count; proportion-to-percentage scaling; half-up whole percent,PASS,baseline domains S1c cell 3,
R082,scratch_coder_figure_revisions_log_pass2.md,T.3,"[""22"", ""15""]",majority_coverage.csv,"analysis/outputs_majority_coverage_20260914T170315Z/majority_coverage.csv::CSV row 7, count; analysis/outputs_majority_coverage_20260914T170315Z/majority_coverage.csv::CSV row 7, count / denominator","[[""22""], [""22"", ""150""]]",exact count; proportion-to-percentage scaling; half-up whole percent,PASS,baseline domains S1c cell 4,
R083,scratch_coder_figure_revisions_log_pass2.md,T.3,"[""3"", ""2""]",majority_coverage.csv,"analysis/outputs_majority_coverage_20260914T170315Z/majority_coverage.csv::CSV row 8, count; analysis/outputs_majority_coverage_20260914T170315Z/majority_coverage.csv::CSV row 8, count / denominator","[[""3""], [""3"", ""150""]]",exact count; proportion-to-percentage scaling; half-up whole percent,PASS,baseline domains S1c cell 5,
R084,scratch_coder_figure_revisions_log_pass2.md,T.3,"[""75""]",majority_coverage.csv,"analysis/outputs_majority_coverage_20260914T170315Z/majority_coverage.csv::CSV row 45, denominator","[[""75""]]",exact,PASS,hard-case purposes denominator,
R085,scratch_coder_figure_revisions_log_pass2.md,T.3,"[""9"", ""12""]",majority_coverage.csv,"analysis/outputs_majority_coverage_20260914T170315Z/majority_coverage.csv::CSV row 45, count; analysis/outputs_majority_coverage_20260914T170315Z/majority_coverage.csv::CSV row 45, count / denominator","[[""9""], [""9"", ""75""]]",exact count; proportion-to-percentage scaling; half-up whole percent,PASS,hard-case purposes S1c cell 1,
R086,scratch_coder_figure_revisions_log_pass2.md,T.3,"[""20"", ""27""]",majority_coverage.csv,"analysis/outputs_majority_coverage_20260914T170315Z/majority_coverage.csv::CSV row 53, count; analysis/outputs_majority_coverage_20260914T170315Z/majority_coverage.csv::CSV row 53, count / denominator","[[""20""], [""20"", ""75""]]",exact count; proportion-to-percentage scaling; half-up whole percent,PASS,hard-case purposes S1c cell 2,
R087,scratch_coder_figure_revisions_log_pass2.md,T.3,"[""42"", ""56""]",majority_coverage.csv,"analysis/outputs_majority_coverage_20260914T170315Z/majority_coverage.csv::CSV row 46, count minus analysis/outputs_majority_coverage_20260914T170315Z/majority_coverage.csv::CSV row 53, count; analysis/outputs_majority_coverage_20260914T170315Z/majority_coverage.csv::CSV row 46, count minus analysis/outputs_majority_coverage_20260914T170315Z/majority_coverage.csv::CSV row 53, count / denominator","[[""62"", ""20""], [""42"", ""75""]]",exact count; proportion-to-percentage scaling; half-up whole percent,PASS,hard-case purposes S1c cell 3,
R088,scratch_coder_figure_revisions_log_pass2.md,T.3,"[""4"", ""5""]",majority_coverage.csv,"analysis/outputs_majority_coverage_20260914T170315Z/majority_coverage.csv::CSV row 47, count; analysis/outputs_majority_coverage_20260914T170315Z/majority_coverage.csv::CSV row 47, count / denominator","[[""4""], [""4"", ""75""]]",exact count; proportion-to-percentage scaling; half-up whole percent,PASS,hard-case purposes S1c cell 4,
R089,scratch_coder_figure_revisions_log_pass2.md,T.3,"[""0"", ""0""]",majority_coverage.csv,"analysis/outputs_majority_coverage_20260914T170315Z/majority_coverage.csv::CSV row 48, count; analysis/outputs_majority_coverage_20260914T170315Z/majority_coverage.csv::CSV row 48, count / denominator","[[""0""], [""0"", ""75""]]",exact count; proportion-to-percentage scaling; half-up whole percent,PASS,hard-case purposes S1c cell 5,
R090,scratch_coder_figure_revisions_log_pass2.md,T.3,"[""75""]",majority_coverage.csv,"analysis/outputs_majority_coverage_20260914T170315Z/majority_coverage.csv::CSV row 32, denominator","[[""75""]]",exact,PASS,hard-case domains denominator,
R091,scratch_coder_figure_revisions_log_pass2.md,T.3,"[""6"", ""8""]",majority_coverage.csv,"analysis/outputs_majority_coverage_20260914T170315Z/majority_coverage.csv::CSV row 32, count; analysis/outputs_majority_coverage_20260914T170315Z/majority_coverage.csv::CSV row 32, count / denominator","[[""6""], [""6"", ""75""]]",exact count; proportion-to-percentage scaling; half-up whole percent,PASS,hard-case domains S1c cell 1,
R092,scratch_coder_figure_revisions_log_pass2.md,T.3,"[""3"", ""4""]",majority_coverage.csv,"analysis/outputs_majority_coverage_20260914T170315Z/majority_coverage.csv::CSV row 40, count; analysis/outputs_majority_coverage_20260914T170315Z/majority_coverage.csv::CSV row 40, count / denominator","[[""3""], [""3"", ""75""]]",exact count; proportion-to-percentage scaling; half-up whole percent,PASS,hard-case domains S1c cell 2,
R093,scratch_coder_figure_revisions_log_pass2.md,T.3,"[""45"", ""60""]",majority_coverage.csv,"analysis/outputs_majority_coverage_20260914T170315Z/majority_coverage.csv::CSV row 33, count minus analysis/outputs_majority_coverage_20260914T170315Z/majority_coverage.csv::CSV row 40, count; analysis/outputs_majority_coverage_20260914T170315Z/majority_coverage.csv::CSV row 33, count minus analysis/outputs_majority_coverage_20260914T170315Z/majority_coverage.csv::CSV row 40, count / denominator","[[""48"", ""3""], [""45"", ""75""]]",exact count; proportion-to-percentage scaling; half-up whole percent,PASS,hard-case domains S1c cell 3,
R094,scratch_coder_figure_revisions_log_pass2.md,T.3,"[""18"", ""24""]",majority_coverage.csv,"analysis/outputs_majority_coverage_20260914T170315Z/majority_coverage.csv::CSV row 34, count; analysis/outputs_majority_coverage_20260914T170315Z/majority_coverage.csv::CSV row 34, count / denominator","[[""18""], [""18"", ""75""]]",exact count; proportion-to-percentage scaling; half-up whole percent,PASS,hard-case domains S1c cell 4,
R095,scratch_coder_figure_revisions_log_pass2.md,T.3,"[""3"", ""4""]",majority_coverage.csv,"analysis/outputs_majority_coverage_20260914T170315Z/majority_coverage.csv::CSV row 35, count; analysis/outputs_majority_coverage_20260914T170315Z/majority_coverage.csv::CSV row 35, count / denominator","[[""3""], [""3"", ""75""]]",exact count; proportion-to-percentage scaling; half-up whole percent,PASS,hard-case domains S1c cell 5,
R096,scratch_coder_figure_revisions_log_pass2.md,T.4,"[""0"", ""150""]",majority_coverage.csv,"analysis/outputs_majority_coverage_20260914T170315Z/majority_coverage.csv::CSV row 28, count; analysis/outputs_majority_coverage_20260914T170315Z/majority_coverage.csv::CSV row 28, count denominator","[[""0""], [""150""]]",exact,PASS,baseline purpose exceedance,
R097,scratch_coder_figure_revisions_log_pass2.md,T.4,"[""0"", ""75""]",majority_coverage.csv,"analysis/outputs_majority_coverage_20260914T170315Z/majority_coverage.csv::CSV row 55, count; analysis/outputs_majority_coverage_20260914T170315Z/majority_coverage.csv::CSV row 55, count denominator","[[""0""], [""75""]]",exact,PASS,hard-case purpose exceedance,
R098,scratch_coder_figure_revisions_log_pass2.md,T.5,"[""92""]",S8T005,"analysis/outputs_validation_scratch_20260824/sufficiency_subset_summary.csv::CSV row 3, count; analysis/scratch_coder_results/results.md::S8T005.r3 estimate","[[""92"", ""92""]]",exact,PASS,strict register sufficient count,
R099,scratch_coder_figure_revisions_log_pass2.md,T.5,"[""148""]",S8T005,"analysis/outputs_validation_scratch_20260824/sufficiency_subset_summary.csv::CSV row 2, count; analysis/scratch_coder_results/results.md::S8T005.r1 estimate","[[""148"", ""148""]]",exact,PASS,broad register usable count,
R100,scratch_coder_figure_revisions_log_pass2.md,T.5,"[""147""]",S8T003,Sufficient count plus Partially sufficient count,[[]],exact,PASS,Sufficient plus Partially sufficient majority total,
R101,scratch_coder_figure_revisions_log_pass2.md,T.5,"[""0"", ""0"", ""0"", ""0""]",majority_coverage.csv,"analysis/outputs_majority_coverage_20260914T170315Z/majority_coverage.csv::CSV row 27, count; analysis/outputs_majority_coverage_20260914T170315Z/majority_coverage.csv::CSV row 14, count; analysis/outputs_majority_coverage_20260914T170315Z/majority_coverage.csv::CSV row 54, count; analysis/outputs_majority_coverage_20260914T170315Z/majority_coverage.csv::CSV row 41, count","[[""0""], [""0""], [""0""], [""0""]]",exact,PASS,Unclear plus substantive majority-set zeros,
R102,scratch_coder_figure_revisions_log_pass2.md,T.5,"[""0"", ""0"", ""0"", ""0""]",majority_coverage.csv,"analysis/outputs_majority_coverage_20260914T170315Z/majority_coverage.csv::CSV row 22, count; analysis/outputs_majority_coverage_20260914T170315Z/majority_coverage.csv::CSV row 9, count; analysis/outputs_majority_coverage_20260914T170315Z/majority_coverage.csv::CSV row 49, count; analysis/outputs_majority_coverage_20260914T170315Z/majority_coverage.csv::CSV row 36, count","[[""0""], [""0""], [""0""], [""0""]]",exact,PASS,four-or-more majority-set zeros,
R103,scratch_coder_figure_revisions_log_pass2.md,T.5,"[""0"", ""150""]",majority_coverage.csv,"analysis/outputs_majority_coverage_20260914T170315Z/majority_coverage.csv::CSV row 28, count; denominator","[[""0""], [""150""]]",exact,PASS,baseline purpose majority-set exceedance,
R104,scratch_coder_figure_revisions_log_pass2.md,T.5,"[""0"", ""75""]",majority_coverage.csv,"analysis/outputs_majority_coverage_20260914T170315Z/majority_coverage.csv::CSV row 55, count; denominator","[[""0""], [""75""]]",exact,PASS,hard_case purpose majority-set exceedance,
R105,scratch_coder_figure_revisions_log_pass2.md,T.6,"[""107""]",S8T001,"analysis/outputs_validation_scratch_20260824/sufficiency_response_distribution.csv::CSV row 5, count; analysis/scratch_coder_results/results.md::S8T001.r7 estimate","[[""107"", ""107""]]",exact,PASS,C01 sufficiency Sufficient,
R106,scratch_coder_figure_revisions_log_pass2.md,T.6,"[""39""]",S8T001,"analysis/outputs_validation_scratch_20260824/sufficiency_response_distribution.csv::CSV row 6, count; analysis/scratch_coder_results/results.md::S8T001.r9 estimate","[[""39"", ""39""]]",exact,PASS,C01 sufficiency Partially sufficient,
R107,scratch_coder_figure_revisions_log_pass2.md,T.6,"[""4""]",S8T001,"analysis/outputs_validation_scratch_20260824/sufficiency_response_distribution.csv::CSV row 7, count; analysis/scratch_coder_results/results.md::S8T001.r11 estimate","[[""4"", ""4""]]",exact,PASS,C01 sufficiency Insufficient,
R108,scratch_coder_figure_revisions_log_pass2.md,T.6,"[""103""]",S9T001,"analysis/outputs_validation_scratch_20260824/taxonomy_fit_response_distribution.csv::CSV row 6, count; analysis/scratch_coder_results/results.md::S9T001.r9 estimate","[[""103"", ""103""]]",exact,PASS,C01 taxonomy fit Fit,
R109,scratch_coder_figure_revisions_log_pass2.md,T.6,"[""20""]",S9T001,"analysis/outputs_validation_scratch_20260824/taxonomy_fit_response_distribution.csv::CSV row 7, count; analysis/scratch_coder_results/results.md::S9T001.r11 estimate","[[""20"", ""20""]]",exact,PASS,C01 taxonomy fit Partial Fit,
R110,scratch_coder_figure_revisions_log_pass2.md,T.6,"[""3""]",S9T001,"analysis/outputs_validation_scratch_20260824/taxonomy_fit_response_distribution.csv::CSV row 8, count; analysis/scratch_coder_results/results.md::S9T001.r13 estimate","[[""3"", ""3""]]",exact,PASS,C01 taxonomy fit No Fit,
R111,scratch_coder_figure_revisions_log_pass2.md,T.6,"[""24""]",S9T001,"analysis/outputs_validation_scratch_20260824/taxonomy_fit_response_distribution.csv::CSV row 9, count; analysis/scratch_coder_results/results.md::S9T001.r15 estimate","[[""24"", ""24""]]",exact,PASS,C01 taxonomy fit Cannot assess from register entry,
R112,scratch_coder_figure_revisions_log_pass2.md,T.6,"[""96""]",S8T001,"analysis/outputs_validation_scratch_20260824/sufficiency_response_distribution.csv::CSV row 8, count; analysis/scratch_coder_results/results.md::S8T001.r13 estimate","[[""96"", ""96""]]",exact,PASS,C02 sufficiency Sufficient,
R113,scratch_coder_figure_revisions_log_pass2.md,T.6,"[""48""]",S8T001,"analysis/outputs_validation_scratch_20260824/sufficiency_response_distribution.csv::CSV row 9, count; analysis/scratch_coder_results/results.md::S8T001.r15 estimate","[[""48"", ""48""]]",exact,PASS,C02 sufficiency Partially sufficient,
R114,scratch_coder_figure_revisions_log_pass2.md,T.6,"[""6""]",S8T001,"analysis/outputs_validation_scratch_20260824/sufficiency_response_distribution.csv::CSV row 10, count; analysis/scratch_coder_results/results.md::S8T001.r17 estimate","[[""6"", ""6""]]",exact,PASS,C02 sufficiency Insufficient,
R115,scratch_coder_figure_revisions_log_pass2.md,T.6,"[""133""]",S9T001,"analysis/outputs_validation_scratch_20260824/taxonomy_fit_response_distribution.csv::CSV row 10, count; analysis/scratch_coder_results/results.md::S9T001.r17 estimate","[[""133"", ""133""]]",exact,PASS,C02 taxonomy fit Fit,
R116,scratch_coder_figure_revisions_log_pass2.md,T.6,"[""7""]",S9T001,"analysis/outputs_validation_scratch_20260824/taxonomy_fit_response_distribution.csv::CSV row 11, count; analysis/scratch_coder_results/results.md::S9T001.r19 estimate","[[""7"", ""7""]]",exact,PASS,C02 taxonomy fit Partial Fit,
R117,scratch_coder_figure_revisions_log_pass2.md,T.6,"[""1""]",S9T001,"analysis/outputs_validation_scratch_20260824/taxonomy_fit_response_distribution.csv::CSV row 12, count; analysis/scratch_coder_results/results.md::S9T001.r21 estimate","[[""1"", ""1""]]",exact,PASS,C02 taxonomy fit No Fit,
R118,scratch_coder_figure_revisions_log_pass2.md,T.6,"[""9""]",S9T001,"analysis/outputs_validation_scratch_20260824/taxonomy_fit_response_distribution.csv::CSV row 13, count; analysis/scratch_coder_results/results.md::S9T001.r23 estimate","[[""9"", ""9""]]",exact,PASS,C02 taxonomy fit Cannot assess from register entry,
R119,scratch_coder_figure_revisions_log_pass2.md,T.6,"[""59""]",S8T001,"analysis/outputs_validation_scratch_20260824/sufficiency_response_distribution.csv::CSV row 11, count; analysis/scratch_coder_results/results.md::S8T001.r19 estimate","[[""59"", ""59""]]",exact,PASS,C03 sufficiency Sufficient,
R120,scratch_coder_figure_revisions_log_pass2.md,T.6,"[""89""]",S8T001,"analysis/outputs_validation_scratch_20260824/sufficiency_response_distribution.csv::CSV row 12, count; analysis/scratch_coder_results/results.md::S8T001.r21 estimate","[[""89"", ""89""]]",exact,PASS,C03 sufficiency Partially sufficient,
R121,scratch_coder_figure_revisions_log_pass2.md,T.6,"[""2""]",S8T001,"analysis/outputs_validation_scratch_20260824/sufficiency_response_distribution.csv::CSV row 13, count; analysis/scratch_coder_results/results.md::S8T001.r23 estimate","[[""2"", ""2""]]",exact,PASS,C03 sufficiency Insufficient,
R122,scratch_coder_figure_revisions_log_pass2.md,T.6,"[""92""]",S9T001,"analysis/outputs_validation_scratch_20260824/taxonomy_fit_response_distribution.csv::CSV row 14, count; analysis/scratch_coder_results/results.md::S9T001.r25 estimate","[[""92"", ""92""]]",exact,PASS,C03 taxonomy fit Fit,
R123,scratch_coder_figure_revisions_log_pass2.md,T.6,"[""57""]",S9T001,"analysis/outputs_validation_scratch_20260824/taxonomy_fit_response_distribution.csv::CSV row 15, count; analysis/scratch_coder_results/results.md::S9T001.r27 estimate","[[""57"", ""57""]]",exact,PASS,C03 taxonomy fit Partial Fit,
R124,scratch_coder_figure_revisions_log_pass2.md,T.6,"[""0""]",S9T001,"analysis/outputs_validation_scratch_20260824/taxonomy_fit_response_distribution.csv::CSV row 16, count; analysis/scratch_coder_results/results.md::S9T001.r29 estimate","[[""0"", ""0""]]",exact,PASS,C03 taxonomy fit No Fit,
R125,scratch_coder_figure_revisions_log_pass2.md,T.6,"[""1""]",S9T001,"analysis/outputs_validation_scratch_20260824/taxonomy_fit_response_distribution.csv::CSV row 17, count; analysis/scratch_coder_results/results.md::S9T001.r31 estimate","[[""1"", ""1""]]",exact,PASS,C03 taxonomy fit Cannot assess from register entry,
R126,scratch_coder_figure_revisions_log_pass2.md,K.2,"[""9""]",S5T001,"analysis/outputs_validation_scratch_stage_b_20260825/label_support.csv::CSV row 10, baseline_human_majority_positive_n; analysis/scratch_coder_results/results.md::S5T001.r49 estimate; analysis/figure_data/scratch_coder_figure_3_label_application_patterns.csv::CSV row 10, source_value_string","[[""9"", ""9"", ""9""]]",exact,PASS,Migration & Demographics majority count,
R127,scratch_coder_figure_revisions_log_pass2.md,K.2,"[""4""]",S5T001,"analysis/outputs_validation_scratch_stage_b_20260825/label_support.csv::CSV row 3, baseline_human_majority_positive_n; analysis/scratch_coder_results/results.md::S5T001.r7 estimate; analysis/figure_data/scratch_coder_figure_3_label_application_patterns.csv::CSV row 3, source_value_string","[[""4"", ""4"", ""4""]]",exact,PASS,Crime & Justice majority count,
R128,scratch_coder_figure_revisions_log_pass2.md,K.2,"[""4""]",S5T001,"analysis/outputs_validation_scratch_stage_b_20260825/label_support.csv::CSV row 6, baseline_human_majority_positive_n; analysis/scratch_coder_results/results.md::S5T001.r25 estimate; analysis/figure_data/scratch_coder_figure_3_label_application_patterns.csv::CSV row 6, source_value_string","[[""4"", ""4"", ""4""]]",exact,PASS,Environment & Agriculture majority count,
R129,scratch_coder_figure_revisions_log_pass2.md,K.2,"[""2""]",S5T001,"analysis/outputs_validation_scratch_stage_b_20260825/label_support.csv::CSV row 12, baseline_human_majority_positive_n; analysis/scratch_coder_results/results.md::S5T001.r61 estimate; analysis/figure_data/scratch_coder_figure_3_label_application_patterns.csv::CSV row 12, source_value_string","[[""2"", ""2"", ""2""]]",exact,PASS,Public Finance & Taxation majority count,
R130,scratch_coder_figure_revisions_log_pass2.md,K.2,"[""0""]",S5T001,"analysis/outputs_validation_scratch_stage_b_20260825/label_support.csv::CSV row 4, baseline_human_majority_positive_n; analysis/scratch_coder_results/results.md::S5T001.r13 estimate; analysis/figure_data/scratch_coder_figure_3_label_application_patterns.csv::CSV row 4, source_value_string","[[""0"", ""0"", ""0""]]",exact,PASS,Data Infrastructure & Methodology majority count,
R131,scratch_coder_figure_revisions_log_pass2.md,K.2,"[""0""]",S5T001,"analysis/outputs_validation_scratch_stage_b_20260825/label_support.csv::CSV row 8, baseline_human_majority_positive_n; analysis/scratch_coder_results/results.md::S5T001.r37 estimate; analysis/figure_data/scratch_coder_figure_3_label_application_patterns.csv::CSV row 8, source_value_string","[[""0"", ""0"", ""0""]]",exact,PASS,Housing & Planning majority count,
R132,scratch_coder_figure_revisions_log_pass2.md,P.1,"[""9""]",S5T002,"analysis/outputs_validation_scratch_stage_b_20260825/label_support.csv::CSV row 15, baseline_human_majority_positive_n; analysis/scratch_coder_results/results.md::S5T002.r7 estimate; analysis/figure_data/scratch_coder_figure_3_label_application_patterns.csv::CSV row 15, source_value_string","[[""9"", ""9"", ""9""]]",exact,PASS,Life-Course / Trajectory Analysis majority count,
R133,scratch_coder_figure_revisions_log_pass2.md,P.1,"[""7""]",S5T002,"analysis/outputs_validation_scratch_stage_b_20260825/label_support.csv::CSV row 16, baseline_human_majority_positive_n; analysis/scratch_coder_results/results.md::S5T002.r13 estimate; analysis/figure_data/scratch_coder_figure_3_label_application_patterns.csv::CSV row 16, source_value_string","[[""7"", ""7"", ""7""]]",exact,PASS,Methodological / Infrastructure Research majority count,
R134,scratch_coder_figure_revisions_log_pass2.md,P.1,"[""1""]",S5T002,"analysis/outputs_validation_scratch_stage_b_20260825/label_support.csv::CSV row 19, baseline_human_majority_positive_n; analysis/scratch_coder_results/results.md::S5T002.r31 estimate; analysis/figure_data/scratch_coder_figure_3_label_application_patterns.csv::CSV row 19, source_value_string","[[""1"", ""1"", ""1""]]",exact,PASS,Risk Prediction / Early Identification majority count,
R135,scratch_coder_figure_revisions_log_pass2.md,P.1,"[""1""]",S5T002,"analysis/outputs_validation_scratch_stage_b_20260825/label_support.csv::CSV row 20, baseline_human_majority_positive_n; analysis/scratch_coder_results/results.md::S5T002.r37 estimate; analysis/figure_data/scratch_coder_figure_3_label_application_patterns.csv::CSV row 20, source_value_string","[[""1"", ""1"", ""1""]]",exact,PASS,Service Interaction / Systems Analysis majority count,
R136,scratch_coder_figure_revisions_log_pass2.md,K.9,"[""6"", ""12""]",S5T001,count of baseline_human_majority_positive_n < 10; distinct label count,"[[""41"", ""4"", ""0"", ""27"", ""4"", ""23"", ""0"", ""39"", ""9"", ""11"", ""2"", ""13""], [""12""]]",exact,PASS,domain labels shown and total,
R137,scratch_coder_figure_revisions_log_pass2.md,K.9,"[""4"", ""8""]",S5T002,count of baseline_human_majority_positive_n < 10; distinct label count,"[[""36"", ""9"", ""7"", ""19"", ""30"", ""1"", ""1"", ""26""], [""8""]]",exact,PASS,purpose labels shown and total,
R138,scratch_coder_figure_revisions_log_pass2.md,P.1,"[""4"", ""8""]",S5T002,count of baseline_human_majority_positive_n < 10; distinct label count,"[[""36"", ""9"", ""7"", ""19"", ""30"", ""1"", ""1"", ""26""], [""8""]]",exact,PASS,purpose sparse and total labels,
R139,scratch_coder_figure_revisions_log_pass2.md,C.3,"[""6"", ""12""]",S5T001,count of baseline_human_majority_positive_n < 10; distinct label count,"[[""41"", ""4"", ""0"", ""27"", ""4"", ""23"", ""0"", ""39"", ""9"", ""11"", ""2"", ""13""], [""12""]]",exact,PASS,domain sparse and total labels,
R140,scratch_coder_figure_revisions_log_pass2.md,P.1,"[""36""]",S5T002,"analysis/outputs_validation_scratch_stage_b_20260825/label_support.csv::CSV row 14, baseline_human_majority_positive_n; analysis/scratch_coder_results/results.md::S5T002.r1 estimate; analysis/figure_data/scratch_coder_figure_3_label_application_patterns.csv::CSV row 14, source_value_string","[[""36"", ""36"", ""36""]]",exact,PASS,Descriptive Monitoring majority count,
R141,scratch_coder_figure_revisions_log_pass2.md,P.1,"[""30""]",S5T002,"analysis/outputs_validation_scratch_stage_b_20260825/label_support.csv::CSV row 18, baseline_human_majority_positive_n; analysis/scratch_coder_results/results.md::S5T002.r25 estimate; analysis/figure_data/scratch_coder_figure_3_label_application_patterns.csv::CSV row 18, source_value_string","[[""30"", ""30"", ""30""]]",exact,PASS,Policy Evaluation / Impact Analysis majority count,
R142,scratch_coder_figure_revisions_log_pass2.md,P.1,"[""19""]",S5T002,"analysis/outputs_validation_scratch_stage_b_20260825/label_support.csv::CSV row 17, baseline_human_majority_positive_n; analysis/scratch_coder_results/results.md::S5T002.r19 estimate; analysis/figure_data/scratch_coder_figure_3_label_application_patterns.csv::CSV row 17, source_value_string","[[""19"", ""19"", ""19""]]",exact,PASS,Outcome Tracking majority count,
R143,scratch_coder_figure_revisions_log_pass2.md,P.1,"[""26""]",S5T002,"analysis/outputs_validation_scratch_stage_b_20260825/label_support.csv::CSV row 21, baseline_human_majority_positive_n; analysis/scratch_coder_results/results.md::S5T002.r43 estimate; analysis/figure_data/scratch_coder_figure_3_label_application_patterns.csv::CSV row 21, source_value_string","[[""26"", ""26"", ""26""]]",exact,PASS,Unclear from Register Entry majority count,
R144,scratch_coder_figure_revisions_log_pass2.md,P.2,"[""36""]",S5T002,"analysis/outputs_validation_scratch_stage_b_20260825/label_support.csv::CSV row 14, baseline_human_majority_positive_n; analysis/scratch_coder_results/results.md::S5T002.r1 estimate; analysis/figure_data/scratch_coder_figure_3_label_application_patterns.csv::CSV row 14, source_value_string","[[""36"", ""36"", ""36""]]",exact,PASS,Descriptive Monitoring majority count,
R145,scratch_coder_figure_revisions_log_pass2.md,P.2,"[""30""]",S5T002,"analysis/outputs_validation_scratch_stage_b_20260825/label_support.csv::CSV row 18, baseline_human_majority_positive_n; analysis/scratch_coder_results/results.md::S5T002.r25 estimate; analysis/figure_data/scratch_coder_figure_3_label_application_patterns.csv::CSV row 18, source_value_string","[[""30"", ""30"", ""30""]]",exact,PASS,Policy Evaluation / Impact Analysis majority count,
R146,scratch_coder_figure_revisions_log_pass2.md,P.2,"[""19""]",S5T002,"analysis/outputs_validation_scratch_stage_b_20260825/label_support.csv::CSV row 17, baseline_human_majority_positive_n; analysis/scratch_coder_results/results.md::S5T002.r19 estimate; analysis/figure_data/scratch_coder_figure_3_label_application_patterns.csv::CSV row 17, source_value_string","[[""19"", ""19"", ""19""]]",exact,PASS,Outcome Tracking majority count,
R147,scratch_coder_figure_revisions_log_pass2.md,P.2,"[""26""]",S5T002,"analysis/outputs_validation_scratch_stage_b_20260825/label_support.csv::CSV row 21, baseline_human_majority_positive_n; analysis/scratch_coder_results/results.md::S5T002.r43 estimate; analysis/figure_data/scratch_coder_figure_3_label_application_patterns.csv::CSV row 21, source_value_string","[[""26"", ""26"", ""26""]]",exact,PASS,Unclear from Register Entry majority count,
R148,scratch_coder_figure_revisions_log_pass2.md,K.4,"[""0.15"", ""0.32""]",S5T005,"minimum of analysis/outputs_validation_scratch_stage_b_20260825/per_label_pairwise_kappa.csv::CSV row 32, kappa; analysis/scratch_coder_results/results.md::S5T005.r31 estimate; analysis/figure_data/scratch_coder_table_1_pairwise_kappa_domains.csv::CSV row 68, source_value_string, analysis/outputs_validation_scratch_stage_b_20260825/per_label_pairwise_kappa.csv::CSV row 33, kappa; analysis/scratch_coder_results/results.md::S5T005.r32 estimate; analysis/figure_data/scratch_coder_table_1_pairwise_kappa_domains.csv::CSV row 69, source_value_string, analysis/outputs_validation_scratch_stage_b_20260825/per_label_pairwise_kappa.csv::CSV row 34, kappa; analysis/scratch_coder_results/results.md::S5T005.r33 estimate; analysis/figure_data/scratch_coder_table_1_pairwise_kappa_domains.csv::CSV row 70, source_value_string; maximum of same stated set","[[""0.23832092078537598"", ""0.15014164305949007"", ""0.32195975503062135""], [""0.23832092078537598"", ""0.15014164305949007"", ""0.32195975503062135""]]",rounded,PASS,domain human Unclear kappa range,
R149,scratch_coder_figure_revisions_log_pass2.md,K.4,"[""0.04"", ""0.24""]",S5T005,"minimum of analysis/outputs_validation_scratch_stage_b_20260825/per_label_pairwise_kappa.csv::CSV row 35, kappa; analysis/scratch_coder_results/results.md::S5T005.r34 estimate; analysis/figure_data/scratch_coder_table_1_pairwise_kappa_domains.csv::CSV row 71, source_value_string, analysis/outputs_validation_scratch_stage_b_20260825/per_label_pairwise_kappa.csv::CSV row 36, kappa; analysis/scratch_coder_results/results.md::S5T005.r35 estimate; analysis/figure_data/scratch_coder_table_1_pairwise_kappa_domains.csv::CSV row 72, source_value_string, analysis/outputs_validation_scratch_stage_b_20260825/per_label_pairwise_kappa.csv::CSV row 37, kappa; analysis/scratch_coder_results/results.md::S5T005.r36 estimate; analysis/figure_data/scratch_coder_table_1_pairwise_kappa_domains.csv::CSV row 73, source_value_string; maximum of same stated set","[[""0.24114671163574875"", ""0.12241224122412374"", ""0.037487335359675876""], [""0.24114671163574875"", ""0.12241224122412374"", ""0.037487335359675876""]]",rounded,PASS,domain Fable Unclear kappa range,
R150,scratch_coder_figure_revisions_log_pass2.md,K.4,"[""0.24"", ""0.40""]",S5T006,"minimum of analysis/outputs_validation_scratch_stage_b_20260825/per_label_pairwise_kappa.csv::CSV row 56, kappa; analysis/scratch_coder_results/results.md::S5T006.r19 estimate; analysis/figure_data/scratch_coder_table_2_pairwise_kappa_purposes.csv::CSV row 44, source_value_string, analysis/outputs_validation_scratch_stage_b_20260825/per_label_pairwise_kappa.csv::CSV row 57, kappa; analysis/scratch_coder_results/results.md::S5T006.r20 estimate; analysis/figure_data/scratch_coder_table_2_pairwise_kappa_purposes.csv::CSV row 45, source_value_string, analysis/outputs_validation_scratch_stage_b_20260825/per_label_pairwise_kappa.csv::CSV row 58, kappa; analysis/scratch_coder_results/results.md::S5T006.r21 estimate; analysis/figure_data/scratch_coder_table_2_pairwise_kappa_purposes.csv::CSV row 46, source_value_string; maximum of same stated set","[[""0.4011976047904193"", ""0.27295191028321614"", ""0.23631123919308347""], [""0.4011976047904193"", ""0.27295191028321614"", ""0.23631123919308347""]]",rounded,PASS,purpose human Unclear kappa range,
R151,scratch_coder_figure_revisions_log_pass2.md,K.4,"[""0.02"", ""0.11""]",S5T006,"minimum of analysis/outputs_validation_scratch_stage_b_20260825/per_label_pairwise_kappa.csv::CSV row 59, kappa; analysis/scratch_coder_results/results.md::S5T006.r22 estimate; analysis/figure_data/scratch_coder_table_2_pairwise_kappa_purposes.csv::CSV row 47, source_value_string, analysis/outputs_validation_scratch_stage_b_20260825/per_label_pairwise_kappa.csv::CSV row 60, kappa; analysis/scratch_coder_results/results.md::S5T006.r23 estimate; analysis/figure_data/scratch_coder_table_2_pairwise_kappa_purposes.csv::CSV row 48, source_value_string, analysis/outputs_validation_scratch_stage_b_20260825/per_label_pairwise_kappa.csv::CSV row 61, kappa; analysis/scratch_coder_results/results.md::S5T006.r24 estimate; analysis/figure_data/scratch_coder_table_2_pairwise_kappa_purposes.csv::CSV row 49, source_value_string; maximum of same stated set","[[""0.07146876758581891"", ""0.1139240506329105"", ""0.016056393185823404""], [""0.07146876758581891"", ""0.1139240506329105"", ""0.016056393185823404""]]",rounded,PASS,purpose Fable Unclear kappa range,
R152,scratch_coder_figure_revisions_log_pass2.md,K.4,"[""13""]",S5T001,"analysis/outputs_validation_scratch_stage_b_20260825/label_support.csv::CSV row 13, baseline_human_majority_positive_n; analysis/scratch_coder_results/results.md::S5T001.r67 estimate; analysis/figure_data/scratch_coder_figure_3_label_application_patterns.csv::CSV row 13, source_value_string","[[""13"", ""13"", ""13""]]",exact,PASS,domain Unclear majority-positive count,
R153,scratch_coder_figure_revisions_log_pass2.md,K.4,"[""1""]",S5T001,"analysis/outputs_validation_scratch_stage_b_20260825/label_support.csv::CSV row 13, baseline_model_positive_n; analysis/scratch_coder_results/results.md::S5T001.r69 estimate; analysis/figure_data/scratch_coder_figure_3_label_application_patterns.csv::CSV row 13, interval_lower_string","[[""1"", ""1"", ""1""]]",exact,PASS,domain model Unclear count,
R154,scratch_coder_figure_revisions_log_pass2.md,K.4,"[""0.000"", ""0.658""]",S5T005,"analysis/outputs_validation_scratch_stage_b_20260825/per_label_pairwise_kappa.csv::CSV row 35, ci_lower; analysis/scratch_coder_results/results.md::S5T005.r34 interval_lower; analysis/figure_data/scratch_coder_table_1_pairwise_kappa_domains.csv::CSV row 71, interval_lower_string; analysis/outputs_validation_scratch_stage_b_20260825/per_label_pairwise_kappa.csv::CSV row 35, ci_upper; analysis/scratch_coder_results/results.md::S5T005.r34 interval_upper; analysis/figure_data/scratch_coder_table_1_pairwise_kappa_domains.csv::CSV row 71, interval_upper_string","[[""0.0"", ""0.0"", ""0.0""], [""0.6575342465753422"", ""0.6575342465753422"", ""0.6575342465753422""]]",rounded,PASS,domain Unclear Fable-C01 interval,
R155,scratch_coder_figure_revisions_log_pass2.md,K.3,"[""95""]",S5T005,S5T005.r1 confidence_level,"[[""95%""]]",exact,PASS,S5T005 kappa confidence level,
R156,scratch_coder_figure_revisions_log_pass2.md,K.3,"[""95""]",S5T006,S5T006.r1 confidence_level,"[[""95%""]]",exact,PASS,S5T006 kappa confidence level,
R157,scratch_coder_figure_revisions_log_pass2.md,K.5,"[""-0.04""]",S5T005,"analysis/outputs_validation_scratch_stage_b_20260825/per_label_pairwise_kappa.csv::CSV row 32, ci_lower; analysis/scratch_coder_results/results.md::S5T005.r31 interval_lower; analysis/figure_data/scratch_coder_table_1_pairwise_kappa_domains.csv::CSV row 68, interval_lower_string","[[""-0.03775091928386179"", ""-0.03775091928386179"", ""-0.03775091928386179""]]",rounded,PASS,domain Unclear C01-C02 lower,
R158,scratch_coder_figure_revisions_log_pass2.md,K.5,"[""-0.000""]",S5T005,"analysis/outputs_validation_scratch_stage_b_20260825/per_label_pairwise_kappa.csv::CSV row 37, ci_lower; analysis/scratch_coder_results/results.md::S5T005.r36 interval_lower; analysis/figure_data/scratch_coder_table_1_pairwise_kappa_domains.csv::CSV row 73, interval_lower_string","[[""-3.1421406357315754e-16"", ""-3.1421406357315754e-16"", ""-3.1421406357315754e-16""]]",rounded,PASS,domain Unclear Fable-C03 prior display,
R159,scratch_coder_figure_revisions_log_pass2.md,K.5,"[""0.00""]",S5T005,"analysis/outputs_validation_scratch_stage_b_20260825/per_label_pairwise_kappa.csv::CSV row 37, ci_lower; analysis/scratch_coder_results/results.md::S5T005.r36 interval_lower; analysis/figure_data/scratch_coder_table_1_pairwise_kappa_domains.csv::CSV row 73, interval_lower_string","[[""-3.1421406357315754e-16"", ""-3.1421406357315754e-16"", ""-3.1421406357315754e-16""]]",rounded,PASS,domain Unclear Fable-C03 revised display,
R160,scratch_coder_figure_revisions_log_pass2.md,P.3,"[""-0.068""]",S5T006,"analysis/outputs_validation_scratch_stage_b_20260825/per_label_pairwise_kappa.csv::CSV row 45, ci_lower; analysis/scratch_coder_results/results.md::S5T006.r8 interval_lower; analysis/figure_data/scratch_coder_table_2_pairwise_kappa_purposes.csv::CSV row 21, interval_lower_string","[[""-0.06775291234622975"", ""-0.06775291234622975"", ""-0.06775291234622975""]]",rounded,PASS,Outcome Tracking C01-C03 source-rounded lower,
R161,scratch_coder_figure_revisions_log_pass2.md,P.3,"[""-0.038""]",S5T006,"analysis/outputs_validation_scratch_stage_b_20260825/per_label_pairwise_kappa.csv::CSV row 46, ci_lower; analysis/scratch_coder_results/results.md::S5T006.r9 interval_lower; analysis/figure_data/scratch_coder_table_2_pairwise_kappa_purposes.csv::CSV row 22, interval_lower_string","[[""-0.038159371492704826"", ""-0.038159371492704826"", ""-0.038159371492704826""]]",rounded,PASS,Outcome Tracking C02-C03 source-rounded lower,
R162,scratch_coder_figure_revisions_log_pass2.md,P.3,"[""-0.07""]",S5T006,"analysis/outputs_validation_scratch_stage_b_20260825/per_label_pairwise_kappa.csv::CSV row 45, ci_lower; analysis/scratch_coder_results/results.md::S5T006.r8 interval_lower; analysis/figure_data/scratch_coder_table_2_pairwise_kappa_purposes.csv::CSV row 21, interval_lower_string","[[""-0.06775291234622975"", ""-0.06775291234622975"", ""-0.06775291234622975""]]",rounded,PASS,Outcome Tracking C01-C03 displayed lower,
R163,scratch_coder_figure_revisions_log_pass2.md,P.3,"[""-0.04""]",S5T006,"analysis/outputs_validation_scratch_stage_b_20260825/per_label_pairwise_kappa.csv::CSV row 46, ci_lower; analysis/scratch_coder_results/results.md::S5T006.r9 interval_lower; analysis/figure_data/scratch_coder_table_2_pairwise_kappa_purposes.csv::CSV row 22, interval_lower_string","[[""-0.038159371492704826"", ""-0.038159371492704826"", ""-0.038159371492704826""]]",rounded,PASS,Outcome Tracking C02-C03 displayed lower,
R164,scratch_coder_figure_revisions_log_pass2.md,P.4,"[""0.000""]",S5T006,"analysis/outputs_validation_scratch_stage_b_20260825/per_label_pairwise_kappa.csv::CSV row 59, ci_lower; analysis/scratch_coder_results/results.md::S5T006.r22 interval_lower; analysis/figure_data/scratch_coder_table_2_pairwise_kappa_purposes.csv::CSV row 47, interval_lower_string","[[""0.0"", ""0.0"", ""0.0""]]",rounded,PASS,purpose Unclear L-A lower,
R165,scratch_coder_figure_revisions_log_pass2.md,P.4,"[""0.000""]",S5T006,"analysis/outputs_validation_scratch_stage_b_20260825/per_label_pairwise_kappa.csv::CSV row 60, ci_lower; analysis/scratch_coder_results/results.md::S5T006.r23 interval_lower; analysis/figure_data/scratch_coder_table_2_pairwise_kappa_purposes.csv::CSV row 48, interval_lower_string","[[""0.0"", ""0.0"", ""0.0""]]",rounded,PASS,purpose Unclear L-B lower,
R166,scratch_coder_figure_revisions_log_pass2.md,P.4,"[""0.000""]",S5T006,"analysis/outputs_validation_scratch_stage_b_20260825/per_label_pairwise_kappa.csv::CSV row 61, ci_lower; analysis/scratch_coder_results/results.md::S5T006.r24 interval_lower; analysis/figure_data/scratch_coder_table_2_pairwise_kappa_purposes.csv::CSV row 49, interval_lower_string","[[""0.0"", ""0.0"", ""0.0""]]",rounded,PASS,purpose Unclear L-C lower,
R167,scratch_coder_figure_revisions_log_pass2.md,P.4,"[""26""]",S5T002,"analysis/outputs_validation_scratch_stage_b_20260825/label_support.csv::CSV row 21, baseline_human_majority_positive_n; analysis/scratch_coder_results/results.md::S5T002.r43 estimate; analysis/figure_data/scratch_coder_figure_3_label_application_patterns.csv::CSV row 21, source_value_string","[[""26"", ""26"", ""26""]]",exact,PASS,purpose Unclear majority count,
R168,scratch_coder_figure_revisions_log_pass2.md,P.4,"[""13""]",S5T001,"analysis/outputs_validation_scratch_stage_b_20260825/label_support.csv::CSV row 13, baseline_human_majority_positive_n; analysis/scratch_coder_results/results.md::S5T001.r67 estimate; analysis/figure_data/scratch_coder_figure_3_label_application_patterns.csv::CSV row 13, source_value_string","[[""13"", ""13"", ""13""]]",exact,PASS,domain Unclear majority count,
R169,scratch_coder_figure_revisions_log_pass2.md,C.4,"[""13""]",S5T001,"analysis/outputs_validation_scratch_stage_b_20260825/label_support.csv::CSV row 13, baseline_human_majority_positive_n; analysis/scratch_coder_results/results.md::S5T001.r67 estimate; analysis/figure_data/scratch_coder_figure_3_label_application_patterns.csv::CSV row 13, source_value_string","[[""13"", ""13"", ""13""]]",exact,PASS,Unclear majority count,
R170,scratch_coder_figure_revisions_log_pass2.md,C.4,"[""1""]",S5T001,"analysis/outputs_validation_scratch_stage_b_20260825/label_support.csv::CSV row 13, baseline_model_positive_n; analysis/scratch_coder_results/results.md::S5T001.r69 estimate; analysis/figure_data/scratch_coder_figure_3_label_application_patterns.csv::CSV row 13, interval_lower_string","[[""1"", ""1"", ""1""]]",exact,PASS,Unclear model-positive count,
R171,scratch_coder_figure_revisions_log_pass2.md,C.4,"[""1.00""]",S5T007,"analysis/outputs_validation_scratch_stage_b_20260825/per_label_model_performance.csv::CSV row 7, precision; analysis/scratch_coder_results/results.md::S5T007.r16 estimate; analysis/figure_data/scratch_coder_table_3_contingencies_performance_domains.csv::CSV row 83, source_value_string","[[""1.0"", ""1.0"", ""1.0""]]",rounded,PASS,Unclear precision point estimate,
R172,scratch_coder_figure_revisions_log_pass2.md,C.4,"[""0.14""]",S5T007,"analysis/outputs_validation_scratch_stage_b_20260825/per_label_model_performance.csv::CSV row 7, f1; analysis/scratch_coder_results/results.md::S5T007.r18 estimate; analysis/figure_data/scratch_coder_table_3_contingencies_performance_domains.csv::CSV row 85, source_value_string","[[""0.14285714285714288"", ""0.14285714285714288"", ""0.14285714285714288""]]",rounded,PASS,Unclear F1 point estimate,
R173,scratch_coder_figure_revisions_log_pass2.md,C.4,"[""0.08"", ""0.00"", ""0.25""]",S5T007,"analysis/outputs_validation_scratch_stage_b_20260825/per_label_model_performance.csv::CSV row 7, recall; analysis/scratch_coder_results/results.md::S5T007.r17 estimate; analysis/figure_data/scratch_coder_table_3_contingencies_performance_domains.csv::CSV row 84, source_value_string; analysis/outputs_validation_scratch_stage_b_20260825/per_label_model_performance.csv::CSV row 7, recall_ci_lower; analysis/scratch_coder_results/results.md::S5T007.r17 interval_lower; analysis/figure_data/scratch_coder_table_3_contingencies_performance_domains.csv::CSV row 84, interval_lower_string; analysis/outputs_validation_scratch_stage_b_20260825/per_label_model_performance.csv::CSV row 7, recall_ci_upper; analysis/scratch_coder_results/results.md::S5T007.r17 interval_upper; analysis/figure_data/scratch_coder_table_3_contingencies_performance_domains.csv::CSV row 84, interval_upper_string","[[""0.07692307692307693"", ""0.07692307692307693"", ""0.07692307692307693""], [""0.0"", ""0.0"", ""0.0""], [""0.25"", ""0.25"", ""0.25""]]",rounded,PASS,Unclear recall,
R174,scratch_coder_figure_revisions_log_pass2.md,C.5,"[""95""]",S5T007,S5T007.r17 confidence_level,"[[""95%""]]",exact,PASS,S5T007 performance confidence level,
R175,scratch_coder_figure_revisions_log_pass2.md,D.2,"[""26""]",S5T002,"analysis/outputs_validation_scratch_stage_b_20260825/label_support.csv::CSV row 21, baseline_human_majority_positive_n; analysis/scratch_coder_results/results.md::S5T002.r43 estimate; analysis/figure_data/scratch_coder_figure_3_label_application_patterns.csv::CSV row 21, source_value_string","[[""26"", ""26"", ""26""]]",exact,PASS,Unclear majority count,
R176,scratch_coder_figure_revisions_log_pass2.md,D.2,"[""1""]",S5T002,"analysis/outputs_validation_scratch_stage_b_20260825/label_support.csv::CSV row 21, baseline_model_positive_n; analysis/scratch_coder_results/results.md::S5T002.r45 estimate; analysis/figure_data/scratch_coder_figure_3_label_application_patterns.csv::CSV row 21, interval_lower_string","[[""1"", ""1"", ""1""]]",exact,PASS,Unclear model-positive count,
R177,scratch_coder_figure_revisions_log_pass2.md,D.2,"[""1.00""]",S5T008,"analysis/outputs_validation_scratch_stage_b_20260825/per_label_model_performance.csv::CSV row 11, precision; analysis/scratch_coder_results/results.md::S5T008.r10 estimate; analysis/figure_data/scratch_coder_table_4_contingencies_performance_purposes.csv::CSV row 55, source_value_string","[[""1.0"", ""1.0"", ""1.0""]]",rounded,PASS,Unclear precision point estimate,
R178,scratch_coder_figure_revisions_log_pass2.md,D.2,"[""0.07""]",S5T008,"analysis/outputs_validation_scratch_stage_b_20260825/per_label_model_performance.csv::CSV row 11, f1; analysis/scratch_coder_results/results.md::S5T008.r12 estimate; analysis/figure_data/scratch_coder_table_4_contingencies_performance_purposes.csv::CSV row 57, source_value_string","[[""0.07407407407407407"", ""0.07407407407407407"", ""0.07407407407407407""]]",rounded,PASS,Unclear F1 point estimate,
R179,scratch_coder_figure_revisions_log_pass2.md,D.2,"[""0.04"", ""0.00"", ""0.13""]",S5T008,"analysis/outputs_validation_scratch_stage_b_20260825/per_label_model_performance.csv::CSV row 11, recall; analysis/scratch_coder_results/results.md::S5T008.r11 estimate; analysis/figure_data/scratch_coder_table_4_contingencies_performance_purposes.csv::CSV row 56, source_value_string; analysis/outputs_validation_scratch_stage_b_20260825/per_label_model_performance.csv::CSV row 11, recall_ci_lower; analysis/scratch_coder_results/results.md::S5T008.r11 interval_lower; analysis/figure_data/scratch_coder_table_4_contingencies_performance_purposes.csv::CSV row 56, interval_lower_string; analysis/outputs_validation_scratch_stage_b_20260825/per_label_model_performance.csv::CSV row 11, recall_ci_upper; analysis/scratch_coder_results/results.md::S5T008.r11 interval_upper; analysis/figure_data/scratch_coder_table_4_contingencies_performance_purposes.csv::CSV row 56, interval_upper_string","[[""0.038461538461538464"", ""0.038461538461538464"", ""0.038461538461538464""], [""0.0"", ""0.0"", ""0.0""], [""0.125"", ""0.125"", ""0.125""]]",rounded,PASS,Unclear recall,
R180,scratch_coder_figure_revisions_log_pass2.md,D.2,"[""95""]",S5T008,S5T008.r11 confidence_level,"[[""95%""]]",exact,PASS,S5T008 performance confidence level,
R181,scratch_coder_figure_revisions_log_pass2.md,C.7,"[""199"", ""173""]",S5T001,"analysis/outputs_validation_scratch_stage_b_20260825/label_support.csv::CSV row 2, baseline_model_positive_n; analysis/scratch_coder_results/results.md::S5T001.r3 estimate; analysis/figure_data/scratch_coder_figure_3_label_application_patterns.csv::CSV row 2, interval_lower_string + analysis/outputs_validation_scratch_stage_b_20260825/label_support.csv::CSV row 3, baseline_model_positive_n; analysis/scratch_coder_results/results.md::S5T001.r9 estimate; analysis/figure_data/scratch_coder_figure_3_label_application_patterns.csv::CSV row 3, interval_lower_string + analysis/outputs_validation_scratch_stage_b_20260825/label_support.csv::CSV row 4, baseline_model_positive_n; analysis/scratch_coder_results/results.md::S5T001.r15 estimate; analysis/figure_data/scratch_coder_figure_3_label_application_patterns.csv::CSV row 4, interval_lower_string + analysis/outputs_validation_scratch_stage_b_20260825/label_support.csv::CSV row 5, baseline_model_positive_n; analysis/scratch_coder_results/results.md::S5T001.r21 estimate; analysis/figure_data/scratch_coder_figure_3_label_application_patterns.csv::CSV row 5, interval_lower_string + analysis/outputs_validation_scratch_stage_b_20260825/label_support.csv::CSV row 6, baseline_model_positive_n; analysis/scratch_coder_results/results.md::S5T001.r27 estimate; analysis/figure_data/scratch_coder_figure_3_label_application_patterns.csv::CSV row 6, interval_lower_string + analysis/outputs_validation_scratch_stage_b_20260825/label_support.csv::CSV row 7, baseline_model_positive_n; analysis/scratch_coder_results/results.md::S5T001.r33 estimate; analysis/figure_data/scratch_coder_figure_3_label_application_patterns.csv::CSV row 7, interval_lower_string + analysis/outputs_validation_scratch_stage_b_20260825/label_support.csv::CSV row 8, baseline_model_positive_n; analysis/scratch_coder_results/results.md::S5T001.r39 estimate; analysis/figure_data/scratch_coder_figure_3_label_application_patterns.csv::CSV row 8, interval_lower_string + analysis/outputs_validation_scratch_stage_b_20260825/label_support.csv::CSV row 9, baseline_model_positive_n; analysis/scratch_coder_results/results.md::S5T001.r45 estimate; analysis/figure_data/scratch_coder_figure_3_label_application_patterns.csv::CSV row 9, interval_lower_string + analysis/outputs_validation_scratch_stage_b_20260825/label_support.csv::CSV row 10, baseline_model_positive_n; analysis/scratch_coder_results/results.md::S5T001.r51 estimate; analysis/figure_data/scratch_coder_figure_3_label_application_patterns.csv::CSV row 10, interval_lower_string + analysis/outputs_validation_scratch_stage_b_20260825/label_support.csv::CSV row 11, baseline_model_positive_n; analysis/scratch_coder_results/results.md::S5T001.r57 estimate; analysis/figure_data/scratch_coder_figure_3_label_application_patterns.csv::CSV row 11, interval_lower_string + analysis/outputs_validation_scratch_stage_b_20260825/label_support.csv::CSV row 12, baseline_model_positive_n; analysis/scratch_coder_results/results.md::S5T001.r63 estimate; analysis/figure_data/scratch_coder_figure_3_label_application_patterns.csv::CSV row 12, interval_lower_string + analysis/outputs_validation_scratch_stage_b_20260825/label_support.csv::CSV row 13, baseline_model_positive_n; analysis/scratch_coder_results/results.md::S5T001.r69 estimate; analysis/figure_data/scratch_coder_figure_3_label_application_patterns.csv::CSV row 13, interval_lower_string; analysis/outputs_validation_scratch_stage_b_20260825/label_support.csv::CSV row 2, baseline_human_majority_positive_n; analysis/scratch_coder_results/results.md::S5T001.r1 estimate; analysis/figure_data/scratch_coder_figure_3_label_application_patterns.csv::CSV row 2, source_value_string + analysis/outputs_validation_scratch_stage_b_20260825/label_support.csv::CSV row 3, baseline_human_majority_positive_n; analysis/scratch_coder_results/results.md::S5T001.r7 estimate; analysis/figure_data/scratch_coder_figure_3_label_application_patterns.csv::CSV row 3, source_value_string + analysis/outputs_validation_scratch_stage_b_20260825/label_support.csv::CSV row 4, baseline_human_majority_positive_n; analysis/scratch_coder_results/results.md::S5T001.r13 estimate; analysis/figure_data/scratch_coder_figure_3_label_application_patterns.csv::CSV row 4, source_value_string + analysis/outputs_validation_scratch_stage_b_20260825/label_support.csv::CSV row 5, baseline_human_majority_positive_n; analysis/scratch_coder_results/results.md::S5T001.r19 estimate; analysis/figure_data/scratch_coder_figure_3_label_application_patterns.csv::CSV row 5, source_value_string + analysis/outputs_validation_scratch_stage_b_20260825/label_support.csv::CSV row 6, baseline_human_majority_positive_n; analysis/scratch_coder_results/results.md::S5T001.r25 estimate; analysis/figure_data/scratch_coder_figure_3_label_application_patterns.csv::CSV row 6, source_value_string + analysis/outputs_validation_scratch_stage_b_20260825/label_support.csv::CSV row 7, baseline_human_majority_positive_n; analysis/scratch_coder_results/results.md::S5T001.r31 estimate; analysis/figure_data/scratch_coder_figure_3_label_application_patterns.csv::CSV row 7, source_value_string + analysis/outputs_validation_scratch_stage_b_20260825/label_support.csv::CSV row 8, baseline_human_majority_positive_n; analysis/scratch_coder_results/results.md::S5T001.r37 estimate; analysis/figure_data/scratch_coder_figure_3_label_application_patterns.csv::CSV row 8, source_value_string + analysis/outputs_validation_scratch_stage_b_20260825/label_support.csv::CSV row 9, baseline_human_majority_positive_n; analysis/scratch_coder_results/results.md::S5T001.r43 estimate; analysis/figure_data/scratch_coder_figure_3_label_application_patterns.csv::CSV row 9, source_value_string + analysis/outputs_validation_scratch_stage_b_20260825/label_support.csv::CSV row 10, baseline_human_majority_positive_n; analysis/scratch_coder_results/results.md::S5T001.r49 estimate; analysis/figure_data/scratch_coder_figure_3_label_application_patterns.csv::CSV row 10, source_value_string + analysis/outputs_validation_scratch_stage_b_20260825/label_support.csv::CSV row 11, baseline_human_majority_positive_n; analysis/scratch_coder_results/results.md::S5T001.r55 estimate; analysis/figure_data/scratch_coder_figure_3_label_application_patterns.csv::CSV row 11, source_value_string + analysis/outputs_validation_scratch_stage_b_20260825/label_support.csv::CSV row 12, baseline_human_majority_positive_n; analysis/scratch_coder_results/results.md::S5T001.r61 estimate; analysis/figure_data/scratch_coder_figure_3_label_application_patterns.csv::CSV row 12, source_value_string + analysis/outputs_validation_scratch_stage_b_20260825/label_support.csv::CSV row 13, baseline_human_majority_positive_n; analysis/scratch_coder_results/results.md::S5T001.r67 estimate; analysis/figure_data/scratch_coder_figure_3_label_application_patterns.csv::CSV row 13, source_value_string","[[""45"", ""4"", ""4"", ""35"", ""10"", ""25"", ""1"", ""56"", ""6"", ""10"", ""2"", ""1""], [""41"", ""4"", ""0"", ""27"", ""4"", ""23"", ""0"", ""39"", ""9"", ""11"", ""2"", ""13""]]",exact,PASS,domain all-label totals,
R182,scratch_coder_figure_revisions_log_pass2.md,C.7,"[""198"", ""160""]",S5T001,"sum all labels minus Unclear; analysis/outputs_validation_scratch_stage_b_20260825/label_support.csv::CSV row 2, baseline_model_positive_n; analysis/scratch_coder_results/results.md::S5T001.r3 estimate; analysis/figure_data/scratch_coder_figure_3_label_application_patterns.csv::CSV row 2, interval_lower_string; analysis/outputs_validation_scratch_stage_b_20260825/label_support.csv::CSV row 3, baseline_model_positive_n; analysis/scratch_coder_results/results.md::S5T001.r9 estimate; analysis/figure_data/scratch_coder_figure_3_label_application_patterns.csv::CSV row 3, interval_lower_string; analysis/outputs_validation_scratch_stage_b_20260825/label_support.csv::CSV row 4, baseline_model_positive_n; analysis/scratch_coder_results/results.md::S5T001.r15 estimate; analysis/figure_data/scratch_coder_figure_3_label_application_patterns.csv::CSV row 4, interval_lower_string; analysis/outputs_validation_scratch_stage_b_20260825/label_support.csv::CSV row 5, baseline_model_positive_n; analysis/scratch_coder_results/results.md::S5T001.r21 estimate; analysis/figure_data/scratch_coder_figure_3_label_application_patterns.csv::CSV row 5, interval_lower_string; analysis/outputs_validation_scratch_stage_b_20260825/label_support.csv::CSV row 6, baseline_model_positive_n; analysis/scratch_coder_results/results.md::S5T001.r27 estimate; analysis/figure_data/scratch_coder_figure_3_label_application_patterns.csv::CSV row 6, interval_lower_string; analysis/outputs_validation_scratch_stage_b_20260825/label_support.csv::CSV row 7, baseline_model_positive_n; analysis/scratch_coder_results/results.md::S5T001.r33 estimate; analysis/figure_data/scratch_coder_figure_3_label_application_patterns.csv::CSV row 7, interval_lower_string; analysis/outputs_validation_scratch_stage_b_20260825/label_support.csv::CSV row 8, baseline_model_positive_n; analysis/scratch_coder_results/results.md::S5T001.r39 estimate; analysis/figure_data/scratch_coder_figure_3_label_application_patterns.csv::CSV row 8, interval_lower_string; analysis/outputs_validation_scratch_stage_b_20260825/label_support.csv::CSV row 9, baseline_model_positive_n; analysis/scratch_coder_results/results.md::S5T001.r45 estimate; analysis/figure_data/scratch_coder_figure_3_label_application_patterns.csv::CSV row 9, interval_lower_string; analysis/outputs_validation_scratch_stage_b_20260825/label_support.csv::CSV row 10, baseline_model_positive_n; analysis/scratch_coder_results/results.md::S5T001.r51 estimate; analysis/figure_data/scratch_coder_figure_3_label_application_patterns.csv::CSV row 10, interval_lower_string; analysis/outputs_validation_scratch_stage_b_20260825/label_support.csv::CSV row 11, baseline_model_positive_n; analysis/scratch_coder_results/results.md::S5T001.r57 estimate; analysis/figure_data/scratch_coder_figure_3_label_application_patterns.csv::CSV row 11, interval_lower_string; analysis/outputs_validation_scratch_stage_b_20260825/label_support.csv::CSV row 12, baseline_model_positive_n; analysis/scratch_coder_results/results.md::S5T001.r63 estimate; analysis/figure_data/scratch_coder_figure_3_label_application_patterns.csv::CSV row 12, interval_lower_string; analysis/outputs_validation_scratch_stage_b_20260825/label_support.csv::CSV row 13, baseline_model_positive_n; analysis/scratch_coder_results/results.md::S5T001.r69 estimate; analysis/figure_data/scratch_coder_figure_3_label_application_patterns.csv::CSV row 13, interval_lower_string; sum all labels minus Unclear; analysis/outputs_validation_scratch_stage_b_20260825/label_support.csv::CSV row 2, baseline_human_majority_positive_n; analysis/scratch_coder_results/results.md::S5T001.r1 estimate; analysis/figure_data/scratch_coder_figure_3_label_application_patterns.csv::CSV row 2, source_value_string; analysis/outputs_validation_scratch_stage_b_20260825/label_support.csv::CSV row 3, baseline_human_majority_positive_n; analysis/scratch_coder_results/results.md::S5T001.r7 estimate; analysis/figure_data/scratch_coder_figure_3_label_application_patterns.csv::CSV row 3, source_value_string; analysis/outputs_validation_scratch_stage_b_20260825/label_support.csv::CSV row 4, baseline_human_majority_positive_n; analysis/scratch_coder_results/results.md::S5T001.r13 estimate; analysis/figure_data/scratch_coder_figure_3_label_application_patterns.csv::CSV row 4, source_value_string; analysis/outputs_validation_scratch_stage_b_20260825/label_support.csv::CSV row 5, baseline_human_majority_positive_n; analysis/scratch_coder_results/results.md::S5T001.r19 estimate; analysis/figure_data/scratch_coder_figure_3_label_application_patterns.csv::CSV row 5, source_value_string; analysis/outputs_validation_scratch_stage_b_20260825/label_support.csv::CSV row 6, baseline_human_majority_positive_n; analysis/scratch_coder_results/results.md::S5T001.r25 estimate; analysis/figure_data/scratch_coder_figure_3_label_application_patterns.csv::CSV row 6, source_value_string; analysis/outputs_validation_scratch_stage_b_20260825/label_support.csv::CSV row 7, baseline_human_majority_positive_n; analysis/scratch_coder_results/results.md::S5T001.r31 estimate; analysis/figure_data/scratch_coder_figure_3_label_application_patterns.csv::CSV row 7, source_value_string; analysis/outputs_validation_scratch_stage_b_20260825/label_support.csv::CSV row 8, baseline_human_majority_positive_n; analysis/scratch_coder_results/results.md::S5T001.r37 estimate; analysis/figure_data/scratch_coder_figure_3_label_application_patterns.csv::CSV row 8, source_value_string; analysis/outputs_validation_scratch_stage_b_20260825/label_support.csv::CSV row 9, baseline_human_majority_positive_n; analysis/scratch_coder_results/results.md::S5T001.r43 estimate; analysis/figure_data/scratch_coder_figure_3_label_application_patterns.csv::CSV row 9, source_value_string; analysis/outputs_validation_scratch_stage_b_20260825/label_support.csv::CSV row 10, baseline_human_majority_positive_n; analysis/scratch_coder_results/results.md::S5T001.r49 estimate; analysis/figure_data/scratch_coder_figure_3_label_application_patterns.csv::CSV row 10, source_value_string; analysis/outputs_validation_scratch_stage_b_20260825/label_support.csv::CSV row 11, baseline_human_majority_positive_n; analysis/scratch_coder_results/results.md::S5T001.r55 estimate; analysis/figure_data/scratch_coder_figure_3_label_application_patterns.csv::CSV row 11, source_value_string; analysis/outputs_validation_scratch_stage_b_20260825/label_support.csv::CSV row 12, baseline_human_majority_positive_n; analysis/scratch_coder_results/results.md::S5T001.r61 estimate; analysis/figure_data/scratch_coder_figure_3_label_application_patterns.csv::CSV row 12, source_value_string; analysis/outputs_validation_scratch_stage_b_20260825/label_support.csv::CSV row 13, baseline_human_majority_positive_n; analysis/scratch_coder_results/results.md::S5T001.r67 estimate; analysis/figure_data/scratch_coder_figure_3_label_application_patterns.csv::CSV row 13, source_value_string","[[""45"", ""4"", ""4"", ""35"", ""10"", ""25"", ""1"", ""56"", ""6"", ""10"", ""2"", ""1""], [""41"", ""4"", ""0"", ""27"", ""4"", ""23"", ""0"", ""39"", ""9"", ""11"", ""2"", ""13""]]",exact,PASS,domain substantive totals,
R183,scratch_coder_figure_revisions_log_pass2.md,D.3,"[""160"", ""129""]",S5T002,"analysis/outputs_validation_scratch_stage_b_20260825/label_support.csv::CSV row 14, baseline_model_positive_n; analysis/scratch_coder_results/results.md::S5T002.r3 estimate; analysis/figure_data/scratch_coder_figure_3_label_application_patterns.csv::CSV row 14, interval_lower_string + analysis/outputs_validation_scratch_stage_b_20260825/label_support.csv::CSV row 15, baseline_model_positive_n; analysis/scratch_coder_results/results.md::S5T002.r9 estimate; analysis/figure_data/scratch_coder_figure_3_label_application_patterns.csv::CSV row 15, interval_lower_string + analysis/outputs_validation_scratch_stage_b_20260825/label_support.csv::CSV row 16, baseline_model_positive_n; analysis/scratch_coder_results/results.md::S5T002.r15 estimate; analysis/figure_data/scratch_coder_figure_3_label_application_patterns.csv::CSV row 16, interval_lower_string + analysis/outputs_validation_scratch_stage_b_20260825/label_support.csv::CSV row 17, baseline_model_positive_n; analysis/scratch_coder_results/results.md::S5T002.r21 estimate; analysis/figure_data/scratch_coder_figure_3_label_application_patterns.csv::CSV row 17, interval_lower_string + analysis/outputs_validation_scratch_stage_b_20260825/label_support.csv::CSV row 18, baseline_model_positive_n; analysis/scratch_coder_results/results.md::S5T002.r27 estimate; analysis/figure_data/scratch_coder_figure_3_label_application_patterns.csv::CSV row 18, interval_lower_string + analysis/outputs_validation_scratch_stage_b_20260825/label_support.csv::CSV row 19, baseline_model_positive_n; analysis/scratch_coder_results/results.md::S5T002.r33 estimate; analysis/figure_data/scratch_coder_figure_3_label_application_patterns.csv::CSV row 19, interval_lower_string + analysis/outputs_validation_scratch_stage_b_20260825/label_support.csv::CSV row 20, baseline_model_positive_n; analysis/scratch_coder_results/results.md::S5T002.r39 estimate; analysis/figure_data/scratch_coder_figure_3_label_application_patterns.csv::CSV row 20, interval_lower_string + analysis/outputs_validation_scratch_stage_b_20260825/label_support.csv::CSV row 21, baseline_model_positive_n; analysis/scratch_coder_results/results.md::S5T002.r45 estimate; analysis/figure_data/scratch_coder_figure_3_label_application_patterns.csv::CSV row 21, interval_lower_string; analysis/outputs_validation_scratch_stage_b_20260825/label_support.csv::CSV row 14, baseline_human_majority_positive_n; analysis/scratch_coder_results/results.md::S5T002.r1 estimate; analysis/figure_data/scratch_coder_figure_3_label_application_patterns.csv::CSV row 14, source_value_string + analysis/outputs_validation_scratch_stage_b_20260825/label_support.csv::CSV row 15, baseline_human_majority_positive_n; analysis/scratch_coder_results/results.md::S5T002.r7 estimate; analysis/figure_data/scratch_coder_figure_3_label_application_patterns.csv::CSV row 15, source_value_string + analysis/outputs_validation_scratch_stage_b_20260825/label_support.csv::CSV row 16, baseline_human_majority_positive_n; analysis/scratch_coder_results/results.md::S5T002.r13 estimate; analysis/figure_data/scratch_coder_figure_3_label_application_patterns.csv::CSV row 16, source_value_string + analysis/outputs_validation_scratch_stage_b_20260825/label_support.csv::CSV row 17, baseline_human_majority_positive_n; analysis/scratch_coder_results/results.md::S5T002.r19 estimate; analysis/figure_data/scratch_coder_figure_3_label_application_patterns.csv::CSV row 17, source_value_string + analysis/outputs_validation_scratch_stage_b_20260825/label_support.csv::CSV row 18, baseline_human_majority_positive_n; analysis/scratch_coder_results/results.md::S5T002.r25 estimate; analysis/figure_data/scratch_coder_figure_3_label_application_patterns.csv::CSV row 18, source_value_string + analysis/outputs_validation_scratch_stage_b_20260825/label_support.csv::CSV row 19, baseline_human_majority_positive_n; analysis/scratch_coder_results/results.md::S5T002.r31 estimate; analysis/figure_data/scratch_coder_figure_3_label_application_patterns.csv::CSV row 19, source_value_string + analysis/outputs_validation_scratch_stage_b_20260825/label_support.csv::CSV row 20, baseline_human_majority_positive_n; analysis/scratch_coder_results/results.md::S5T002.r37 estimate; analysis/figure_data/scratch_coder_figure_3_label_application_patterns.csv::CSV row 20, source_value_string + analysis/outputs_validation_scratch_stage_b_20260825/label_support.csv::CSV row 21, baseline_human_majority_positive_n; analysis/scratch_coder_results/results.md::S5T002.r43 estimate; analysis/figure_data/scratch_coder_figure_3_label_application_patterns.csv::CSV row 21, source_value_string","[[""52"", ""11"", ""10"", ""47"", ""33"", ""2"", ""4"", ""1""], [""36"", ""9"", ""7"", ""19"", ""30"", ""1"", ""1"", ""26""]]",exact,PASS,purpose all-label totals,
R184,scratch_coder_figure_revisions_log_pass2.md,D.3,"[""159"", ""103""]",S5T002,"sum all labels minus Unclear; analysis/outputs_validation_scratch_stage_b_20260825/label_support.csv::CSV row 14, baseline_model_positive_n; analysis/scratch_coder_results/results.md::S5T002.r3 estimate; analysis/figure_data/scratch_coder_figure_3_label_application_patterns.csv::CSV row 14, interval_lower_string; analysis/outputs_validation_scratch_stage_b_20260825/label_support.csv::CSV row 15, baseline_model_positive_n; analysis/scratch_coder_results/results.md::S5T002.r9 estimate; analysis/figure_data/scratch_coder_figure_3_label_application_patterns.csv::CSV row 15, interval_lower_string; analysis/outputs_validation_scratch_stage_b_20260825/label_support.csv::CSV row 16, baseline_model_positive_n; analysis/scratch_coder_results/results.md::S5T002.r15 estimate; analysis/figure_data/scratch_coder_figure_3_label_application_patterns.csv::CSV row 16, interval_lower_string; analysis/outputs_validation_scratch_stage_b_20260825/label_support.csv::CSV row 17, baseline_model_positive_n; analysis/scratch_coder_results/results.md::S5T002.r21 estimate; analysis/figure_data/scratch_coder_figure_3_label_application_patterns.csv::CSV row 17, interval_lower_string; analysis/outputs_validation_scratch_stage_b_20260825/label_support.csv::CSV row 18, baseline_model_positive_n; analysis/scratch_coder_results/results.md::S5T002.r27 estimate; analysis/figure_data/scratch_coder_figure_3_label_application_patterns.csv::CSV row 18, interval_lower_string; analysis/outputs_validation_scratch_stage_b_20260825/label_support.csv::CSV row 19, baseline_model_positive_n; analysis/scratch_coder_results/results.md::S5T002.r33 estimate; analysis/figure_data/scratch_coder_figure_3_label_application_patterns.csv::CSV row 19, interval_lower_string; analysis/outputs_validation_scratch_stage_b_20260825/label_support.csv::CSV row 20, baseline_model_positive_n; analysis/scratch_coder_results/results.md::S5T002.r39 estimate; analysis/figure_data/scratch_coder_figure_3_label_application_patterns.csv::CSV row 20, interval_lower_string; analysis/outputs_validation_scratch_stage_b_20260825/label_support.csv::CSV row 21, baseline_model_positive_n; analysis/scratch_coder_results/results.md::S5T002.r45 estimate; analysis/figure_data/scratch_coder_figure_3_label_application_patterns.csv::CSV row 21, interval_lower_string; sum all labels minus Unclear; analysis/outputs_validation_scratch_stage_b_20260825/label_support.csv::CSV row 14, baseline_human_majority_positive_n; analysis/scratch_coder_results/results.md::S5T002.r1 estimate; analysis/figure_data/scratch_coder_figure_3_label_application_patterns.csv::CSV row 14, source_value_string; analysis/outputs_validation_scratch_stage_b_20260825/label_support.csv::CSV row 15, baseline_human_majority_positive_n; analysis/scratch_coder_results/results.md::S5T002.r7 estimate; analysis/figure_data/scratch_coder_figure_3_label_application_patterns.csv::CSV row 15, source_value_string; analysis/outputs_validation_scratch_stage_b_20260825/label_support.csv::CSV row 16, baseline_human_majority_positive_n; analysis/scratch_coder_results/results.md::S5T002.r13 estimate; analysis/figure_data/scratch_coder_figure_3_label_application_patterns.csv::CSV row 16, source_value_string; analysis/outputs_validation_scratch_stage_b_20260825/label_support.csv::CSV row 17, baseline_human_majority_positive_n; analysis/scratch_coder_results/results.md::S5T002.r19 estimate; analysis/figure_data/scratch_coder_figure_3_label_application_patterns.csv::CSV row 17, source_value_string; analysis/outputs_validation_scratch_stage_b_20260825/label_support.csv::CSV row 18, baseline_human_majority_positive_n; analysis/scratch_coder_results/results.md::S5T002.r25 estimate; analysis/figure_data/scratch_coder_figure_3_label_application_patterns.csv::CSV row 18, source_value_string; analysis/outputs_validation_scratch_stage_b_20260825/label_support.csv::CSV row 19, baseline_human_majority_positive_n; analysis/scratch_coder_results/results.md::S5T002.r31 estimate; analysis/figure_data/scratch_coder_figure_3_label_application_patterns.csv::CSV row 19, source_value_string; analysis/outputs_validation_scratch_stage_b_20260825/label_support.csv::CSV row 20, baseline_human_majority_positive_n; analysis/scratch_coder_results/results.md::S5T002.r37 estimate; analysis/figure_data/scratch_coder_figure_3_label_application_patterns.csv::CSV row 20, source_value_string; analysis/outputs_validation_scratch_stage_b_20260825/label_support.csv::CSV row 21, baseline_human_majority_positive_n; analysis/scratch_coder_results/results.md::S5T002.r43 estimate; analysis/figure_data/scratch_coder_figure_3_label_application_patterns.csv::CSV row 21, source_value_string","[[""52"", ""11"", ""10"", ""47"", ""33"", ""2"", ""4"", ""1""], [""36"", ""9"", ""7"", ""19"", ""30"", ""1"", ""1"", ""26""]]",exact,PASS,purpose substantive totals,
R185,scratch_coder_figure_revisions_log_pass2.md,D.3,"[""26"", ""129""]",S5T002,"analysis/outputs_validation_scratch_stage_b_20260825/label_support.csv::CSV row 21, baseline_human_majority_positive_n; analysis/scratch_coder_results/results.md::S5T002.r43 estimate; analysis/figure_data/scratch_coder_figure_3_label_application_patterns.csv::CSV row 21, source_value_string; approved all-label majority total","[[""26"", ""26"", ""26""], [""129""]]",exact,PASS,purpose majority Unclear share of all applications,
R186,scratch_coder_figure_revisions_log_pass2.md,D.1,"[""36""]",S5T002,"analysis/outputs_validation_scratch_stage_b_20260825/label_support.csv::CSV row 14, baseline_human_majority_positive_n; analysis/scratch_coder_results/results.md::S5T002.r1 estimate; analysis/figure_data/scratch_coder_figure_3_label_application_patterns.csv::CSV row 14, source_value_string","[[""36"", ""36"", ""36""]]",exact,PASS,Descriptive Monitoring majority count,
R187,scratch_coder_figure_revisions_log_pass2.md,D.1,"[""30""]",S5T002,"analysis/outputs_validation_scratch_stage_b_20260825/label_support.csv::CSV row 18, baseline_human_majority_positive_n; analysis/scratch_coder_results/results.md::S5T002.r25 estimate; analysis/figure_data/scratch_coder_figure_3_label_application_patterns.csv::CSV row 18, source_value_string","[[""30"", ""30"", ""30""]]",exact,PASS,Policy Evaluation / Impact Analysis majority count,
R188,scratch_coder_figure_revisions_log_pass2.md,D.1,"[""19""]",S5T002,"analysis/outputs_validation_scratch_stage_b_20260825/label_support.csv::CSV row 17, baseline_human_majority_positive_n; analysis/scratch_coder_results/results.md::S5T002.r19 estimate; analysis/figure_data/scratch_coder_figure_3_label_application_patterns.csv::CSV row 17, source_value_string","[[""19"", ""19"", ""19""]]",exact,PASS,Outcome Tracking majority count,
R189,scratch_coder_figure_revisions_log_pass2.md,D.1,"[""26""]",S5T002,"analysis/outputs_validation_scratch_stage_b_20260825/label_support.csv::CSV row 21, baseline_human_majority_positive_n; analysis/scratch_coder_results/results.md::S5T002.r43 estimate; analysis/figure_data/scratch_coder_figure_3_label_application_patterns.csv::CSV row 21, source_value_string","[[""26"", ""26"", ""26""]]",exact,PASS,Unclear from Register Entry majority count,
R190,scratch_coder_figure_revisions_log_pass2.md,D.1,"[""9""]",S5T002,"analysis/outputs_validation_scratch_stage_b_20260825/label_support.csv::CSV row 15, baseline_human_majority_positive_n; analysis/scratch_coder_results/results.md::S5T002.r7 estimate; analysis/figure_data/scratch_coder_figure_3_label_application_patterns.csv::CSV row 15, source_value_string","[[""9"", ""9"", ""9""]]",exact,PASS,Life-Course / Trajectory Analysis majority count,
R191,scratch_coder_figure_revisions_log_pass2.md,D.1,"[""7""]",S5T002,"analysis/outputs_validation_scratch_stage_b_20260825/label_support.csv::CSV row 16, baseline_human_majority_positive_n; analysis/scratch_coder_results/results.md::S5T002.r13 estimate; analysis/figure_data/scratch_coder_figure_3_label_application_patterns.csv::CSV row 16, source_value_string","[[""7"", ""7"", ""7""]]",exact,PASS,Methodological / Infrastructure Research majority count,
R192,scratch_coder_figure_revisions_log_pass2.md,D.1,"[""1""]",S5T002,"analysis/outputs_validation_scratch_stage_b_20260825/label_support.csv::CSV row 19, baseline_human_majority_positive_n; analysis/scratch_coder_results/results.md::S5T002.r31 estimate; analysis/figure_data/scratch_coder_figure_3_label_application_patterns.csv::CSV row 19, source_value_string","[[""1"", ""1"", ""1""]]",exact,PASS,Risk Prediction / Early Identification majority count,
R193,scratch_coder_figure_revisions_log_pass2.md,D.1,"[""1""]",S5T002,"analysis/outputs_validation_scratch_stage_b_20260825/label_support.csv::CSV row 20, baseline_human_majority_positive_n; analysis/scratch_coder_results/results.md::S5T002.r37 estimate; analysis/figure_data/scratch_coder_figure_3_label_application_patterns.csv::CSV row 20, source_value_string","[[""1"", ""1"", ""1""]]",exact,PASS,Service Interaction / Systems Analysis majority count,
R194,scratch_coder_figure_revisions_log_pass2.md,E.4,"[""48""]",disagreement_type_distribution.csv,"analysis/outputs_disagreement_types_20260909T084916Z/disagreement_type_distribution.csv::CSV row 5, proportion_of_nonidentical_nonempty_pairs","[[""0.47727272727272729""]]",percentage,PASS,domains human pairs relation percentage 1,
R195,scratch_coder_figure_revisions_log_pass2.md,E.4,"[""5""]",disagreement_type_distribution.csv,"analysis/outputs_disagreement_types_20260909T084916Z/disagreement_type_distribution.csv::CSV row 6, proportion_of_nonidentical_nonempty_pairs","[[""0.050000000000000003""]]",percentage,PASS,domains human pairs relation percentage 2,
R196,scratch_coder_figure_revisions_log_pass2.md,E.4,"[""47""]",disagreement_type_distribution.csv,"analysis/outputs_disagreement_types_20260909T084916Z/disagreement_type_distribution.csv::CSV row 7, proportion_of_nonidentical_nonempty_pairs","[[""0.47272727272727272""]]",percentage,PASS,domains human pairs relation percentage 3,
R197,scratch_coder_figure_revisions_log_pass2.md,E.4,"[""220""]",disagreement_type_distribution.csv,"analysis/outputs_disagreement_types_20260909T084916Z/disagreement_type_distribution.csv::CSV row 5, nonidentical_nonempty_pairs","[[""220""]]",exact,PASS,domains human pairs eligible pairs,
R198,scratch_coder_figure_revisions_log_pass2.md,E.4,"[""52""]",disagreement_type_distribution.csv,"analysis/outputs_disagreement_types_20260909T084916Z/disagreement_type_distribution.csv::CSV row 11, proportion_of_nonidentical_nonempty_pairs","[[""0.51758793969849248""]]",percentage,PASS,domains model-human pairs relation percentage 1,
R199,scratch_coder_figure_revisions_log_pass2.md,E.4,"[""8""]",disagreement_type_distribution.csv,"analysis/outputs_disagreement_types_20260909T084916Z/disagreement_type_distribution.csv::CSV row 12, proportion_of_nonidentical_nonempty_pairs","[[""0.080402010050251257""]]",percentage,PASS,domains model-human pairs relation percentage 2,
R200,scratch_coder_figure_revisions_log_pass2.md,E.4,"[""40""]",disagreement_type_distribution.csv,"analysis/outputs_disagreement_types_20260909T084916Z/disagreement_type_distribution.csv::CSV row 13, proportion_of_nonidentical_nonempty_pairs","[[""0.4020100502512563""]]",percentage,PASS,domains model-human pairs relation percentage 3,
R201,scratch_coder_figure_revisions_log_pass2.md,E.4,"[""199""]",disagreement_type_distribution.csv,"analysis/outputs_disagreement_types_20260909T084916Z/disagreement_type_distribution.csv::CSV row 11, nonidentical_nonempty_pairs","[[""199""]]",exact,PASS,domains model-human pairs eligible pairs,
R202,scratch_coder_figure_revisions_log_pass2.md,E.4,"[""14""]",disagreement_type_distribution.csv,"analysis/outputs_disagreement_types_20260909T084916Z/disagreement_type_distribution.csv::CSV row 17, proportion_of_nonidentical_nonempty_pairs","[[""0.13970588235294118""]]",percentage,PASS,purposes human pairs relation percentage 1,
R203,scratch_coder_figure_revisions_log_pass2.md,E.4,"[""0""]",disagreement_type_distribution.csv,"analysis/outputs_disagreement_types_20260909T084916Z/disagreement_type_distribution.csv::CSV row 18, proportion_of_nonidentical_nonempty_pairs","[[""0.0036764705882352941""]]",percentage,PASS,purposes human pairs relation percentage 2,
R204,scratch_coder_figure_revisions_log_pass2.md,E.4,"[""86""]",disagreement_type_distribution.csv,"analysis/outputs_disagreement_types_20260909T084916Z/disagreement_type_distribution.csv::CSV row 19, proportion_of_nonidentical_nonempty_pairs","[[""0.85661764705882348""]]",percentage,PASS,purposes human pairs relation percentage 3,
R205,scratch_coder_figure_revisions_log_pass2.md,E.4,"[""272""]",disagreement_type_distribution.csv,"analysis/outputs_disagreement_types_20260909T084916Z/disagreement_type_distribution.csv::CSV row 17, nonidentical_nonempty_pairs","[[""272""]]",exact,PASS,purposes human pairs eligible pairs,
R206,scratch_coder_figure_revisions_log_pass2.md,E.4,"[""15""]",disagreement_type_distribution.csv,"analysis/outputs_disagreement_types_20260909T084916Z/disagreement_type_distribution.csv::CSV row 23, proportion_of_nonidentical_nonempty_pairs","[[""0.14814814814814814""]]",percentage,PASS,purposes model-human pairs relation percentage 1,
R207,scratch_coder_figure_revisions_log_pass2.md,E.4,"[""1""]",disagreement_type_distribution.csv,"analysis/outputs_disagreement_types_20260909T084916Z/disagreement_type_distribution.csv::CSV row 24, proportion_of_nonidentical_nonempty_pairs","[[""0.014814814814814815""]]",percentage,PASS,purposes model-human pairs relation percentage 2,
R208,scratch_coder_figure_revisions_log_pass2.md,E.4,"[""84""]",disagreement_type_distribution.csv,"analysis/outputs_disagreement_types_20260909T084916Z/disagreement_type_distribution.csv::CSV row 25, proportion_of_nonidentical_nonempty_pairs","[[""0.83703703703703702""]]",percentage,PASS,purposes model-human pairs relation percentage 3,
R209,scratch_coder_figure_revisions_log_pass2.md,E.4,"[""270""]",disagreement_type_distribution.csv,"analysis/outputs_disagreement_types_20260909T084916Z/disagreement_type_distribution.csv::CSV row 23, nonidentical_nonempty_pairs","[[""270""]]",exact,PASS,purposes model-human pairs eligible pairs,
R210,scratch_coder_figure_revisions_log_pass2.md,E.4,"[""0.015""]",disagreement_type_distribution.csv,"analysis/outputs_disagreement_types_20260909T084916Z/disagreement_type_distribution.csv::CSV row 24, proportion_of_nonidentical_nonempty_pairs","[[""0.014814814814814815""]]",rounded,PASS,purposes model-human overlap full precision,
R211,scratch_coder_figure_revisions_log_pass2.md,E.4,"[""4"", ""270""]",disagreement_type_distribution.csv,"analysis/outputs_disagreement_types_20260909T084916Z/disagreement_type_distribution.csv::CSV row 24, count; analysis/outputs_disagreement_types_20260909T084916Z/disagreement_type_distribution.csv::CSV row 24, nonidentical_nonempty_pairs","[[""4""], [""270""]]",exact,PASS,purposes model-human overlap count and denominator,
R212,scratch_coder_figure_revisions_log_pass2.md,T5.2,"[""1"", ""<1""]",disagreement_type_distribution.csv,"analysis/outputs_disagreement_types_20260909T084916Z/disagreement_type_distribution.csv::CSV row 18, count; analysis/outputs_disagreement_types_20260909T084916Z/disagreement_type_distribution.csv::CSV row 18, proportion_of_nonidentical_nonempty_pairs","[[""1""], [""0.0036764705882352941""]]",exact count; nonzero percentage below 1%,PASS,purposes human overlap cell,
R213,scratch_coder_figure_revisions_log_pass2.md,E.5,"[""7""]",disagreement_type_distribution.csv,"analysis/outputs_disagreement_types_20260909T084916Z/disagreement_type_distribution.csv::CSV row 29, nonidentical_nonempty_pairs","[[""7""]]",exact,PASS,human tag eligible pairs,
R214,scratch_coder_figure_revisions_log_pass2.md,E.5,"[""6""]",disagreement_type_distribution.csv,"analysis/outputs_disagreement_types_20260909T084916Z/disagreement_type_distribution.csv::CSV row 35, nonidentical_nonempty_pairs","[[""6""]]",exact,PASS,model-human tag eligible pairs,
R215,scratch_coder_figure_revisions_log_pass2.md,O.1,"[""3"", ""75""]",majority_coverage.csv,"analysis/outputs_majority_coverage_20260914T170315Z/majority_coverage.csv::CSV row 40, count; denominator","[[""3""], [""75""]]",exact,PASS,hard-case Research Domains majority Unclear,
R216,scratch_coder_figure_revisions_log_pass2.md,O.1,"[""20"", ""75""]",majority_coverage.csv,"analysis/outputs_majority_coverage_20260914T170315Z/majority_coverage.csv::CSV row 53, count; denominator","[[""20""], [""75""]]",exact,PASS,hard-case Analytical Purposes majority Unclear,
R217,scratch_coder_figure_revisions_log_pass2.md,O.1,"[""19"", ""11"", ""13"", ""5""]",S2T015,"analysis/outputs_validation_scratch_stage_b_20260825/tag_diagnostics.csv::CSV row 2, model_positive_n; analysis/scratch_coder_results/results.md::S2T015.r9 estimate; analysis/outputs_validation_scratch_stage_b_20260825/tag_diagnostics.csv::CSV row 2, human_majority_positive_n; analysis/scratch_coder_results/results.md::S2T015.r7 estimate; analysis/outputs_validation_scratch_stage_b_20260825/tag_diagnostics.csv::CSV row 2, fp; analysis/scratch_coder_results/results.md::S2T015.r3 estimate; analysis/outputs_validation_scratch_stage_b_20260825/tag_diagnostics.csv::CSV row 2, fn; analysis/scratch_coder_results/results.md::S2T015.r4 estimate","[[""19"", ""19""], [""11"", ""11""], [""13"", ""13""], [""5"", ""5""]]",exact,PASS,equity baseline diagnostics,
R218,scratch_coder_figure_revisions_log_pass2.md,O.1,"[""8"", ""8"", ""3"", ""3""]",S2T017,"analysis/outputs_validation_scratch_stage_b_20260825/tag_diagnostics.csv::CSV row 4, model_positive_n; analysis/scratch_coder_results/results.md::S2T017.r9 estimate; analysis/outputs_validation_scratch_stage_b_20260825/tag_diagnostics.csv::CSV row 4, human_majority_positive_n; analysis/scratch_coder_results/results.md::S2T017.r7 estimate; analysis/outputs_validation_scratch_stage_b_20260825/tag_diagnostics.csv::CSV row 4, fp; analysis/scratch_coder_results/results.md::S2T017.r3 estimate; analysis/outputs_validation_scratch_stage_b_20260825/tag_diagnostics.csv::CSV row 4, fn; analysis/scratch_coder_results/results.md::S2T017.r4 estimate","[[""8"", ""8""], [""8"", ""8""], [""3"", ""3""], [""3"", ""3""]]",exact,PASS,equity hard-case diagnostics,
R219,scratch_coder_figure_revisions_log_pass2.md,O.1,"[""6"", ""6"", ""0"", ""0""]",S2T018,"analysis/outputs_validation_scratch_stage_b_20260825/tag_diagnostics.csv::CSV row 5, model_positive_n; analysis/scratch_coder_results/results.md::S2T018.r9 estimate; analysis/outputs_validation_scratch_stage_b_20260825/tag_diagnostics.csv::CSV row 5, human_majority_positive_n; analysis/scratch_coder_results/results.md::S2T018.r7 estimate; analysis/outputs_validation_scratch_stage_b_20260825/tag_diagnostics.csv::CSV row 5, fp; analysis/scratch_coder_results/results.md::S2T018.r3 estimate; analysis/outputs_validation_scratch_stage_b_20260825/tag_diagnostics.csv::CSV row 5, fn; analysis/scratch_coder_results/results.md::S2T018.r4 estimate","[[""6"", ""6""], [""6"", ""6""], [""0"", ""0""], [""0"", ""0""]]",exact,PASS,COVID hard-case diagnostics,
R220,scratch_coder_figure_revisions_log_pass2.md,O.1,"[""11"", ""12"", ""37""]",,,,not checked,NOT CHECKED,post-exclusion accompanying tag-disagreement frame counts,Stated source is a record-level cross-model comparison; opening it is forbidden for this run.
R221,scratch_coder_figure_revisions_log_pass2.md,O.4,"[""92"", ""150"", ""0.613"", ""0.533"", ""0.688""]",S8T003,"analysis/outputs_validation_scratch_20260824/sufficiency_record_distribution.csv::CSV row 2, count; analysis/scratch_coder_results/results.md::S8T003.r1 estimate; analysis/figure_data/scratch_coder_supplementary_table_s1_majority_coverage.csv::CSV row 2, source_value_string; denominator; analysis/outputs_validation_scratch_20260824/sufficiency_record_distribution.csv::CSV row 2, proportion; analysis/scratch_coder_results/results.md::S8T003.r2 estimate; analysis/figure_data/scratch_coder_supplementary_table_s1_majority_coverage.csv::CSV row 3, source_value_string; analysis/outputs_validation_scratch_20260824/sufficiency_subset_summary.csv::CSV row 3, ci_lower; analysis/scratch_coder_results/results.md::S8T003.r2 interval_lower; analysis/figure_data/scratch_coder_supplementary_table_s1_majority_coverage.csv::CSV row 3, interval_lower_string; analysis/outputs_validation_scratch_20260824/sufficiency_subset_summary.csv::CSV row 3, ci_upper; analysis/scratch_coder_results/results.md::S8T003.r2 interval_upper; analysis/figure_data/scratch_coder_supplementary_table_s1_majority_coverage.csv::CSV row 3, interval_upper_string","[[""92"", ""92"", ""92""], [""150""], [""0.6133333333333333"", ""0.6133333333333333"", ""0.6133333333333333""], [""0.5334979124018292"", ""0.5334979124018292"", ""0.5334979124018292""], [""0.6875088322080735"", ""0.6875088322080735"", ""0.6875088322080735""]]",rounded,PASS,majority Sufficient proportion,
R222,scratch_coder_figure_revisions_log_pass2.md,O.5,"[""4"", ""6""]",,,,not checked,NOT CHECKED,eligible purpose and domain label counts,Counts are not exported as source cells and counting eligibility flags is not an approved derivation.
R223,scratch_coder_figure_revisions_log_pass2.md,O.6,"[""86""]",disagreement_type_distribution.csv,"analysis/outputs_disagreement_types_20260909T084916Z/disagreement_type_distribution.csv::CSV row 19, proportion_of_nonidentical_nonempty_pairs","[[""0.85661764705882348""]]",percentage,PASS,human-pair disjoint percentage,
R224,scratch_coder_figure_revisions_log_pass2.md,O.6,"[""84""]",disagreement_type_distribution.csv,"analysis/outputs_disagreement_types_20260909T084916Z/disagreement_type_distribution.csv::CSV row 25, proportion_of_nonidentical_nonempty_pairs","[[""0.83703703703703702""]]",percentage,PASS,model-human disjoint percentage,
F001,scratch_coder_interpretive_findings.md,preamble,"[""95""]",S5T005,confidence_level,"[[""95%""]]",exact,PASS,kappa interval confidence level,
F002,scratch_coder_interpretive_findings.md,preamble,"[""95""]",S8T003,confidence_level,"[[""95%""]]",exact,PASS,Wilson interval confidence level,
F003,scratch_coder_interpretive_findings.md,F.1,"[""13""]",S5T001,"analysis/outputs_validation_scratch_stage_b_20260825/label_support.csv::CSV row 13, baseline_human_majority_positive_n; analysis/scratch_coder_results/results.md::S5T001.r67 estimate; analysis/figure_data/scratch_coder_figure_3_label_application_patterns.csv::CSV row 13, source_value_string","[[""13"", ""13"", ""13""]]",exact,PASS,domain majority Unclear,
F004,scratch_coder_interpretive_findings.md,F.1,"[""26""]",S5T002,"analysis/outputs_validation_scratch_stage_b_20260825/label_support.csv::CSV row 21, baseline_human_majority_positive_n; analysis/scratch_coder_results/results.md::S5T002.r43 estimate; analysis/figure_data/scratch_coder_figure_3_label_application_patterns.csv::CSV row 21, source_value_string","[[""26"", ""26"", ""26""]]",exact,PASS,purpose majority Unclear,
F005,scratch_coder_interpretive_findings.md,F.1,"[""1""]",S5T001,"analysis/outputs_validation_scratch_stage_b_20260825/label_support.csv::CSV row 13, baseline_model_positive_n; analysis/scratch_coder_results/results.md::S5T001.r69 estimate; analysis/figure_data/scratch_coder_figure_3_label_application_patterns.csv::CSV row 13, interval_lower_string","[[""1"", ""1"", ""1""]]",exact,PASS,domain model Unclear,
F006,scratch_coder_interpretive_findings.md,F.1,"[""1""]",S5T002,"analysis/outputs_validation_scratch_stage_b_20260825/label_support.csv::CSV row 21, baseline_model_positive_n; analysis/scratch_coder_results/results.md::S5T002.r45 estimate; analysis/figure_data/scratch_coder_figure_3_label_application_patterns.csv::CSV row 21, interval_lower_string","[[""1"", ""1"", ""1""]]",exact,PASS,purpose model Unclear,
F007,scratch_coder_interpretive_findings.md,F.1,"[""19"", ""11"", ""13"", ""5""]",S2T015,"analysis/outputs_validation_scratch_stage_b_20260825/tag_diagnostics.csv::CSV row 2, model_positive_n; analysis/scratch_coder_results/results.md::S2T015.r9 estimate; analysis/outputs_validation_scratch_stage_b_20260825/tag_diagnostics.csv::CSV row 2, human_majority_positive_n; analysis/scratch_coder_results/results.md::S2T015.r7 estimate; analysis/outputs_validation_scratch_stage_b_20260825/tag_diagnostics.csv::CSV row 2, fp; analysis/scratch_coder_results/results.md::S2T015.r3 estimate; analysis/outputs_validation_scratch_stage_b_20260825/tag_diagnostics.csv::CSV row 2, fn; analysis/scratch_coder_results/results.md::S2T015.r4 estimate","[[""19"", ""19""], [""11"", ""11""], [""13"", ""13""], [""5"", ""5""]]",exact,PASS,baseline equity diagnostics,
F008,scratch_coder_interpretive_findings.md,F.2,"[""0.15"", ""0.32""]",S5T005,minimum stated set; maximum stated set,"[[""0.23832092078537598"", ""0.15014164305949007"", ""0.32195975503062135""], [""0.23832092078537598"", ""0.15014164305949007"", ""0.32195975503062135""]]",rounded,PASS,domain human Unclear kappa range,
F009,scratch_coder_interpretive_findings.md,F.2,"[""0.04"", ""0.24""]",S5T005,minimum stated set; maximum stated set,"[[""0.24114671163574875"", ""0.12241224122412374"", ""0.037487335359675876""], [""0.24114671163574875"", ""0.12241224122412374"", ""0.037487335359675876""]]",rounded,PASS,domain Fable Unclear kappa range,
F010,scratch_coder_interpretive_findings.md,F.2,"[""0.24"", ""0.40""]",S5T006,minimum stated set; maximum stated set,"[[""0.4011976047904193"", ""0.27295191028321614"", ""0.23631123919308347""], [""0.4011976047904193"", ""0.27295191028321614"", ""0.23631123919308347""]]",rounded,PASS,purpose human Unclear kappa range,
F011,scratch_coder_interpretive_findings.md,F.2,"[""0.02"", ""0.11""]",S5T006,minimum stated set; maximum stated set,"[[""0.07146876758581891"", ""0.1139240506329105"", ""0.016056393185823404""], [""0.07146876758581891"", ""0.1139240506329105"", ""0.016056393185823404""]]",rounded,PASS,purpose Fable Unclear kappa range,
F012,scratch_coder_interpretive_findings.md,F.2,"[""0""]",S5T006,"analysis/outputs_validation_scratch_stage_b_20260825/per_label_pairwise_kappa.csv::CSV row 59, ci_lower; analysis/scratch_coder_results/results.md::S5T006.r22 interval_lower; analysis/figure_data/scratch_coder_table_2_pairwise_kappa_purposes.csv::CSV row 47, interval_lower_string","[[""0.0"", ""0.0"", ""0.0""]]",exact,PASS,purpose Unclear L-A lower bound,
F013,scratch_coder_interpretive_findings.md,F.2,"[""0""]",S5T006,"analysis/outputs_validation_scratch_stage_b_20260825/per_label_pairwise_kappa.csv::CSV row 60, ci_lower; analysis/scratch_coder_results/results.md::S5T006.r23 interval_lower; analysis/figure_data/scratch_coder_table_2_pairwise_kappa_purposes.csv::CSV row 48, interval_lower_string","[[""0.0"", ""0.0"", ""0.0""]]",exact,PASS,purpose Unclear L-B lower bound,
F014,scratch_coder_interpretive_findings.md,F.2,"[""0""]",S5T006,"analysis/outputs_validation_scratch_stage_b_20260825/per_label_pairwise_kappa.csv::CSV row 61, ci_lower; analysis/scratch_coder_results/results.md::S5T006.r24 interval_lower; analysis/figure_data/scratch_coder_table_2_pairwise_kappa_purposes.csv::CSV row 49, interval_lower_string","[[""0.0"", ""0.0"", ""0.0""]]",exact,PASS,purpose Unclear L-C lower bound,
F015,scratch_coder_interpretive_findings.md,F.3,"[""20"", ""75"", ""27""]",majority_coverage.csv,"analysis/outputs_majority_coverage_20260914T170315Z/majority_coverage.csv::CSV row 53, count; denominator; count / denominator","[[""20""], [""75""], [""20"", ""75""]]",exact numerator/denominator; percentage scaling and half-up,PASS,hard-case purposes Unclear-only share,
F016,scratch_coder_interpretive_findings.md,F.3,"[""26"", ""150"", ""17""]",majority_coverage.csv,"analysis/outputs_majority_coverage_20260914T170315Z/majority_coverage.csv::CSV row 26, count; denominator; count / denominator","[[""26""], [""150""], [""26"", ""150""]]",exact numerator/denominator; percentage scaling and half-up,PASS,baseline purposes Unclear-only share,
F017,scratch_coder_interpretive_findings.md,F.13,"[""21"", ""4"", ""35""]",S5T003,"analysis/outputs_validation_scratch_stage_b_20260825/per_label_contingencies.csv::CSV row 9, fp; analysis/scratch_coder_results/results.md::S5T003.r84 estimate; analysis/figure_data/scratch_coder_figure_3.csv::CSV row 9, fp_string; analysis/figure_data/scratch_coder_figure_4.csv::CSV row 9, fp_string; analysis/figure_data/scratch_coder_table_3_contingencies_performance_domains.csv::CSV row 52, source_value_string; analysis/outputs_validation_scratch_stage_b_20260825/per_label_contingencies.csv::CSV row 9, fn; analysis/scratch_coder_results/results.md::S5T003.r85 estimate; analysis/figure_data/scratch_coder_figure_3.csv::CSV row 9, fn_string; analysis/figure_data/scratch_coder_figure_4.csv::CSV row 9, fn_string; analysis/figure_data/scratch_coder_table_3_contingencies_performance_domains.csv::CSV row 53, source_value_string; analysis/outputs_validation_scratch_stage_b_20260825/per_label_contingencies.csv::CSV row 9, tp; analysis/scratch_coder_results/results.md::S5T003.r83 estimate; analysis/figure_data/scratch_coder_table_3_contingencies_performance_domains.csv::CSV row 51, source_value_string","[[""21"", ""21"", ""21"", ""21"", ""21""], [""4"", ""4"", ""4"", ""4"", ""4""], [""35"", ""35"", ""35""]]",exact,PASS,Labour Market & Employment contingency values,
F018,scratch_coder_interpretive_findings.md,F.13,"[""6"", ""4""]",S5T003,"analysis/outputs_validation_scratch_stage_b_20260825/per_label_contingencies.csv::CSV row 6, fp; analysis/scratch_coder_results/results.md::S5T003.r51 estimate; analysis/figure_data/scratch_coder_figure_3.csv::CSV row 6, fp_string; analysis/figure_data/scratch_coder_table_3_contingencies_performance_domains.csv::CSV row 31, source_value_string; analysis/outputs_validation_scratch_stage_b_20260825/per_label_contingencies.csv::CSV row 6, tp; analysis/scratch_coder_results/results.md::S5T003.r50 estimate; analysis/figure_data/scratch_coder_table_3_contingencies_performance_domains.csv::CSV row 30, source_value_string","[[""6"", ""6"", ""6"", ""6""], [""4"", ""4"", ""4""]]",exact,PASS,Environment & Agriculture contingency values,
F019,scratch_coder_interpretive_findings.md,F.13,"[""4"", ""0""]",S5T003,"analysis/outputs_validation_scratch_stage_b_20260825/per_label_contingencies.csv::CSV row 4, fp; analysis/scratch_coder_results/results.md::S5T003.r29 estimate; analysis/figure_data/scratch_coder_figure_3.csv::CSV row 4, fp_string; analysis/figure_data/scratch_coder_table_3_contingencies_performance_domains.csv::CSV row 17, source_value_string; analysis/outputs_validation_scratch_stage_b_20260825/per_label_contingencies.csv::CSV row 4, tp; analysis/scratch_coder_results/results.md::S5T003.r28 estimate; analysis/figure_data/scratch_coder_table_3_contingencies_performance_domains.csv::CSV row 16, source_value_string","[[""4"", ""4"", ""4"", ""4""], [""0"", ""0"", ""0""]]",exact,PASS,Data Infrastructure & Methodology contingency values,
F020,scratch_coder_interpretive_findings.md,F.13,"[""1"", ""0""]",S5T003,"analysis/outputs_validation_scratch_stage_b_20260825/per_label_contingencies.csv::CSV row 8, fp; analysis/scratch_coder_results/results.md::S5T003.r73 estimate; analysis/figure_data/scratch_coder_figure_3.csv::CSV row 8, fp_string; analysis/figure_data/scratch_coder_table_3_contingencies_performance_domains.csv::CSV row 45, source_value_string; analysis/outputs_validation_scratch_stage_b_20260825/per_label_contingencies.csv::CSV row 8, tp; analysis/scratch_coder_results/results.md::S5T003.r72 estimate; analysis/figure_data/scratch_coder_table_3_contingencies_performance_domains.csv::CSV row 44, source_value_string","[[""1"", ""1"", ""1"", ""1""], [""0"", ""0"", ""0""]]",exact,PASS,Housing & Planning contingency values,
F021,scratch_coder_interpretive_findings.md,F.13,"[""4"", ""5""]",S5T003,"analysis/outputs_validation_scratch_stage_b_20260825/per_label_contingencies.csv::CSV row 11, fp; analysis/scratch_coder_results/results.md::S5T003.r106 estimate; analysis/figure_data/scratch_coder_figure_3.csv::CSV row 11, fp_string; analysis/figure_data/scratch_coder_figure_4.csv::CSV row 11, fp_string; analysis/figure_data/scratch_coder_table_3_contingencies_performance_domains.csv::CSV row 66, source_value_string; analysis/outputs_validation_scratch_stage_b_20260825/per_label_contingencies.csv::CSV row 11, fn; analysis/scratch_coder_results/results.md::S5T003.r107 estimate; analysis/figure_data/scratch_coder_figure_3.csv::CSV row 11, fn_string; analysis/figure_data/scratch_coder_figure_4.csv::CSV row 11, fn_string; analysis/figure_data/scratch_coder_table_3_contingencies_performance_domains.csv::CSV row 67, source_value_string","[[""4"", ""4"", ""4"", ""4"", ""4""], [""5"", ""5"", ""5"", ""5"", ""5""]]",exact,PASS,"Poverty, Wealth & Living Standards contingency values",
F022,scratch_coder_interpretive_findings.md,F.13,"[""2"", ""5""]",S5T003,"analysis/outputs_validation_scratch_stage_b_20260825/per_label_contingencies.csv::CSV row 10, fp; analysis/scratch_coder_results/results.md::S5T003.r95 estimate; analysis/figure_data/scratch_coder_figure_3.csv::CSV row 10, fp_string; analysis/figure_data/scratch_coder_table_3_contingencies_performance_domains.csv::CSV row 59, source_value_string; analysis/outputs_validation_scratch_stage_b_20260825/per_label_contingencies.csv::CSV row 10, fn; analysis/scratch_coder_results/results.md::S5T003.r96 estimate; analysis/figure_data/scratch_coder_figure_3.csv::CSV row 10, fn_string; analysis/figure_data/scratch_coder_table_3_contingencies_performance_domains.csv::CSV row 60, source_value_string","[[""2"", ""2"", ""2"", ""2""], [""5"", ""5"", ""5"", ""5""]]",exact,PASS,Migration & Demographics contingency values,
F023,scratch_coder_interpretive_findings.md,F.13,"[""0.63"", ""0.49"", ""0.75""]",S5T007,"analysis/outputs_validation_scratch_stage_b_20260825/per_label_model_performance.csv::CSV row 5, precision; analysis/scratch_coder_results/results.md::S5T007.r10 estimate; analysis/figure_data/scratch_coder_table_3_contingencies_performance_domains.csv::CSV row 55, source_value_string; analysis/outputs_validation_scratch_stage_b_20260825/per_label_model_performance.csv::CSV row 5, precision_ci_lower; analysis/scratch_coder_results/results.md::S5T007.r10 interval_lower; analysis/figure_data/scratch_coder_table_3_contingencies_performance_domains.csv::CSV row 55, interval_lower_string; analysis/outputs_validation_scratch_stage_b_20260825/per_label_model_performance.csv::CSV row 5, precision_ci_upper; analysis/scratch_coder_results/results.md::S5T007.r10 interval_upper; analysis/figure_data/scratch_coder_table_3_contingencies_performance_domains.csv::CSV row 55, interval_upper_string","[[""0.625"", ""0.625"", ""0.625""], [""0.4917963323145318"", ""0.4917963323145318"", ""0.4917963323145318""], [""0.75"", ""0.75"", ""0.75""]]",rounded,PASS,Labour Market precision,
F024,scratch_coder_interpretive_findings.md,F.13,"[""0.55"", ""0.23"", ""0.86""]",S5T007,"analysis/outputs_validation_scratch_stage_b_20260825/per_label_model_performance.csv::CSV row 6, recall; analysis/scratch_coder_results/results.md::S5T007.r14 estimate; analysis/figure_data/scratch_coder_table_3_contingencies_performance_domains.csv::CSV row 70, source_value_string; analysis/outputs_validation_scratch_stage_b_20260825/per_label_model_performance.csv::CSV row 6, recall_ci_lower; analysis/scratch_coder_results/results.md::S5T007.r14 interval_lower; analysis/figure_data/scratch_coder_table_3_contingencies_performance_domains.csv::CSV row 70, interval_lower_string; analysis/outputs_validation_scratch_stage_b_20260825/per_label_model_performance.csv::CSV row 6, recall_ci_upper; analysis/scratch_coder_results/results.md::S5T007.r14 interval_upper; analysis/figure_data/scratch_coder_table_3_contingencies_performance_domains.csv::CSV row 70, interval_upper_string","[[""0.5454545454545454"", ""0.5454545454545454"", ""0.5454545454545454""], [""0.23055555555555557"", ""0.23055555555555557"", ""0.23055555555555557""], [""0.8571428571428571"", ""0.8571428571428571"", ""0.8571428571428571""]]",rounded,PASS,Poverty recall,
F025,scratch_coder_interpretive_findings.md,F.14,"[""34"", ""6""]",S5T004,"analysis/outputs_validation_scratch_stage_b_20260825/per_label_contingencies.csv::CSV row 17, fp; analysis/scratch_coder_results/results.md::S5T004.r40 estimate; analysis/figure_data/scratch_coder_figure_3.csv::CSV row 17, fp_string; analysis/figure_data/scratch_coder_figure_4.csv::CSV row 17, fp_string; analysis/figure_data/scratch_coder_table_4_contingencies_performance_purposes.csv::CSV row 24, source_value_string; analysis/outputs_validation_scratch_stage_b_20260825/per_label_contingencies.csv::CSV row 17, fn; analysis/scratch_coder_results/results.md::S5T004.r41 estimate; analysis/figure_data/scratch_coder_figure_3.csv::CSV row 17, fn_string; analysis/figure_data/scratch_coder_figure_4.csv::CSV row 17, fn_string; analysis/figure_data/scratch_coder_table_4_contingencies_performance_purposes.csv::CSV row 25, source_value_string","[[""34"", ""34"", ""34"", ""34"", ""34""], [""6"", ""6"", ""6"", ""6"", ""6""]]",exact,PASS,Outcome Tracking one-sided disagreements,
F026,scratch_coder_interpretive_findings.md,F.14,"[""26"", ""10""]",S5T004,"analysis/outputs_validation_scratch_stage_b_20260825/per_label_contingencies.csv::CSV row 14, fp; analysis/scratch_coder_results/results.md::S5T004.r7 estimate; analysis/figure_data/scratch_coder_figure_3.csv::CSV row 14, fp_string; analysis/figure_data/scratch_coder_figure_4.csv::CSV row 14, fp_string; analysis/figure_data/scratch_coder_table_4_contingencies_performance_purposes.csv::CSV row 3, source_value_string; analysis/outputs_validation_scratch_stage_b_20260825/per_label_contingencies.csv::CSV row 14, fn; analysis/scratch_coder_results/results.md::S5T004.r8 estimate; analysis/figure_data/scratch_coder_figure_3.csv::CSV row 14, fn_string; analysis/figure_data/scratch_coder_figure_4.csv::CSV row 14, fn_string; analysis/figure_data/scratch_coder_table_4_contingencies_performance_purposes.csv::CSV row 4, source_value_string","[[""26"", ""26"", ""26"", ""26"", ""26""], [""10"", ""10"", ""10"", ""10"", ""10""]]",exact,PASS,Descriptive Monitoring one-sided disagreements,
F027,scratch_coder_interpretive_findings.md,F.14,"[""12"", ""9""]",S5T004,"analysis/outputs_validation_scratch_stage_b_20260825/per_label_contingencies.csv::CSV row 18, fp; analysis/scratch_coder_results/results.md::S5T004.r51 estimate; analysis/figure_data/scratch_coder_figure_3.csv::CSV row 18, fp_string; analysis/figure_data/scratch_coder_figure_4.csv::CSV row 18, fp_string; analysis/figure_data/scratch_coder_table_4_contingencies_performance_purposes.csv::CSV row 31, source_value_string; analysis/outputs_validation_scratch_stage_b_20260825/per_label_contingencies.csv::CSV row 18, fn; analysis/scratch_coder_results/results.md::S5T004.r52 estimate; analysis/figure_data/scratch_coder_figure_3.csv::CSV row 18, fn_string; analysis/figure_data/scratch_coder_figure_4.csv::CSV row 18, fn_string; analysis/figure_data/scratch_coder_table_4_contingencies_performance_purposes.csv::CSV row 32, source_value_string","[[""12"", ""12"", ""12"", ""12"", ""12""], [""9"", ""9"", ""9"", ""9"", ""9""]]",exact,PASS,Policy Evaluation / Impact Analysis one-sided disagreements,
F028,scratch_coder_interpretive_findings.md,F.14,"[""8"", ""6""]",S5T004,"analysis/outputs_validation_scratch_stage_b_20260825/per_label_contingencies.csv::CSV row 15, fp; analysis/scratch_coder_results/results.md::S5T004.r18 estimate; analysis/figure_data/scratch_coder_figure_3.csv::CSV row 15, fp_string; analysis/figure_data/scratch_coder_table_4_contingencies_performance_purposes.csv::CSV row 10, source_value_string; analysis/outputs_validation_scratch_stage_b_20260825/per_label_contingencies.csv::CSV row 15, fn; analysis/scratch_coder_results/results.md::S5T004.r19 estimate; analysis/figure_data/scratch_coder_figure_3.csv::CSV row 15, fn_string; analysis/figure_data/scratch_coder_table_4_contingencies_performance_purposes.csv::CSV row 11, source_value_string","[[""8"", ""8"", ""8"", ""8""], [""6"", ""6"", ""6"", ""6""]]",exact,PASS,Life-Course / Trajectory Analysis one-sided disagreements,
F029,scratch_coder_interpretive_findings.md,F.14,"[""5"", ""2""]",S5T004,"analysis/outputs_validation_scratch_stage_b_20260825/per_label_contingencies.csv::CSV row 16, fp; analysis/scratch_coder_results/results.md::S5T004.r29 estimate; analysis/figure_data/scratch_coder_figure_3.csv::CSV row 16, fp_string; analysis/figure_data/scratch_coder_table_4_contingencies_performance_purposes.csv::CSV row 17, source_value_string; analysis/outputs_validation_scratch_stage_b_20260825/per_label_contingencies.csv::CSV row 16, fn; analysis/scratch_coder_results/results.md::S5T004.r30 estimate; analysis/figure_data/scratch_coder_figure_3.csv::CSV row 16, fn_string; analysis/figure_data/scratch_coder_table_4_contingencies_performance_purposes.csv::CSV row 18, source_value_string","[[""5"", ""5"", ""5"", ""5""], [""2"", ""2"", ""2"", ""2""]]",exact,PASS,Methodological / Infrastructure Research one-sided disagreements,
F030,scratch_coder_interpretive_findings.md,F.14,"[""3"", ""0""]",S5T004,"analysis/outputs_validation_scratch_stage_b_20260825/per_label_contingencies.csv::CSV row 20, fp; analysis/scratch_coder_results/results.md::S5T004.r73 estimate; analysis/figure_data/scratch_coder_figure_3.csv::CSV row 20, fp_string; analysis/figure_data/scratch_coder_table_4_contingencies_performance_purposes.csv::CSV row 45, source_value_string; analysis/outputs_validation_scratch_stage_b_20260825/per_label_contingencies.csv::CSV row 20, fn; analysis/scratch_coder_results/results.md::S5T004.r74 estimate; analysis/figure_data/scratch_coder_figure_3.csv::CSV row 20, fn_string; analysis/figure_data/scratch_coder_table_4_contingencies_performance_purposes.csv::CSV row 46, source_value_string","[[""3"", ""3"", ""3"", ""3""], [""0"", ""0"", ""0"", ""0""]]",exact,PASS,Service Interaction / Systems Analysis one-sided disagreements,
F031,scratch_coder_interpretive_findings.md,F.14,"[""1"", ""0""]",S5T004,"analysis/outputs_validation_scratch_stage_b_20260825/per_label_contingencies.csv::CSV row 19, fp; analysis/scratch_coder_results/results.md::S5T004.r62 estimate; analysis/figure_data/scratch_coder_figure_3.csv::CSV row 19, fp_string; analysis/figure_data/scratch_coder_table_4_contingencies_performance_purposes.csv::CSV row 38, source_value_string; analysis/outputs_validation_scratch_stage_b_20260825/per_label_contingencies.csv::CSV row 19, fn; analysis/scratch_coder_results/results.md::S5T004.r63 estimate; analysis/figure_data/scratch_coder_figure_3.csv::CSV row 19, fn_string; analysis/figure_data/scratch_coder_table_4_contingencies_performance_purposes.csv::CSV row 39, source_value_string","[[""1"", ""1"", ""1"", ""1""], [""0"", ""0"", ""0"", ""0""]]",exact,PASS,Risk Prediction / Early Identification one-sided disagreements,
F032,scratch_coder_interpretive_findings.md,F.15,"[""47"", ""19""]",S5T004,"analysis/outputs_validation_scratch_stage_b_20260825/per_label_contingencies.csv::CSV row 17, model_positive_n; analysis/scratch_coder_results/results.md::S5T004.r37 estimate; analysis/figure_data/scratch_coder_figure_3.csv::CSV row 17, model_positive_n_string; analysis/figure_data/scratch_coder_figure_4.csv::CSV row 17, model_positive_n_string; analysis/outputs_validation_scratch_stage_b_20260825/per_label_contingencies.csv::CSV row 17, human_majority_positive_n; analysis/scratch_coder_results/results.md::S5T004.r35 estimate; analysis/figure_data/scratch_coder_figure_3.csv::CSV row 17, human_majority_positive_n_string; analysis/figure_data/scratch_coder_figure_4.csv::CSV row 17, human_majority_positive_n_string","[[""47"", ""47"", ""47"", ""47""], [""19"", ""19"", ""19"", ""19""]]",exact,PASS,Outcome Tracking positive counts,
F033,scratch_coder_interpretive_findings.md,F.15,"[""0.28"", ""0.15"", ""0.42""]",S5T008,"analysis/outputs_validation_scratch_stage_b_20260825/per_label_model_performance.csv::CSV row 9, precision; analysis/scratch_coder_results/results.md::S5T008.r4 estimate; analysis/figure_data/scratch_coder_table_4_contingencies_performance_purposes.csv::CSV row 27, source_value_string; analysis/outputs_validation_scratch_stage_b_20260825/per_label_model_performance.csv::CSV row 9, precision_ci_lower; analysis/scratch_coder_results/results.md::S5T008.r4 interval_lower; analysis/figure_data/scratch_coder_table_4_contingencies_performance_purposes.csv::CSV row 27, interval_lower_string; analysis/outputs_validation_scratch_stage_b_20260825/per_label_model_performance.csv::CSV row 9, precision_ci_upper; analysis/scratch_coder_results/results.md::S5T008.r4 interval_upper; analysis/figure_data/scratch_coder_table_4_contingencies_performance_purposes.csv::CSV row 27, interval_upper_string","[[""0.2765957446808511"", ""0.2765957446808511"", ""0.2765957446808511""], [""0.15214315012305168"", ""0.15214315012305168"", ""0.15214315012305168""], [""0.4167151162790695"", ""0.4167151162790695"", ""0.4167151162790695""]]",rounded,PASS,Outcome Tracking precision,
F034,scratch_coder_interpretive_findings.md,F.15,"[""0.36""]",S5T006,"analysis/outputs_validation_scratch_stage_b_20260825/per_label_pairwise_kappa.csv::CSV row 44, kappa; analysis/scratch_coder_results/results.md::S5T006.r7 estimate; analysis/figure_data/scratch_coder_table_2_pairwise_kappa_purposes.csv::CSV row 20, source_value_string","[[""0.355300859598854"", ""0.355300859598854"", ""0.355300859598854""]]",rounded,PASS,Outcome Tracking A-B kappa,
F035,scratch_coder_interpretive_findings.md,F.15,"[""0.06""]",S5T006,"analysis/outputs_validation_scratch_stage_b_20260825/per_label_pairwise_kappa.csv::CSV row 45, kappa; analysis/scratch_coder_results/results.md::S5T006.r8 estimate; analysis/figure_data/scratch_coder_table_2_pairwise_kappa_purposes.csv::CSV row 21, source_value_string","[[""0.05541561712846416"", ""0.05541561712846416"", ""0.05541561712846416""]]",rounded,PASS,Outcome Tracking A-C kappa,
F036,scratch_coder_interpretive_findings.md,F.15,"[""0.08""]",S5T006,"analysis/outputs_validation_scratch_stage_b_20260825/per_label_pairwise_kappa.csv::CSV row 46, kappa; analysis/scratch_coder_results/results.md::S5T006.r9 estimate; analysis/figure_data/scratch_coder_table_2_pairwise_kappa_purposes.csv::CSV row 22, source_value_string","[[""0.07592407592407588"", ""0.07592407592407588"", ""0.07592407592407588""]]",rounded,PASS,Outcome Tracking B-C kappa,
F037,scratch_coder_interpretive_findings.md,F.4,"[""107""]",S8T001,"analysis/outputs_validation_scratch_20260824/sufficiency_response_distribution.csv::CSV row 5, count; analysis/scratch_coder_results/results.md::S8T001.r7 estimate","[[""107"", ""107""]]",exact,PASS,C01 Sufficient,
F038,scratch_coder_interpretive_findings.md,F.4,"[""96""]",S8T001,"analysis/outputs_validation_scratch_20260824/sufficiency_response_distribution.csv::CSV row 8, count; analysis/scratch_coder_results/results.md::S8T001.r13 estimate","[[""96"", ""96""]]",exact,PASS,C02 Sufficient,
F039,scratch_coder_interpretive_findings.md,F.4,"[""59""]",S8T001,"analysis/outputs_validation_scratch_20260824/sufficiency_response_distribution.csv::CSV row 11, count; analysis/scratch_coder_results/results.md::S8T001.r19 estimate","[[""59"", ""59""]]",exact,PASS,C03 Sufficient,
F040,scratch_coder_interpretive_findings.md,F.4,"[""89""]",S8T001,"analysis/outputs_validation_scratch_20260824/sufficiency_response_distribution.csv::CSV row 12, count; analysis/scratch_coder_results/results.md::S8T001.r21 estimate","[[""89"", ""89""]]",exact,PASS,C03 Partially sufficient,
F041,scratch_coder_interpretive_findings.md,F.4,"[""57""]",S9T001,"analysis/outputs_validation_scratch_20260824/taxonomy_fit_response_distribution.csv::CSV row 15, count; analysis/scratch_coder_results/results.md::S9T001.r27 estimate","[[""57"", ""57""]]",exact,PASS,C03 Partial Fit,
F042,scratch_coder_interpretive_findings.md,F.4,"[""20""]",S9T001,"analysis/outputs_validation_scratch_20260824/taxonomy_fit_response_distribution.csv::CSV row 7, count; analysis/scratch_coder_results/results.md::S9T001.r11 estimate","[[""20"", ""20""]]",exact,PASS,C01 Partial Fit,
F043,scratch_coder_interpretive_findings.md,F.4,"[""7""]",S9T001,"analysis/outputs_validation_scratch_20260824/taxonomy_fit_response_distribution.csv::CSV row 11, count; analysis/scratch_coder_results/results.md::S9T001.r19 estimate","[[""7"", ""7""]]",exact,PASS,C02 Partial Fit,
F044,scratch_coder_interpretive_findings.md,F.4,"[""24""]",S9T001,"analysis/outputs_validation_scratch_20260824/taxonomy_fit_response_distribution.csv::CSV row 9, count; analysis/scratch_coder_results/results.md::S9T001.r15 estimate","[[""24"", ""24""]]",exact,PASS,C01 Cannot assess from register entry,
F045,scratch_coder_interpretive_findings.md,F.4,"[""9""]",S9T001,"analysis/outputs_validation_scratch_20260824/taxonomy_fit_response_distribution.csv::CSV row 13, count; analysis/scratch_coder_results/results.md::S9T001.r23 estimate","[[""9"", ""9""]]",exact,PASS,C02 Cannot assess from register entry,
F046,scratch_coder_interpretive_findings.md,F.4,"[""1""]",S9T001,"analysis/outputs_validation_scratch_20260824/taxonomy_fit_response_distribution.csv::CSV row 17, count; analysis/scratch_coder_results/results.md::S9T001.r31 estimate","[[""1"", ""1""]]",exact,PASS,C03 Cannot assess from register entry,
F047,scratch_coder_interpretive_findings.md,F.5,"[""0.06"", ""-0.07"", ""0.21""]",S5T006,"analysis/outputs_validation_scratch_stage_b_20260825/per_label_pairwise_kappa.csv::CSV row 45, kappa; analysis/scratch_coder_results/results.md::S5T006.r8 estimate; analysis/figure_data/scratch_coder_table_2_pairwise_kappa_purposes.csv::CSV row 21, source_value_string; analysis/outputs_validation_scratch_stage_b_20260825/per_label_pairwise_kappa.csv::CSV row 45, ci_lower; analysis/scratch_coder_results/results.md::S5T006.r8 interval_lower; analysis/figure_data/scratch_coder_table_2_pairwise_kappa_purposes.csv::CSV row 21, interval_lower_string; analysis/outputs_validation_scratch_stage_b_20260825/per_label_pairwise_kappa.csv::CSV row 45, ci_upper; analysis/scratch_coder_results/results.md::S5T006.r8 interval_upper; analysis/figure_data/scratch_coder_table_2_pairwise_kappa_purposes.csv::CSV row 21, interval_upper_string","[[""0.05541561712846416"", ""0.05541561712846416"", ""0.05541561712846416""], [""-0.06775291234622975"", ""-0.06775291234622975"", ""-0.06775291234622975""], [""0.20689655172413762"", ""0.20689655172413762"", ""0.20689655172413762""]]",rounded,PASS,Outcome Tracking A-C kappa,
F048,scratch_coder_interpretive_findings.md,F.5,"[""0.08"", ""-0.04"", ""0.21""]",S5T006,"analysis/outputs_validation_scratch_stage_b_20260825/per_label_pairwise_kappa.csv::CSV row 46, kappa; analysis/scratch_coder_results/results.md::S5T006.r9 estimate; analysis/figure_data/scratch_coder_table_2_pairwise_kappa_purposes.csv::CSV row 22, source_value_string; analysis/outputs_validation_scratch_stage_b_20260825/per_label_pairwise_kappa.csv::CSV row 46, ci_lower; analysis/scratch_coder_results/results.md::S5T006.r9 interval_lower; analysis/figure_data/scratch_coder_table_2_pairwise_kappa_purposes.csv::CSV row 22, interval_lower_string; analysis/outputs_validation_scratch_stage_b_20260825/per_label_pairwise_kappa.csv::CSV row 46, ci_upper; analysis/scratch_coder_results/results.md::S5T006.r9 interval_upper; analysis/figure_data/scratch_coder_table_2_pairwise_kappa_purposes.csv::CSV row 22, interval_upper_string","[[""0.07592407592407588"", ""0.07592407592407588"", ""0.07592407592407588""], [""-0.038159371492704826"", ""-0.038159371492704826"", ""-0.038159371492704826""], [""0.21081713713913622"", ""0.21081713713913622"", ""0.21081713713913622""]]",rounded,PASS,Outcome Tracking B-C kappa,
F049,scratch_coder_interpretive_findings.md,F.5,"[""0.36"", ""0.18"", ""0.52""]",S5T006,"analysis/outputs_validation_scratch_stage_b_20260825/per_label_pairwise_kappa.csv::CSV row 44, kappa; analysis/scratch_coder_results/results.md::S5T006.r7 estimate; analysis/figure_data/scratch_coder_table_2_pairwise_kappa_purposes.csv::CSV row 20, source_value_string; analysis/outputs_validation_scratch_stage_b_20260825/per_label_pairwise_kappa.csv::CSV row 44, ci_lower; analysis/scratch_coder_results/results.md::S5T006.r7 interval_lower; analysis/figure_data/scratch_coder_table_2_pairwise_kappa_purposes.csv::CSV row 20, interval_lower_string; analysis/outputs_validation_scratch_stage_b_20260825/per_label_pairwise_kappa.csv::CSV row 44, ci_upper; analysis/scratch_coder_results/results.md::S5T006.r7 interval_upper; analysis/figure_data/scratch_coder_table_2_pairwise_kappa_purposes.csv::CSV row 20, interval_upper_string","[[""0.355300859598854"", ""0.355300859598854"", ""0.355300859598854""], [""0.18065547561950418"", ""0.18065547561950418"", ""0.18065547561950418""], [""0.519602065551659"", ""0.519602065551659"", ""0.519602065551659""]]",rounded,PASS,Outcome Tracking A-B kappa,
F050,scratch_coder_interpretive_findings.md,F.5,"[""0.13"", ""0.02"", ""0.25""]",S5T006,"analysis/outputs_validation_scratch_stage_b_20260825/per_label_pairwise_kappa.csv::CSV row 49, kappa; analysis/scratch_coder_results/results.md::S5T006.r12 estimate; analysis/figure_data/scratch_coder_table_2_pairwise_kappa_purposes.csv::CSV row 25, source_value_string; analysis/outputs_validation_scratch_stage_b_20260825/per_label_pairwise_kappa.csv::CSV row 49, ci_lower; analysis/scratch_coder_results/results.md::S5T006.r12 interval_lower; analysis/figure_data/scratch_coder_table_2_pairwise_kappa_purposes.csv::CSV row 25, interval_lower_string; analysis/outputs_validation_scratch_stage_b_20260825/per_label_pairwise_kappa.csv::CSV row 49, ci_upper; analysis/scratch_coder_results/results.md::S5T006.r12 interval_upper; analysis/figure_data/scratch_coder_table_2_pairwise_kappa_purposes.csv::CSV row 25, interval_upper_string","[[""0.12672623883021958"", ""0.12672623883021958"", ""0.12672623883021958""], [""0.017467248908296838"", ""0.017467248908296838"", ""0.017467248908296838""], [""0.24593426789758174"", ""0.24593426789758174"", ""0.24593426789758174""]]",rounded,PASS,Outcome Tracking L-C kappa,
F051,scratch_coder_interpretive_findings.md,F.6,"[""0.55""]",S5T006,"analysis/outputs_validation_scratch_stage_b_20260825/per_label_pairwise_kappa.csv::CSV row 42, kappa; analysis/scratch_coder_results/results.md::S5T006.r5 estimate; analysis/figure_data/scratch_coder_table_2_pairwise_kappa_purposes.csv::CSV row 6, source_value_string","[[""0.5544554455445545"", ""0.5544554455445545"", ""0.5544554455445545""]]",rounded,PASS,Descriptive Monitoring Fable-C02 kappa,
F052,scratch_coder_interpretive_findings.md,F.6,"[""0.62""]",S5T006,"analysis/outputs_validation_scratch_stage_b_20260825/per_label_pairwise_kappa.csv::CSV row 54, kappa; analysis/scratch_coder_results/results.md::S5T006.r17 estimate; analysis/figure_data/scratch_coder_table_2_pairwise_kappa_purposes.csv::CSV row 30, source_value_string","[[""0.6153846153846155"", ""0.6153846153846155"", ""0.6153846153846155""]]",rounded,PASS,Policy Evaluation / Impact Analysis Fable-C02 kappa,
F053,scratch_coder_interpretive_findings.md,F.6,"[""0.47""]",S5T006,"analysis/outputs_validation_scratch_stage_b_20260825/per_label_pairwise_kappa.csv::CSV row 48, kappa; analysis/scratch_coder_results/results.md::S5T006.r11 estimate; analysis/figure_data/scratch_coder_table_2_pairwise_kappa_purposes.csv::CSV row 24, source_value_string","[[""0.47379960534970406"", ""0.47379960534970406"", ""0.47379960534970406""]]",rounded,PASS,Outcome Tracking Fable-C02 kappa,
F054,scratch_coder_interpretive_findings.md,F.6,"[""0"", ""0""]",S3T002,estimate difference; estimate difference,"[[], []]",exact,PASS,baseline purposes delta_min equals delta_B,
F055,scratch_coder_interpretive_findings.md,F.7,"[""-0.044"", ""-0.181"", ""0.104""]",S2T001,"analysis/outputs_validation_scratch_20260824/replacement_delta_results.csv::CSV row 10, point_estimate; analysis/scratch_coder_results/results.md::S2T001.r5 estimate; analysis/figure_data/scratch_coder_figure_1.csv::CSV row 30, source_value_string; analysis/figure_data/scratch_coder_figure_1_panel_agreement.csv::CSV row 30, source_value_string; analysis/figure_data/scratch_coder_figure_4_baseline_hard_case.csv::CSV row 30, source_value_string; analysis/figure_data/scratch_coder_figure_6.csv::CSV row 30, source_value_string; analysis/outputs_validation_scratch_20260824/replacement_delta_results.csv::CSV row 10, ci_lower; analysis/scratch_coder_results/results.md::S2T001.r5 interval_lower; analysis/figure_data/scratch_coder_figure_1.csv::CSV row 30, interval_lower_string; analysis/figure_data/scratch_coder_figure_1_panel_agreement.csv::CSV row 30, interval_lower_string; analysis/figure_data/scratch_coder_figure_4_baseline_hard_case.csv::CSV row 30, interval_lower_string; analysis/figure_data/scratch_coder_figure_6.csv::CSV row 30, interval_lower_string; analysis/outputs_validation_scratch_20260824/replacement_delta_results.csv::CSV row 10, ci_upper; analysis/scratch_coder_results/results.md::S2T001.r5 interval_upper; analysis/figure_data/scratch_coder_figure_1.csv::CSV row 30, interval_upper_string; analysis/figure_data/scratch_coder_figure_1_panel_agreement.csv::CSV row 30, interval_upper_string; analysis/figure_data/scratch_coder_figure_4_baseline_hard_case.csv::CSV row 30, interval_upper_string; analysis/figure_data/scratch_coder_figure_6.csv::CSV row 30, interval_upper_string","[[""-0.04398778978339957"", ""-0.04398778978339957"", ""-0.04398778978339957"", ""-0.04398778978339957"", ""-0.04398778978339957"", ""-0.04398778978339957""], [""-0.18119918007452346"", ""-0.18119918007452346"", ""-0.18119918007452346"", ""-0.18119918007452346"", ""-0.18119918007452346"", ""-0.18119918007452346""], [""0.10390140935829086"", ""0.10390140935829086"", ""0.10390140935829086"", ""0.10390140935829086"", ""0.10390140935829086"", ""0.10390140935829086""]]",rounded,PASS,baseline equity delta_A,
F056,scratch_coder_interpretive_findings.md,F.7,"[""-0.081"", ""-0.174"", ""0.004""]",S2T001,"analysis/outputs_validation_scratch_20260824/replacement_delta_results.csv::CSV row 11, point_estimate; analysis/scratch_coder_results/results.md::S2T001.r6 estimate; analysis/figure_data/scratch_coder_figure_1.csv::CSV row 31, source_value_string; analysis/figure_data/scratch_coder_figure_1_panel_agreement.csv::CSV row 31, source_value_string; analysis/figure_data/scratch_coder_figure_4_baseline_hard_case.csv::CSV row 31, source_value_string; analysis/figure_data/scratch_coder_figure_6.csv::CSV row 31, source_value_string; analysis/outputs_validation_scratch_20260824/replacement_delta_results.csv::CSV row 11, ci_lower; analysis/scratch_coder_results/results.md::S2T001.r6 interval_lower; analysis/figure_data/scratch_coder_figure_1.csv::CSV row 31, interval_lower_string; analysis/figure_data/scratch_coder_figure_1_panel_agreement.csv::CSV row 31, interval_lower_string; analysis/figure_data/scratch_coder_figure_4_baseline_hard_case.csv::CSV row 31, interval_lower_string; analysis/figure_data/scratch_coder_figure_6.csv::CSV row 31, interval_lower_string; analysis/outputs_validation_scratch_20260824/replacement_delta_results.csv::CSV row 11, ci_upper; analysis/scratch_coder_results/results.md::S2T001.r6 interval_upper; analysis/figure_data/scratch_coder_figure_1.csv::CSV row 31, interval_upper_string; analysis/figure_data/scratch_coder_figure_1_panel_agreement.csv::CSV row 31, interval_upper_string; analysis/figure_data/scratch_coder_figure_4_baseline_hard_case.csv::CSV row 31, interval_upper_string; analysis/figure_data/scratch_coder_figure_6.csv::CSV row 31, interval_upper_string","[[""-0.08137984390492414"", ""-0.08137984390492414"", ""-0.08137984390492414"", ""-0.08137984390492414"", ""-0.08137984390492414"", ""-0.08137984390492414""], [""-0.17407822293304956"", ""-0.17407822293304956"", ""-0.17407822293304956"", ""-0.17407822293304956"", ""-0.17407822293304956"", ""-0.17407822293304956""], [""0.004117088549351349"", ""0.004117088549351349"", ""0.004117088549351349"", ""0.004117088549351349"", ""0.004117088549351349"", ""0.004117088549351349""]]",rounded,PASS,baseline equity delta_B,
F057,scratch_coder_interpretive_findings.md,F.7,"[""-0.060"", ""-0.189"", ""0.070""]",S2T001,"analysis/outputs_validation_scratch_20260824/replacement_delta_results.csv::CSV row 12, point_estimate; analysis/scratch_coder_results/results.md::S2T001.r7 estimate; analysis/figure_data/scratch_coder_figure_1.csv::CSV row 32, source_value_string; analysis/figure_data/scratch_coder_figure_1_panel_agreement.csv::CSV row 32, source_value_string; analysis/figure_data/scratch_coder_figure_4_baseline_hard_case.csv::CSV row 32, source_value_string; analysis/figure_data/scratch_coder_figure_6.csv::CSV row 32, source_value_string; analysis/outputs_validation_scratch_20260824/replacement_delta_results.csv::CSV row 12, ci_lower; analysis/scratch_coder_results/results.md::S2T001.r7 interval_lower; analysis/figure_data/scratch_coder_figure_1.csv::CSV row 32, interval_lower_string; analysis/figure_data/scratch_coder_figure_1_panel_agreement.csv::CSV row 32, interval_lower_string; analysis/figure_data/scratch_coder_figure_4_baseline_hard_case.csv::CSV row 32, interval_lower_string; analysis/figure_data/scratch_coder_figure_6.csv::CSV row 32, interval_lower_string; analysis/outputs_validation_scratch_20260824/replacement_delta_results.csv::CSV row 12, ci_upper; analysis/scratch_coder_results/results.md::S2T001.r7 interval_upper; analysis/figure_data/scratch_coder_figure_1.csv::CSV row 32, interval_upper_string; analysis/figure_data/scratch_coder_figure_1_panel_agreement.csv::CSV row 32, interval_upper_string; analysis/figure_data/scratch_coder_figure_4_baseline_hard_case.csv::CSV row 32, interval_upper_string; analysis/figure_data/scratch_coder_figure_6.csv::CSV row 32, interval_upper_string","[[""-0.060016264316961054"", ""-0.060016264316961054"", ""-0.060016264316961054"", ""-0.060016264316961054"", ""-0.060016264316961054"", ""-0.060016264316961054""], [""-0.18929305820359502"", ""-0.18929305820359502"", ""-0.18929305820359502"", ""-0.18929305820359502"", ""-0.18929305820359502"", ""-0.18929305820359502""], [""0.06963786707298113"", ""0.06963786707298113"", ""0.06963786707298113"", ""0.06963786707298113"", ""0.06963786707298113"", ""0.06963786707298113""]]",rounded,PASS,baseline equity delta_C,
F058,scratch_coder_interpretive_findings.md,F.7,"[""-0.081"", ""-0.202"", ""-0.006""]",S2T001,"analysis/outputs_validation_scratch_20260824/replacement_delta_results.csv::CSV row 13, point_estimate; analysis/scratch_coder_results/results.md::S2T001.r8 estimate; analysis/figure_data/scratch_coder_figure_1.csv::CSV row 33, source_value_string; analysis/figure_data/scratch_coder_figure_1_panel_agreement.csv::CSV row 33, source_value_string; analysis/figure_data/scratch_coder_figure_4_baseline_hard_case.csv::CSV row 33, source_value_string; analysis/figure_data/scratch_coder_figure_6.csv::CSV row 33, source_value_string; analysis/outputs_validation_scratch_20260824/replacement_delta_results.csv::CSV row 13, ci_lower; analysis/scratch_coder_results/results.md::S2T001.r8 interval_lower; analysis/figure_data/scratch_coder_figure_1.csv::CSV row 33, interval_lower_string; analysis/figure_data/scratch_coder_figure_1_panel_agreement.csv::CSV row 33, interval_lower_string; analysis/figure_data/scratch_coder_figure_4_baseline_hard_case.csv::CSV row 33, interval_lower_string; analysis/figure_data/scratch_coder_figure_6.csv::CSV row 33, interval_lower_string; analysis/outputs_validation_scratch_20260824/replacement_delta_results.csv::CSV row 13, ci_upper; analysis/scratch_coder_results/results.md::S2T001.r8 interval_upper; analysis/figure_data/scratch_coder_figure_1.csv::CSV row 33, interval_upper_string; analysis/figure_data/scratch_coder_figure_1_panel_agreement.csv::CSV row 33, interval_upper_string; analysis/figure_data/scratch_coder_figure_4_baseline_hard_case.csv::CSV row 33, interval_upper_string; analysis/figure_data/scratch_coder_figure_6.csv::CSV row 33, interval_upper_string","[[""-0.08137984390492414"", ""-0.08137984390492414"", ""-0.08137984390492414"", ""-0.08137984390492414"", ""-0.08137984390492414"", ""-0.08137984390492414""], [""-0.2020064067359965"", ""-0.2020064067359965"", ""-0.2020064067359965"", ""-0.2020064067359965"", ""-0.2020064067359965"", ""-0.2020064067359965""], [""-0.006490658978949588"", ""-0.006490658978949588"", ""-0.006490658978949588"", ""-0.006490658978949588"", ""-0.006490658978949588"", ""-0.006490658978949588""]]",rounded,PASS,baseline equity delta_min,
F059,scratch_coder_interpretive_findings.md,F.7,"[""11""]",S2T015,"analysis/outputs_validation_scratch_stage_b_20260825/tag_diagnostics.csv::CSV row 2, human_majority_positive_n; analysis/scratch_coder_results/results.md::S2T015.r7 estimate","[[""11"", ""11""]]",exact,PASS,baseline equity positive count,
F060,scratch_coder_interpretive_findings.md,F.8,"[""92""]",S8T005,strict_register_sufficient count,"[[""92""]]",exact,PASS,strict subset n,
F061,scratch_coder_interpretive_findings.md,F.8,"[""0.088"", ""0.039"", ""0.144""]",S3T011,"analysis/outputs_validation_scratch_20260824/replacement_delta_results.csv::CSV row 82, point_estimate; analysis/scratch_coder_results/results.md::S3T011.r5 estimate; analysis/figure_data/scratch_coder_figure_2.csv::CSV row 22, source_value_string; analysis/figure_data/scratch_coder_figure_2_sufficiency_sensitivity.csv::CSV row 22, source_value_string; analysis/outputs_validation_scratch_20260824/replacement_delta_results.csv::CSV row 82, ci_lower; analysis/scratch_coder_results/results.md::S3T011.r5 interval_lower; analysis/figure_data/scratch_coder_figure_2.csv::CSV row 22, interval_lower_string; analysis/figure_data/scratch_coder_figure_2_sufficiency_sensitivity.csv::CSV row 22, interval_lower_string; analysis/outputs_validation_scratch_20260824/replacement_delta_results.csv::CSV row 82, ci_upper; analysis/scratch_coder_results/results.md::S3T011.r5 interval_upper; analysis/figure_data/scratch_coder_figure_2.csv::CSV row 22, interval_upper_string; analysis/figure_data/scratch_coder_figure_2_sufficiency_sensitivity.csv::CSV row 22, interval_upper_string","[[""0.08838717221020831"", ""0.08838717221020831"", ""0.08838717221020831"", ""0.08838717221020831""], [""0.03879544466630612"", ""0.03879544466630612"", ""0.03879544466630612"", ""0.03879544466630612""], [""0.14353782636161164"", ""0.14353782636161164"", ""0.14353782636161164"", ""0.14353782636161164""]]",rounded,PASS,S3T011 delta_A,
F062,scratch_coder_interpretive_findings.md,F.8,"[""0.042"", ""0.001"", ""0.083""]",S3T011,"analysis/outputs_validation_scratch_20260824/replacement_delta_results.csv::CSV row 83, point_estimate; analysis/scratch_coder_results/results.md::S3T011.r6 estimate; analysis/figure_data/scratch_coder_figure_2.csv::CSV row 23, source_value_string; analysis/figure_data/scratch_coder_figure_2_sufficiency_sensitivity.csv::CSV row 23, source_value_string; analysis/outputs_validation_scratch_20260824/replacement_delta_results.csv::CSV row 83, ci_lower; analysis/scratch_coder_results/results.md::S3T011.r6 interval_lower; analysis/figure_data/scratch_coder_figure_2.csv::CSV row 23, interval_lower_string; analysis/figure_data/scratch_coder_figure_2_sufficiency_sensitivity.csv::CSV row 23, interval_lower_string; analysis/outputs_validation_scratch_20260824/replacement_delta_results.csv::CSV row 83, ci_upper; analysis/scratch_coder_results/results.md::S3T011.r6 interval_upper; analysis/figure_data/scratch_coder_figure_2.csv::CSV row 23, interval_upper_string; analysis/figure_data/scratch_coder_figure_2_sufficiency_sensitivity.csv::CSV row 23, interval_upper_string","[[""0.04169778425221149"", ""0.04169778425221149"", ""0.04169778425221149"", ""0.04169778425221149""], [""0.001029436076326576"", ""0.001029436076326576"", ""0.001029436076326576"", ""0.001029436076326576""], [""0.08274402354610313"", ""0.08274402354610313"", ""0.08274402354610313"", ""0.08274402354610313""]]",rounded,PASS,S3T011 delta_B,
F063,scratch_coder_interpretive_findings.md,F.8,"[""0.073"", ""0.023"", ""0.124""]",S3T011,"analysis/outputs_validation_scratch_20260824/replacement_delta_results.csv::CSV row 84, point_estimate; analysis/scratch_coder_results/results.md::S3T011.r7 estimate; analysis/figure_data/scratch_coder_figure_2.csv::CSV row 24, source_value_string; analysis/figure_data/scratch_coder_figure_2_sufficiency_sensitivity.csv::CSV row 24, source_value_string; analysis/outputs_validation_scratch_20260824/replacement_delta_results.csv::CSV row 84, ci_lower; analysis/scratch_coder_results/results.md::S3T011.r7 interval_lower; analysis/figure_data/scratch_coder_figure_2.csv::CSV row 24, interval_lower_string; analysis/figure_data/scratch_coder_figure_2_sufficiency_sensitivity.csv::CSV row 24, interval_lower_string; analysis/outputs_validation_scratch_20260824/replacement_delta_results.csv::CSV row 84, ci_upper; analysis/scratch_coder_results/results.md::S3T011.r7 interval_upper; analysis/figure_data/scratch_coder_figure_2.csv::CSV row 24, interval_upper_string; analysis/figure_data/scratch_coder_figure_2_sufficiency_sensitivity.csv::CSV row 24, interval_upper_string","[[""0.07330788623824858"", ""0.07330788623824858"", ""0.07330788623824858"", ""0.07330788623824858""], [""0.02270586074072557"", ""0.02270586074072557"", ""0.02270586074072557"", ""0.02270586074072557""], [""0.1240244778297567"", ""0.1240244778297567"", ""0.1240244778297567"", ""0.1240244778297567""]]",rounded,PASS,S3T011 delta_C,
F064,scratch_coder_interpretive_findings.md,F.8,"[""0.041"", ""-0.010"", ""0.096""]",S3T012,"analysis/outputs_validation_scratch_20260824/replacement_delta_results.csv::CSV row 86, point_estimate; analysis/scratch_coder_results/results.md::S3T012.r5 estimate; analysis/figure_data/scratch_coder_figure_2.csv::CSV row 30, source_value_string; analysis/figure_data/scratch_coder_figure_2_sufficiency_sensitivity.csv::CSV row 30, source_value_string; analysis/outputs_validation_scratch_20260824/replacement_delta_results.csv::CSV row 86, ci_lower; analysis/scratch_coder_results/results.md::S3T012.r5 interval_lower; analysis/figure_data/scratch_coder_figure_2.csv::CSV row 30, interval_lower_string; analysis/figure_data/scratch_coder_figure_2_sufficiency_sensitivity.csv::CSV row 30, interval_lower_string; analysis/outputs_validation_scratch_20260824/replacement_delta_results.csv::CSV row 86, ci_upper; analysis/scratch_coder_results/results.md::S3T012.r5 interval_upper; analysis/figure_data/scratch_coder_figure_2.csv::CSV row 30, interval_upper_string; analysis/figure_data/scratch_coder_figure_2_sufficiency_sensitivity.csv::CSV row 30, interval_upper_string","[[""0.04142491410376192"", ""0.04142491410376192"", ""0.04142491410376192"", ""0.04142491410376192""], [""-0.010019950150015187"", ""-0.010019950150015187"", ""-0.010019950150015187"", ""-0.010019950150015187""], [""0.09569664332816348"", ""0.09569664332816348"", ""0.09569664332816348"", ""0.09569664332816348""]]",rounded,PASS,S3T012 delta_A,
F065,scratch_coder_interpretive_findings.md,F.8,"[""0.014"", ""-0.035"", ""0.068""]",S3T012,"analysis/outputs_validation_scratch_20260824/replacement_delta_results.csv::CSV row 87, point_estimate; analysis/scratch_coder_results/results.md::S3T012.r6 estimate; analysis/figure_data/scratch_coder_figure_2.csv::CSV row 31, source_value_string; analysis/figure_data/scratch_coder_figure_2_sufficiency_sensitivity.csv::CSV row 31, source_value_string; analysis/outputs_validation_scratch_20260824/replacement_delta_results.csv::CSV row 87, ci_lower; analysis/scratch_coder_results/results.md::S3T012.r6 interval_lower; analysis/figure_data/scratch_coder_figure_2.csv::CSV row 31, interval_lower_string; analysis/figure_data/scratch_coder_figure_2_sufficiency_sensitivity.csv::CSV row 31, interval_lower_string; analysis/outputs_validation_scratch_20260824/replacement_delta_results.csv::CSV row 87, ci_upper; analysis/scratch_coder_results/results.md::S3T012.r6 interval_upper; analysis/figure_data/scratch_coder_figure_2.csv::CSV row 31, interval_upper_string; analysis/figure_data/scratch_coder_figure_2_sufficiency_sensitivity.csv::CSV row 31, interval_upper_string","[[""0.013589902446007107"", ""0.013589902446007107"", ""0.013589902446007107"", ""0.013589902446007107""], [""-0.03496156313229823"", ""-0.03496156313229823"", ""-0.03496156313229823"", ""-0.03496156313229823""], [""0.06771894135342588"", ""0.06771894135342588"", ""0.06771894135342588"", ""0.06771894135342588""]]",rounded,PASS,S3T012 delta_B,
F066,scratch_coder_interpretive_findings.md,F.8,"[""0.108"", ""0.051"", ""0.170""]",S3T012,"analysis/outputs_validation_scratch_20260824/replacement_delta_results.csv::CSV row 88, point_estimate; analysis/scratch_coder_results/results.md::S3T012.r7 estimate; analysis/figure_data/scratch_coder_figure_2.csv::CSV row 32, source_value_string; analysis/figure_data/scratch_coder_figure_2_sufficiency_sensitivity.csv::CSV row 32, source_value_string; analysis/outputs_validation_scratch_20260824/replacement_delta_results.csv::CSV row 88, ci_lower; analysis/scratch_coder_results/results.md::S3T012.r7 interval_lower; analysis/figure_data/scratch_coder_figure_2.csv::CSV row 32, interval_lower_string; analysis/figure_data/scratch_coder_figure_2_sufficiency_sensitivity.csv::CSV row 32, interval_lower_string; analysis/outputs_validation_scratch_20260824/replacement_delta_results.csv::CSV row 88, ci_upper; analysis/scratch_coder_results/results.md::S3T012.r7 interval_upper; analysis/figure_data/scratch_coder_figure_2.csv::CSV row 32, interval_upper_string; analysis/figure_data/scratch_coder_figure_2_sufficiency_sensitivity.csv::CSV row 32, interval_upper_string","[[""0.10797963773554298"", ""0.10797963773554298"", ""0.10797963773554298"", ""0.10797963773554298""], [""0.050754131917796166"", ""0.050754131917796166"", ""0.050754131917796166"", ""0.050754131917796166""], [""0.17049219725231762"", ""0.17049219725231762"", ""0.17049219725231762"", ""0.17049219725231762""]]",rounded,PASS,S3T012 delta_C,
F067,scratch_coder_interpretive_findings.md,F.8,"[""0.17049""]",S3T012,"analysis/outputs_validation_scratch_20260824/replacement_delta_results.csv::CSV row 88, ci_upper; analysis/scratch_coder_results/results.md::S3T012.r7 interval_upper; analysis/figure_data/scratch_coder_figure_2.csv::CSV row 32, interval_upper_string; analysis/figure_data/scratch_coder_figure_2_sufficiency_sensitivity.csv::CSV row 32, interval_upper_string","[[""0.17049219725231762"", ""0.17049219725231762"", ""0.17049219725231762"", ""0.17049219725231762""]]",approximate,PASS (APPROXIMATE),strict purposes delta_C corrected upper,
F068,scratch_coder_interpretive_findings.md,F.9,"[""0.292"", ""0.224"", ""0.355""]",S3T002,"analysis/outputs_validation_scratch_20260824/replacement_panel_results.csv::CSV row 6, point_estimate; analysis/scratch_coder_results/results.md::S3T002.r1 estimate; analysis/figure_data/scratch_coder_figure_1.csv::CSV row 10, source_value_string; analysis/figure_data/scratch_coder_figure_1_panel_agreement.csv::CSV row 10, source_value_string; analysis/figure_data/scratch_coder_figure_2.csv::CSV row 10, source_value_string; analysis/figure_data/scratch_coder_figure_2_sufficiency_sensitivity.csv::CSV row 10, source_value_string; analysis/figure_data/scratch_coder_figure_4_baseline_hard_case.csv::CSV row 10, source_value_string; analysis/figure_data/scratch_coder_figure_6.csv::CSV row 10, source_value_string; analysis/outputs_validation_scratch_20260824/replacement_panel_results.csv::CSV row 6, ci_lower; analysis/scratch_coder_results/results.md::S3T002.r1 interval_lower; analysis/figure_data/scratch_coder_figure_1.csv::CSV row 10, interval_lower_string; analysis/figure_data/scratch_coder_figure_1_panel_agreement.csv::CSV row 10, interval_lower_string; analysis/figure_data/scratch_coder_figure_2.csv::CSV row 10, interval_lower_string; analysis/figure_data/scratch_coder_figure_2_sufficiency_sensitivity.csv::CSV row 10, interval_lower_string; analysis/figure_data/scratch_coder_figure_4_baseline_hard_case.csv::CSV row 10, interval_lower_string; analysis/figure_data/scratch_coder_figure_6.csv::CSV row 10, interval_lower_string; analysis/outputs_validation_scratch_20260824/replacement_panel_results.csv::CSV row 6, ci_upper; analysis/scratch_coder_results/results.md::S3T002.r1 interval_upper; analysis/figure_data/scratch_coder_figure_1.csv::CSV row 10, interval_upper_string; analysis/figure_data/scratch_coder_figure_1_panel_agreement.csv::CSV row 10, interval_upper_string; analysis/figure_data/scratch_coder_figure_2.csv::CSV row 10, interval_upper_string; analysis/figure_data/scratch_coder_figure_2_sufficiency_sensitivity.csv::CSV row 10, interval_upper_string; analysis/figure_data/scratch_coder_figure_4_baseline_hard_case.csv::CSV row 10, interval_upper_string; analysis/figure_data/scratch_coder_figure_6.csv::CSV row 10, interval_upper_string","[[""0.2921101465494055"", ""0.2921101465494055"", ""0.2921101465494055"", ""0.2921101465494055"", ""0.2921101465494055"", ""0.2921101465494055"", ""0.2921101465494055"", ""0.2921101465494055""], [""0.2235651862514494"", ""0.2235651862514494"", ""0.2235651862514494"", ""0.2235651862514494"", ""0.2235651862514494"", ""0.2235651862514494"", ""0.2235651862514494"", ""0.2235651862514494""], [""0.3546834656137432"", ""0.3546834656137432"", ""0.3546834656137432"", ""0.3546834656137432"", ""0.3546834656137432"", ""0.3546834656137432"", ""0.3546834656137432"", ""0.3546834656137432""]]",rounded,PASS,baseline purposes alpha ABC,
F069,scratch_coder_interpretive_findings.md,F.9,"[""0.289"", ""0.207"", ""0.366""]",S3T012,"analysis/outputs_validation_scratch_20260824/replacement_panel_results.csv::CSV row 86, point_estimate; analysis/scratch_coder_results/results.md::S3T012.r1 estimate; analysis/figure_data/scratch_coder_figure_2.csv::CSV row 26, source_value_string; analysis/figure_data/scratch_coder_figure_2_sufficiency_sensitivity.csv::CSV row 26, source_value_string; analysis/outputs_validation_scratch_20260824/replacement_panel_results.csv::CSV row 86, ci_lower; analysis/scratch_coder_results/results.md::S3T012.r1 interval_lower; analysis/figure_data/scratch_coder_figure_2.csv::CSV row 26, interval_lower_string; analysis/figure_data/scratch_coder_figure_2_sufficiency_sensitivity.csv::CSV row 26, interval_lower_string; analysis/outputs_validation_scratch_20260824/replacement_panel_results.csv::CSV row 86, ci_upper; analysis/scratch_coder_results/results.md::S3T012.r1 interval_upper; analysis/figure_data/scratch_coder_figure_2.csv::CSV row 26, interval_upper_string; analysis/figure_data/scratch_coder_figure_2_sufficiency_sensitivity.csv::CSV row 26, interval_upper_string","[[""0.28850902356657826"", ""0.28850902356657826"", ""0.28850902356657826"", ""0.28850902356657826""], [""0.20743653990418506"", ""0.20743653990418506"", ""0.20743653990418506"", ""0.20743653990418506""], [""0.3661366091441877"", ""0.3661366091441877"", ""0.3661366091441877"", ""0.3661366091441877""]]",rounded,PASS,strict purposes alpha ABC,
F070,scratch_coder_interpretive_findings.md,F.10,"[""0.292""]",S3T002,"analysis/outputs_validation_scratch_20260824/replacement_panel_results.csv::CSV row 6, point_estimate; analysis/scratch_coder_results/results.md::S3T002.r1 estimate; analysis/figure_data/scratch_coder_figure_1.csv::CSV row 10, source_value_string; analysis/figure_data/scratch_coder_figure_1_panel_agreement.csv::CSV row 10, source_value_string; analysis/figure_data/scratch_coder_figure_2.csv::CSV row 10, source_value_string; analysis/figure_data/scratch_coder_figure_2_sufficiency_sensitivity.csv::CSV row 10, source_value_string; analysis/figure_data/scratch_coder_figure_4_baseline_hard_case.csv::CSV row 10, source_value_string; analysis/figure_data/scratch_coder_figure_6.csv::CSV row 10, source_value_string","[[""0.2921101465494055"", ""0.2921101465494055"", ""0.2921101465494055"", ""0.2921101465494055"", ""0.2921101465494055"", ""0.2921101465494055"", ""0.2921101465494055"", ""0.2921101465494055""]]",rounded,PASS,baseline purposes alpha ABC,
F071,scratch_coder_interpretive_findings.md,F.10,"[""0.292""]",S3T008,"analysis/outputs_validation_scratch_20260824/replacement_panel_results.csv::CSV row 54, point_estimate; analysis/scratch_coder_results/results.md::S3T008.r1 estimate; analysis/figure_data/scratch_coder_figure_4_baseline_hard_case.csv::CSV row 42, source_value_string; analysis/figure_data/scratch_coder_figure_6.csv::CSV row 42, source_value_string","[[""0.29174237392340174"", ""0.29174237392340174"", ""0.29174237392340174"", ""0.29174237392340174""]]",rounded,PASS,hard-case purposes alpha ABC,
F072,scratch_coder_interpretive_findings.md,F.10,"[""0.526""]",S3T001,"analysis/outputs_validation_scratch_20260824/replacement_panel_results.csv::CSV row 2, point_estimate; analysis/scratch_coder_results/results.md::S3T001.r1 estimate; analysis/figure_data/scratch_coder_figure_1.csv::CSV row 2, source_value_string; analysis/figure_data/scratch_coder_figure_1_panel_agreement.csv::CSV row 2, source_value_string; analysis/figure_data/scratch_coder_figure_2.csv::CSV row 2, source_value_string; analysis/figure_data/scratch_coder_figure_2_sufficiency_sensitivity.csv::CSV row 2, source_value_string; analysis/figure_data/scratch_coder_figure_4_baseline_hard_case.csv::CSV row 2, source_value_string; analysis/figure_data/scratch_coder_figure_6.csv::CSV row 2, source_value_string","[[""0.5263372741925532"", ""0.5263372741925532"", ""0.5263372741925532"", ""0.5263372741925532"", ""0.5263372741925532"", ""0.5263372741925532"", ""0.5263372741925532"", ""0.5263372741925532""]]",rounded,PASS,baseline domains alpha ABC,
F073,scratch_coder_interpretive_findings.md,F.10,"[""0.462""]",S3T007,"analysis/outputs_validation_scratch_20260824/replacement_panel_results.csv::CSV row 50, point_estimate; analysis/scratch_coder_results/results.md::S3T007.r1 estimate; analysis/figure_data/scratch_coder_figure_4_baseline_hard_case.csv::CSV row 34, source_value_string; analysis/figure_data/scratch_coder_figure_6.csv::CSV row 34, source_value_string","[[""0.46228781652079254"", ""0.46228781652079254"", ""0.46228781652079254"", ""0.46228781652079254""]]",rounded,PASS,hard-case domains alpha ABC,
F074,scratch_coder_interpretive_findings.md,F.10,"[""-0.109"", ""-0.183"", ""-0.034""]",S3T008,"analysis/outputs_validation_scratch_20260824/replacement_delta_results.csv::CSV row 54, point_estimate; analysis/scratch_coder_results/results.md::S3T008.r5 estimate; analysis/figure_data/scratch_coder_figure_4_baseline_hard_case.csv::CSV row 46, source_value_string; analysis/figure_data/scratch_coder_figure_6.csv::CSV row 46, source_value_string; analysis/outputs_validation_scratch_20260824/replacement_delta_results.csv::CSV row 54, ci_lower; analysis/scratch_coder_results/results.md::S3T008.r5 interval_lower; analysis/figure_data/scratch_coder_figure_4_baseline_hard_case.csv::CSV row 46, interval_lower_string; analysis/figure_data/scratch_coder_figure_6.csv::CSV row 46, interval_lower_string; analysis/outputs_validation_scratch_20260824/replacement_delta_results.csv::CSV row 54, ci_upper; analysis/scratch_coder_results/results.md::S3T008.r5 interval_upper; analysis/figure_data/scratch_coder_figure_4_baseline_hard_case.csv::CSV row 46, interval_upper_string; analysis/figure_data/scratch_coder_figure_6.csv::CSV row 46, interval_upper_string","[[""-0.10914312131233139"", ""-0.10914312131233139"", ""-0.10914312131233139"", ""-0.10914312131233139""], [""-0.1825290234577135"", ""-0.1825290234577135"", ""-0.1825290234577135"", ""-0.1825290234577135""], [""-0.0341923574470923"", ""-0.0341923574470923"", ""-0.0341923574470923"", ""-0.0341923574470923""]]",rounded,PASS,hard-case purposes delta_A,
F075,scratch_coder_interpretive_findings.md,F.10,"[""-0.114"", ""-0.182"", ""-0.046""]",S3T008,"analysis/outputs_validation_scratch_20260824/replacement_delta_results.csv::CSV row 55, point_estimate; analysis/scratch_coder_results/results.md::S3T008.r6 estimate; analysis/figure_data/scratch_coder_figure_4_baseline_hard_case.csv::CSV row 47, source_value_string; analysis/figure_data/scratch_coder_figure_6.csv::CSV row 47, source_value_string; analysis/outputs_validation_scratch_20260824/replacement_delta_results.csv::CSV row 55, ci_lower; analysis/scratch_coder_results/results.md::S3T008.r6 interval_lower; analysis/figure_data/scratch_coder_figure_4_baseline_hard_case.csv::CSV row 47, interval_lower_string; analysis/figure_data/scratch_coder_figure_6.csv::CSV row 47, interval_lower_string; analysis/outputs_validation_scratch_20260824/replacement_delta_results.csv::CSV row 55, ci_upper; analysis/scratch_coder_results/results.md::S3T008.r6 interval_upper; analysis/figure_data/scratch_coder_figure_4_baseline_hard_case.csv::CSV row 47, interval_upper_string; analysis/figure_data/scratch_coder_figure_6.csv::CSV row 47, interval_upper_string","[[""-0.11382280128651179"", ""-0.11382280128651179"", ""-0.11382280128651179"", ""-0.11382280128651179""], [""-0.18151261576022823"", ""-0.18151261576022823"", ""-0.18151261576022823"", ""-0.18151261576022823""], [""-0.046104920386667046"", ""-0.046104920386667046"", ""-0.046104920386667046"", ""-0.046104920386667046""]]",rounded,PASS,hard-case purposes delta_B,
F076,scratch_coder_interpretive_findings.md,F.10,"[""-0.114"", ""-0.191"", ""-0.059""]",S3T008,"analysis/outputs_validation_scratch_20260824/replacement_delta_results.csv::CSV row 57, point_estimate; analysis/scratch_coder_results/results.md::S3T008.r8 estimate; analysis/figure_data/scratch_coder_figure_4_baseline_hard_case.csv::CSV row 49, source_value_string; analysis/figure_data/scratch_coder_figure_6.csv::CSV row 49, source_value_string; analysis/outputs_validation_scratch_20260824/replacement_delta_results.csv::CSV row 57, ci_lower; analysis/scratch_coder_results/results.md::S3T008.r8 interval_lower; analysis/figure_data/scratch_coder_figure_4_baseline_hard_case.csv::CSV row 49, interval_lower_string; analysis/figure_data/scratch_coder_figure_6.csv::CSV row 49, interval_lower_string; analysis/outputs_validation_scratch_20260824/replacement_delta_results.csv::CSV row 57, ci_upper; analysis/scratch_coder_results/results.md::S3T008.r8 interval_upper; analysis/figure_data/scratch_coder_figure_4_baseline_hard_case.csv::CSV row 49, interval_upper_string; analysis/figure_data/scratch_coder_figure_6.csv::CSV row 49, interval_upper_string","[[""-0.11382280128651179"", ""-0.11382280128651179"", ""-0.11382280128651179"", ""-0.11382280128651179""], [""-0.19061601182254387"", ""-0.19061601182254387"", ""-0.19061601182254387"", ""-0.19061601182254387""], [""-0.05948533232203007"", ""-0.05948533232203007"", ""-0.05948533232203007"", ""-0.05948533232203007""]]",rounded,PASS,hard-case purposes delta_min,
F077,scratch_coder_interpretive_findings.md,F.11,"[""0.512"", ""0.300"", ""0.691""]",S2T001,"analysis/outputs_validation_scratch_20260824/replacement_panel_results.csv::CSV row 10, point_estimate; analysis/scratch_coder_results/results.md::S2T001.r1 estimate; analysis/figure_data/scratch_coder_figure_1.csv::CSV row 26, source_value_string; analysis/figure_data/scratch_coder_figure_1_panel_agreement.csv::CSV row 26, source_value_string; analysis/figure_data/scratch_coder_figure_4_baseline_hard_case.csv::CSV row 26, source_value_string; analysis/figure_data/scratch_coder_figure_6.csv::CSV row 26, source_value_string; analysis/outputs_validation_scratch_20260824/replacement_panel_results.csv::CSV row 10, ci_lower; analysis/scratch_coder_results/results.md::S2T001.r1 interval_lower; analysis/figure_data/scratch_coder_figure_1.csv::CSV row 26, interval_lower_string; analysis/figure_data/scratch_coder_figure_1_panel_agreement.csv::CSV row 26, interval_lower_string; analysis/figure_data/scratch_coder_figure_4_baseline_hard_case.csv::CSV row 26, interval_lower_string; analysis/figure_data/scratch_coder_figure_6.csv::CSV row 26, interval_lower_string; analysis/outputs_validation_scratch_20260824/replacement_panel_results.csv::CSV row 10, ci_upper; analysis/scratch_coder_results/results.md::S2T001.r1 interval_upper; analysis/figure_data/scratch_coder_figure_1.csv::CSV row 26, interval_upper_string; analysis/figure_data/scratch_coder_figure_1_panel_agreement.csv::CSV row 26, interval_upper_string; analysis/figure_data/scratch_coder_figure_4_baseline_hard_case.csv::CSV row 26, interval_upper_string; analysis/figure_data/scratch_coder_figure_6.csv::CSV row 26, interval_upper_string","[[""0.5124552887072049"", ""0.5124552887072049"", ""0.5124552887072049"", ""0.5124552887072049"", ""0.5124552887072049"", ""0.5124552887072049""], [""0.2997067814586063"", ""0.2997067814586063"", ""0.2997067814586063"", ""0.2997067814586063"", ""0.2997067814586063"", ""0.2997067814586063""], [""0.6908777969018933"", ""0.6908777969018933"", ""0.6908777969018933"", ""0.6908777969018933"", ""0.6908777969018933"", ""0.6908777969018933""]]",rounded,PASS,baseline equity alpha ABC,
F078,scratch_coder_interpretive_findings.md,F.11,"[""0.654"", ""0.386"", ""0.843""]",S2T007,"analysis/outputs_validation_scratch_20260824/replacement_panel_results.csv::CSV row 58, point_estimate; analysis/scratch_coder_results/results.md::S2T007.r1 estimate; analysis/figure_data/scratch_coder_figure_4_baseline_hard_case.csv::CSV row 58, source_value_string; analysis/figure_data/scratch_coder_figure_6.csv::CSV row 58, source_value_string; analysis/outputs_validation_scratch_20260824/replacement_panel_results.csv::CSV row 58, ci_lower; analysis/scratch_coder_results/results.md::S2T007.r1 interval_lower; analysis/figure_data/scratch_coder_figure_4_baseline_hard_case.csv::CSV row 58, interval_lower_string; analysis/figure_data/scratch_coder_figure_6.csv::CSV row 58, interval_lower_string; analysis/outputs_validation_scratch_20260824/replacement_panel_results.csv::CSV row 58, ci_upper; analysis/scratch_coder_results/results.md::S2T007.r1 interval_upper; analysis/figure_data/scratch_coder_figure_4_baseline_hard_case.csv::CSV row 58, interval_upper_string; analysis/figure_data/scratch_coder_figure_6.csv::CSV row 58, interval_upper_string","[[""0.653652879783533"", ""0.653652879783533"", ""0.653652879783533"", ""0.653652879783533""], [""0.38646342650027976"", ""0.38646342650027976"", ""0.38646342650027976"", ""0.38646342650027976""], [""0.8431372549019608"", ""0.8431372549019608"", ""0.8431372549019608"", ""0.8431372549019608""]]",rounded,PASS,hard-case equity alpha ABC,
F079,scratch_coder_interpretive_findings.md,F.11,"[""-0.115"", ""-0.330"", ""0.000""]",S2T007,"analysis/outputs_validation_scratch_20260824/replacement_delta_results.csv::CSV row 61, point_estimate; analysis/scratch_coder_results/results.md::S2T007.r8 estimate; analysis/figure_data/scratch_coder_figure_4_baseline_hard_case.csv::CSV row 65, source_value_string; analysis/figure_data/scratch_coder_figure_6.csv::CSV row 65, source_value_string; analysis/outputs_validation_scratch_20260824/replacement_delta_results.csv::CSV row 61, ci_lower; analysis/scratch_coder_results/results.md::S2T007.r8 interval_lower; analysis/figure_data/scratch_coder_figure_4_baseline_hard_case.csv::CSV row 65, interval_lower_string; analysis/figure_data/scratch_coder_figure_6.csv::CSV row 65, interval_lower_string; analysis/outputs_validation_scratch_20260824/replacement_delta_results.csv::CSV row 61, ci_upper; analysis/scratch_coder_results/results.md::S2T007.r8 interval_upper; analysis/figure_data/scratch_coder_figure_4_baseline_hard_case.csv::CSV row 65, interval_upper_string; analysis/figure_data/scratch_coder_figure_6.csv::CSV row 65, interval_upper_string","[[""-0.11455822957777184"", ""-0.11455822957777184"", ""-0.11455822957777184"", ""-0.11455822957777184""], [""-0.33012555322232656"", ""-0.33012555322232656"", ""-0.33012555322232656"", ""-0.33012555322232656""], [""0.0"", ""0.0"", ""0.0"", ""0.0""]]",rounded,PASS,hard-case equity delta_min,
F080,scratch_coder_interpretive_findings.md,F.11,"[""8""]",S2T017,"analysis/outputs_validation_scratch_stage_b_20260825/tag_diagnostics.csv::CSV row 4, human_majority_positive_n; analysis/scratch_coder_results/results.md::S2T017.r7 estimate","[[""8"", ""8""]]",exact,PASS,hard-case equity positive count,
F081,scratch_coder_interpretive_findings.md,F.11,"[""8"", ""8"", ""3"", ""3""]",S2T017,"analysis/outputs_validation_scratch_stage_b_20260825/tag_diagnostics.csv::CSV row 4, model_positive_n; analysis/scratch_coder_results/results.md::S2T017.r9 estimate; analysis/outputs_validation_scratch_stage_b_20260825/tag_diagnostics.csv::CSV row 4, human_majority_positive_n; analysis/scratch_coder_results/results.md::S2T017.r7 estimate; analysis/outputs_validation_scratch_stage_b_20260825/tag_diagnostics.csv::CSV row 4, fp; analysis/scratch_coder_results/results.md::S2T017.r3 estimate; analysis/outputs_validation_scratch_stage_b_20260825/tag_diagnostics.csv::CSV row 4, fn; analysis/scratch_coder_results/results.md::S2T017.r4 estimate","[[""8"", ""8""], [""8"", ""8""], [""3"", ""3""], [""3"", ""3""]]",exact,PASS,hard-case equity diagnostics,
F082,scratch_coder_interpretive_findings.md,F.22,"[""3"", ""4""]",S3T001/S3T007; S3T002/S3T008; S2T001/S2T007; S2T002/S2T008; same four dimension pairs,"minimum-component comparisons: analysis/outputs_validation_scratch_20260824/replacement_delta_results.csv::CSV row 2, point_estimate; analysis/scratch_coder_results/results.md::S3T001.r5 estimate; analysis/figure_data/scratch_coder_figure_1.csv::CSV row 6, source_value_string; analysis/figure_data/scratch_coder_figure_1_panel_agreement.csv::CSV row 6, source_value_string; analysis/figure_data/scratch_coder_figure_2.csv::CSV row 6, source_value_string; analysis/figure_data/scratch_coder_figure_2_sufficiency_sensitivity.csv::CSV row 6, source_value_string; analysis/figure_data/scratch_coder_figure_4_baseline_hard_case.csv::CSV row 6, source_value_string; analysis/figure_data/scratch_coder_figure_6.csv::CSV row 6, source_value_string; analysis/outputs_validation_scratch_20260824/replacement_delta_results.csv::CSV row 3, point_estimate; analysis/scratch_coder_results/results.md::S3T001.r6 estimate; analysis/figure_data/scratch_coder_figure_1.csv::CSV row 7, source_value_string; analysis/figure_data/scratch_coder_figure_1_panel_agreement.csv::CSV row 7, source_value_string; analysis/figure_data/scratch_coder_figure_2.csv::CSV row 7, source_value_string; analysis/figure_data/scratch_coder_figure_2_sufficiency_sensitivity.csv::CSV row 7, source_value_string; analysis/figure_data/scratch_coder_figure_4_baseline_hard_case.csv::CSV row 7, source_value_string; analysis/figure_data/scratch_coder_figure_6.csv::CSV row 7, source_value_string; analysis/outputs_validation_scratch_20260824/replacement_delta_results.csv::CSV row 4, point_estimate; analysis/scratch_coder_results/results.md::S3T001.r7 estimate; analysis/figure_data/scratch_coder_figure_1.csv::CSV row 8, source_value_string; analysis/figure_data/scratch_coder_figure_1_panel_agreement.csv::CSV row 8, source_value_string; analysis/figure_data/scratch_coder_figure_2.csv::CSV row 8, source_value_string; analysis/figure_data/scratch_coder_figure_2_sufficiency_sensitivity.csv::CSV row 8, source_value_string; analysis/figure_data/scratch_coder_figure_4_baseline_hard_case.csv::CSV row 8, source_value_string; analysis/figure_data/scratch_coder_figure_6.csv::CSV row 8, source_value_string; analysis/outputs_validation_scratch_20260824/replacement_delta_results.csv::CSV row 50, point_estimate; analysis/scratch_coder_results/results.md::S3T007.r5 estimate; analysis/figure_data/scratch_coder_figure_4_baseline_hard_case.csv::CSV row 38, source_value_string; analysis/figure_data/scratch_coder_figure_6.csv::CSV row 38, source_value_string; analysis/outputs_validation_scratch_20260824/replacement_delta_results.csv::CSV row 51, point_estimate; analysis/scratch_coder_results/results.md::S3T007.r6 estimate; analysis/figure_data/scratch_coder_figure_4_baseline_hard_case.csv::CSV row 39, source_value_string; analysis/figure_data/scratch_coder_figure_6.csv::CSV row 39, source_value_string; analysis/outputs_validation_scratch_20260824/replacement_delta_results.csv::CSV row 52, point_estimate; analysis/scratch_coder_results/results.md::S3T007.r7 estimate; analysis/figure_data/scratch_coder_figure_4_baseline_hard_case.csv::CSV row 40, source_value_string; analysis/figure_data/scratch_coder_figure_6.csv::CSV row 40, source_value_string; analysis/outputs_validation_scratch_20260824/replacement_delta_results.csv::CSV row 6, point_estimate; analysis/scratch_coder_results/results.md::S3T002.r5 estimate; analysis/figure_data/scratch_coder_figure_1.csv::CSV row 14, source_value_string; analysis/figure_data/scratch_coder_figure_1_panel_agreement.csv::CSV row 14, source_value_string; analysis/figure_data/scratch_coder_figure_2.csv::CSV row 14, source_value_string; analysis/figure_data/scratch_coder_figure_2_sufficiency_sensitivity.csv::CSV row 14, source_value_string; analysis/figure_data/scratch_coder_figure_4_baseline_hard_case.csv::CSV row 14, source_value_string; analysis/figure_data/scratch_coder_figure_6.csv::CSV row 14, source_value_string; analysis/outputs_validation_scratch_20260824/replacement_delta_results.csv::CSV row 7, point_estimate; analysis/scratch_coder_results/results.md::S3T002.r6 estimate; analysis/figure_data/scratch_coder_figure_1.csv::CSV row 15, source_value_string; analysis/figure_data/scratch_coder_figure_1_panel_agreement.csv::CSV row 15, source_value_string; analysis/figure_data/scratch_coder_figure_2.csv::CSV row 15, source_value_string; analysis/figure_data/scratch_coder_figure_2_sufficiency_sensitivity.csv::CSV row 15, source_value_string; analysis/figure_data/scratch_coder_figure_4_baseline_hard_case.csv::CSV row 15, source_value_string; analysis/figure_data/scratch_coder_figure_6.csv::CSV row 15, source_value_string; analysis/outputs_validation_scratch_20260824/replacement_delta_results.csv::CSV row 8, point_estimate; analysis/scratch_coder_results/results.md::S3T002.r7 estimate; analysis/figure_data/scratch_coder_figure_1.csv::CSV row 16, source_value_string; analysis/figure_data/scratch_coder_figure_1_panel_agreement.csv::CSV row 16, source_value_string; analysis/figure_data/scratch_coder_figure_2.csv::CSV row 16, source_value_string; analysis/figure_data/scratch_coder_figure_2_sufficiency_sensitivity.csv::CSV row 16, source_value_string; analysis/figure_data/scratch_coder_figure_4_baseline_hard_case.csv::CSV row 16, source_value_string; analysis/figure_data/scratch_coder_figure_6.csv::CSV row 16, source_value_string; analysis/outputs_validation_scratch_20260824/replacement_delta_results.csv::CSV row 54, point_estimate; analysis/scratch_coder_results/results.md::S3T008.r5 estimate; analysis/figure_data/scratch_coder_figure_4_baseline_hard_case.csv::CSV row 46, source_value_string; analysis/figure_data/scratch_coder_figure_6.csv::CSV row 46, source_value_string; analysis/outputs_validation_scratch_20260824/replacement_delta_results.csv::CSV row 55, point_estimate; analysis/scratch_coder_results/results.md::S3T008.r6 estimate; analysis/figure_data/scratch_coder_figure_4_baseline_hard_case.csv::CSV row 47, source_value_string; analysis/figure_data/scratch_coder_figure_6.csv::CSV row 47, source_value_string; analysis/outputs_validation_scratch_20260824/replacement_delta_results.csv::CSV row 56, point_estimate; analysis/scratch_coder_results/results.md::S3T008.r7 estimate; analysis/figure_data/scratch_coder_figure_4_baseline_hard_case.csv::CSV row 48, source_value_string; analysis/figure_data/scratch_coder_figure_6.csv::CSV row 48, source_value_string; analysis/outputs_validation_scratch_20260824/replacement_delta_results.csv::CSV row 10, point_estimate; analysis/scratch_coder_results/results.md::S2T001.r5 estimate; analysis/figure_data/scratch_coder_figure_1.csv::CSV row 30, source_value_string; analysis/figure_data/scratch_coder_figure_1_panel_agreement.csv::CSV row 30, source_value_string; analysis/figure_data/scratch_coder_figure_4_baseline_hard_case.csv::CSV row 30, source_value_string; analysis/figure_data/scratch_coder_figure_6.csv::CSV row 30, source_value_string; analysis/outputs_validation_scratch_20260824/replacement_delta_results.csv::CSV row 11, point_estimate; analysis/scratch_coder_results/results.md::S2T001.r6 estimate; analysis/figure_data/scratch_coder_figure_1.csv::CSV row 31, source_value_string; analysis/figure_data/scratch_coder_figure_1_panel_agreement.csv::CSV row 31, source_value_string; analysis/figure_data/scratch_coder_figure_4_baseline_hard_case.csv::CSV row 31, source_value_string; analysis/figure_data/scratch_coder_figure_6.csv::CSV row 31, source_value_string; analysis/outputs_validation_scratch_20260824/replacement_delta_results.csv::CSV row 12, point_estimate; analysis/scratch_coder_results/results.md::S2T001.r7 estimate; analysis/figure_data/scratch_coder_figure_1.csv::CSV row 32, source_value_string; analysis/figure_data/scratch_coder_figure_1_panel_agreement.csv::CSV row 32, source_value_string; analysis/figure_data/scratch_coder_figure_4_baseline_hard_case.csv::CSV row 32, source_value_string; analysis/figure_data/scratch_coder_figure_6.csv::CSV row 32, source_value_string; analysis/outputs_validation_scratch_20260824/replacement_delta_results.csv::CSV row 58, point_estimate; analysis/scratch_coder_results/results.md::S2T007.r5 estimate; analysis/figure_data/scratch_coder_figure_4_baseline_hard_case.csv::CSV row 62, source_value_string; analysis/figure_data/scratch_coder_figure_6.csv::CSV row 62, source_value_string; analysis/outputs_validation_scratch_20260824/replacement_delta_results.csv::CSV row 59, point_estimate; analysis/scratch_coder_results/results.md::S2T007.r6 estimate; analysis/figure_data/scratch_coder_figure_4_baseline_hard_case.csv::CSV row 63, source_value_string; analysis/figure_data/scratch_coder_figure_6.csv::CSV row 63, source_value_string; analysis/outputs_validation_scratch_20260824/replacement_delta_results.csv::CSV row 60, point_estimate; analysis/scratch_coder_results/results.md::S2T007.r7 estimate; analysis/figure_data/scratch_coder_figure_4_baseline_hard_case.csv::CSV row 64, source_value_string; analysis/figure_data/scratch_coder_figure_6.csv::CSV row 64, source_value_string; analysis/outputs_validation_scratch_20260824/replacement_delta_results.csv::CSV row 14, point_estimate; analysis/scratch_coder_results/results.md::S2T002.r5 estimate; analysis/figure_data/scratch_coder_figure_1.csv::CSV row 22, source_value_string; analysis/figure_data/scratch_coder_figure_1_panel_agreement.csv::CSV row 22, source_value_string; analysis/figure_data/scratch_coder_figure_4_baseline_hard_case.csv::CSV row 22, source_value_string; analysis/figure_data/scratch_coder_figure_6.csv::CSV row 22, source_value_string; analysis/outputs_validation_scratch_20260824/replacement_delta_results.csv::CSV row 15, point_estimate; analysis/scratch_coder_results/results.md::S2T002.r6 estimate; analysis/figure_data/scratch_coder_figure_1.csv::CSV row 23, source_value_string; analysis/figure_data/scratch_coder_figure_1_panel_agreement.csv::CSV row 23, source_value_string; analysis/figure_data/scratch_coder_figure_4_baseline_hard_case.csv::CSV row 23, source_value_string; analysis/figure_data/scratch_coder_figure_6.csv::CSV row 23, source_value_string; analysis/outputs_validation_scratch_20260824/replacement_delta_results.csv::CSV row 16, point_estimate; analysis/scratch_coder_results/results.md::S2T002.r7 estimate; analysis/figure_data/scratch_coder_figure_1.csv::CSV row 24, source_value_string; analysis/figure_data/scratch_coder_figure_1_panel_agreement.csv::CSV row 24, source_value_string; analysis/figure_data/scratch_coder_figure_4_baseline_hard_case.csv::CSV row 24, source_value_string; analysis/figure_data/scratch_coder_figure_6.csv::CSV row 24, source_value_string; analysis/outputs_validation_scratch_20260824/replacement_delta_results.csv::CSV row 62, point_estimate; analysis/scratch_coder_results/results.md::S2T008.r5 estimate; analysis/figure_data/scratch_coder_figure_4_baseline_hard_case.csv::CSV row 54, source_value_string; analysis/figure_data/scratch_coder_figure_6.csv::CSV row 54, source_value_string; analysis/outputs_validation_scratch_20260824/replacement_delta_results.csv::CSV row 63, point_estimate; analysis/scratch_coder_results/results.md::S2T008.r6 estimate; analysis/figure_data/scratch_coder_figure_4_baseline_hard_case.csv::CSV row 55, source_value_string; analysis/figure_data/scratch_coder_figure_6.csv::CSV row 55, source_value_string; analysis/outputs_validation_scratch_20260824/replacement_delta_results.csv::CSV row 64, point_estimate; analysis/scratch_coder_results/results.md::S2T008.r7 estimate; analysis/figure_data/scratch_coder_figure_4_baseline_hard_case.csv::CSV row 56, source_value_string; analysis/figure_data/scratch_coder_figure_6.csv::CSV row 56, source_value_string; dimension-pair count","[[""3""], [""4""]]",exact,PASS,dimensions whose minimum component changes baseline to hard-case,
F083,scratch_coder_interpretive_findings.md,F.16,"[""48"", ""5"", ""47""]",disagreement_type_distribution.csv,"analysis/outputs_disagreement_types_20260909T084916Z/disagreement_type_distribution.csv::CSV row 5, proportion_of_nonidentical_nonempty_pairs; analysis/outputs_disagreement_types_20260909T084916Z/disagreement_type_distribution.csv::CSV row 6, proportion_of_nonidentical_nonempty_pairs; analysis/outputs_disagreement_types_20260909T084916Z/disagreement_type_distribution.csv::CSV row 7, proportion_of_nonidentical_nonempty_pairs","[[""0.47727272727272729""], [""0.050000000000000003""], [""0.47272727272727272""]]",percentage,PASS,domains human composition,
F084,scratch_coder_interpretive_findings.md,F.16,"[""220""]",disagreement_type_distribution.csv,"analysis/outputs_disagreement_types_20260909T084916Z/disagreement_type_distribution.csv::CSV row 5, nonidentical_nonempty_pairs","[[""220""]]",exact,PASS,domains human eligible pairs,
F085,scratch_coder_interpretive_findings.md,F.16,"[""52"", ""8"", ""40""]",disagreement_type_distribution.csv,"analysis/outputs_disagreement_types_20260909T084916Z/disagreement_type_distribution.csv::CSV row 11, proportion_of_nonidentical_nonempty_pairs; analysis/outputs_disagreement_types_20260909T084916Z/disagreement_type_distribution.csv::CSV row 12, proportion_of_nonidentical_nonempty_pairs; analysis/outputs_disagreement_types_20260909T084916Z/disagreement_type_distribution.csv::CSV row 13, proportion_of_nonidentical_nonempty_pairs","[[""0.51758793969849248""], [""0.080402010050251257""], [""0.4020100502512563""]]",percentage,PASS,domains model-human composition,
F086,scratch_coder_interpretive_findings.md,F.16,"[""199""]",disagreement_type_distribution.csv,"analysis/outputs_disagreement_types_20260909T084916Z/disagreement_type_distribution.csv::CSV row 11, nonidentical_nonempty_pairs","[[""199""]]",exact,PASS,domains model-human eligible pairs,
F087,scratch_coder_interpretive_findings.md,F.16,"[""14"", ""<1"", ""86""]",disagreement_type_distribution.csv,"analysis/outputs_disagreement_types_20260909T084916Z/disagreement_type_distribution.csv::CSV row 17, proportion_of_nonidentical_nonempty_pairs; analysis/outputs_disagreement_types_20260909T084916Z/disagreement_type_distribution.csv::CSV row 18, proportion_of_nonidentical_nonempty_pairs; analysis/outputs_disagreement_types_20260909T084916Z/disagreement_type_distribution.csv::CSV row 19, proportion_of_nonidentical_nonempty_pairs","[[""0.13970588235294118""], [""0.0036764705882352941""], [""0.85661764705882348""]]",percentage,PASS,purposes human composition,
F088,scratch_coder_interpretive_findings.md,F.16,"[""272""]",disagreement_type_distribution.csv,"analysis/outputs_disagreement_types_20260909T084916Z/disagreement_type_distribution.csv::CSV row 17, nonidentical_nonempty_pairs","[[""272""]]",exact,PASS,purposes human eligible pairs,
F089,scratch_coder_interpretive_findings.md,F.16,"[""15"", ""1"", ""84""]",disagreement_type_distribution.csv,"analysis/outputs_disagreement_types_20260909T084916Z/disagreement_type_distribution.csv::CSV row 23, proportion_of_nonidentical_nonempty_pairs; analysis/outputs_disagreement_types_20260909T084916Z/disagreement_type_distribution.csv::CSV row 24, proportion_of_nonidentical_nonempty_pairs; analysis/outputs_disagreement_types_20260909T084916Z/disagreement_type_distribution.csv::CSV row 25, proportion_of_nonidentical_nonempty_pairs","[[""0.14814814814814814""], [""0.014814814814814815""], [""0.83703703703703702""]]",percentage,PASS,purposes model-human composition,
F090,scratch_coder_interpretive_findings.md,F.16,"[""270""]",disagreement_type_distribution.csv,"analysis/outputs_disagreement_types_20260909T084916Z/disagreement_type_distribution.csv::CSV row 23, nonidentical_nonempty_pairs","[[""270""]]",exact,PASS,purposes model-human eligible pairs,
F091,scratch_coder_interpretive_findings.md,F.17,"[""30"", ""7""]",disagreement_type_distribution.csv,"analysis/outputs_disagreement_types_20260909T084916Z/disagreement_type_distribution.csv::CSV row 27, count; analysis/outputs_disagreement_types_20260909T084916Z/disagreement_type_distribution.csv::CSV row 29, nonidentical_nonempty_pairs","[[""30""], [""7""]]",exact,PASS,human tag pairs,
F092,scratch_coder_interpretive_findings.md,F.17,"[""45"", ""6""]",disagreement_type_distribution.csv,"analysis/outputs_disagreement_types_20260909T084916Z/disagreement_type_distribution.csv::CSV row 33, count; analysis/outputs_disagreement_types_20260909T084916Z/disagreement_type_distribution.csv::CSV row 35, nonidentical_nonempty_pairs","[[""45""], [""6""]]",exact,PASS,model-human tag pairs,
F093,scratch_coder_interpretive_findings.md,F.18,"[""0.182"", ""0.079"", ""0.283""]",SCF1T003,"analysis/confidence_exploratory/results_confidence.md::{}, alpha; analysis/confidence_exploratory/results_confidence.md::{}, ci_lower; analysis/confidence_exploratory/results_confidence.md::{}, ci_upper","[[""0.18209041188026154""], [""0.07872545505759505""], [""0.283043590671762""]]",rounded,PASS,baseline confidence alpha,
F094,scratch_coder_interpretive_findings.md,F.18,"[""0.107"", ""-0.050"", ""0.250""]",SCF1T008,"analysis/confidence_exploratory/results_confidence.md::{}, alpha; analysis/confidence_exploratory/results_confidence.md::{}, ci_lower; analysis/confidence_exploratory/results_confidence.md::{}, ci_upper","[[""0.10720791308938349""], [""-0.049591586591360405""], [""0.2497475826406676""]]",rounded,PASS,hard-case confidence alpha,
F095,scratch_coder_interpretive_findings.md,F.18,"[""95""]",SCF1T003,confidence_level,"[[""0.95""]]",exact,PASS,baseline confidence alpha interval level,
F096,scratch_coder_interpretive_findings.md,F.18,"[""95""]",SCF1T008,confidence_level,"[[""0.95""]]",exact,PASS,hard-case confidence alpha interval level,
F097,scratch_coder_interpretive_findings.md,F.18,"[""55"", ""150"", ""37""]",SCF1T004,"analysis/confidence_exploratory/results_confidence.md::{}, count; denominator; count / denominator","[[""55""], [""150""], [""55"", ""150""]]",exact counts; percentage scaling and half-up,PASS,baseline unanimous confidence,
F098,scratch_coder_interpretive_findings.md,F.18,"[""24"", ""75"", ""32""]",SCF1T009,"analysis/confidence_exploratory/results_confidence.md::{}, count; denominator; count / denominator","[[""24""], [""75""], [""24"", ""75""]]",exact counts; percentage scaling and half-up,PASS,hard-case unanimous confidence,
F099,scratch_coder_interpretive_findings.md,F.18,"[""15"", ""450""]",SCF1T001,sum Low count across coders; three coders x 150,"[[], [""450""]]",exact,PASS,baseline Low response count,
F100,scratch_coder_interpretive_findings.md,F.19,"[""15"", ""450"", ""7"", ""8"", ""0""]",SCF1T001,"sum Low count; response denominator; analysis/confidence_exploratory/results_confidence.md::{'category': 'Low', 'coder': 'C01'}, count; analysis/confidence_exploratory/results_confidence.md::{'category': 'Low', 'coder': 'C02'}, count; analysis/confidence_exploratory/results_confidence.md::{'category': 'Low', 'coder': 'C03'}, count","[[], [""450""], [""7""], [""8""], [""0""]]",exact,PASS,baseline Low response distribution,
F101,scratch_coder_interpretive_findings.md,F.19,"[""0"", ""7""]",SCF1T002,"analysis/confidence_exploratory/results_confidence.md::{'category': 'Low'}, count; analysis/confidence_exploratory/results_confidence.md::{'category': 'No majority'}, count","[[""0""], [""7""]]",exact,PASS,baseline majority confidence counts,
F102,scratch_coder_interpretive_findings.md,F.19,"[""1"", ""75"", ""3""]",SCF1T007,"analysis/confidence_exploratory/results_confidence.md::{'category': 'Low'}, count; denominator; analysis/confidence_exploratory/results_confidence.md::{'category': 'No majority'}, count","[[""1""], [""75""], [""3""]]",exact,PASS,hard-case majority confidence counts,
F103,scratch_coder_interpretive_findings.md,F.20,"[""61"", ""82"", ""7""]",SCF1T001,"analysis/confidence_exploratory/results_confidence.md::{'category': 'High', 'coder': 'C01'}, count; analysis/confidence_exploratory/results_confidence.md::{'category': 'Medium', 'coder': 'C01'}, count; analysis/confidence_exploratory/results_confidence.md::{'category': 'Low', 'coder': 'C01'}, count","[[""61""], [""82""], [""7""]]",exact,PASS,C01 confidence distribution,
F104,scratch_coder_interpretive_findings.md,F.20,"[""57"", ""85"", ""8""]",SCF1T001,"analysis/confidence_exploratory/results_confidence.md::{'category': 'High', 'coder': 'C02'}, count; analysis/confidence_exploratory/results_confidence.md::{'category': 'Medium', 'coder': 'C02'}, count; analysis/confidence_exploratory/results_confidence.md::{'category': 'Low', 'coder': 'C02'}, count","[[""57""], [""85""], [""8""]]",exact,PASS,C02 confidence distribution,
F105,scratch_coder_interpretive_findings.md,F.20,"[""75"", ""75"", ""0""]",SCF1T001,"analysis/confidence_exploratory/results_confidence.md::{'category': 'High', 'coder': 'C03'}, count; analysis/confidence_exploratory/results_confidence.md::{'category': 'Medium', 'coder': 'C03'}, count; analysis/confidence_exploratory/results_confidence.md::{'category': 'Low', 'coder': 'C03'}, count","[[""75""], [""75""], [""0""]]",exact,PASS,C03 confidence distribution,
F106,scratch_coder_interpretive_findings.md,F.20,"[""59"", ""107"", ""96""]",S8T001,"analysis/outputs_validation_scratch_20260824/sufficiency_response_distribution.csv::CSV row 11, count; analysis/scratch_coder_results/results.md::S8T001.r19 estimate; analysis/outputs_validation_scratch_20260824/sufficiency_response_distribution.csv::CSV row 5, count; analysis/scratch_coder_results/results.md::S8T001.r7 estimate; analysis/outputs_validation_scratch_20260824/sufficiency_response_distribution.csv::CSV row 8, count; analysis/scratch_coder_results/results.md::S8T001.r13 estimate","[[""59"", ""59""], [""107"", ""107""], [""96"", ""96""]]",exact,PASS,Sufficient counts C03 C01 C02,
F107,scratch_coder_interpretive_findings.md,F.21,"[""91"", ""175"", ""193""]",SCF1T005,"analysis/confidence_exploratory/results_confidence.md::{'category': 'High', 'sufficiency': 'Sufficient'}, count / denominator; analysis/confidence_exploratory/results_confidence.md::{'category': 'High', 'sufficiency': 'Sufficient'}, count; denominator","[[""175"", ""193""], [""175""], [""193""]]",percentage scaling and half-up; exact counts,PASS,High Sufficient share,
F108,scratch_coder_interpretive_findings.md,F.21,"[""35"", ""85"", ""242""]",SCF1T005,"analysis/confidence_exploratory/results_confidence.md::{'category': 'Medium', 'sufficiency': 'Sufficient'}, count / denominator; analysis/confidence_exploratory/results_confidence.md::{'category': 'Medium', 'sufficiency': 'Sufficient'}, count; denominator","[[""85"", ""242""], [""85""], [""242""]]",percentage scaling and half-up; exact counts,PASS,Medium Sufficient share,
F109,scratch_coder_interpretive_findings.md,F.21,"[""62"", ""151"", ""242""]",SCF1T005,"analysis/confidence_exploratory/results_confidence.md::{'category': 'Medium', 'sufficiency': 'Partially sufficient'}, count / denominator; analysis/confidence_exploratory/results_confidence.md::{'category': 'Medium', 'sufficiency': 'Partially sufficient'}, count; denominator","[[""151"", ""242""], [""151""], [""242""]]",percentage scaling and half-up; exact counts,PASS,Medium Partially sufficient share,
F110,scratch_coder_interpretive_findings.md,F.21,"[""13"", ""2"", ""15""]",SCF1T005,"analysis/confidence_exploratory/results_confidence.md::{'category': 'Low', 'sufficiency': 'Sufficient'}, count / denominator; analysis/confidence_exploratory/results_confidence.md::{'category': 'Low', 'sufficiency': 'Sufficient'}, count; denominator","[[""2"", ""15""], [""2""], [""15""]]",percentage scaling and half-up; exact counts,PASS,Low Sufficient share,
F111,scratch_coder_interpretive_findings.md,F.21,"[""67"", ""10"", ""15""]",SCF1T005,"analysis/confidence_exploratory/results_confidence.md::{'category': 'Low', 'sufficiency': 'Partially sufficient'}, count / denominator; analysis/confidence_exploratory/results_confidence.md::{'category': 'Low', 'sufficiency': 'Partially sufficient'}, count; denominator","[[""10"", ""15""], [""10""], [""15""]]",percentage scaling and half-up; exact counts,PASS,Low Partially sufficient share,
F112,scratch_coder_interpretive_findings.md,F.21,"[""20"", ""3"", ""15""]",SCF1T005,"analysis/confidence_exploratory/results_confidence.md::{'category': 'Low', 'sufficiency': 'Insufficient'}, count / denominator; analysis/confidence_exploratory/results_confidence.md::{'category': 'Low', 'sufficiency': 'Insufficient'}, count; denominator","[[""3"", ""15""], [""3""], [""15""]]",percentage scaling and half-up; exact counts,PASS,Low Insufficient share,
F113,scratch_coder_interpretive_findings.md,F.12,"[""0.9397"", ""0.9397""]",S2T002,"analysis/outputs_validation_scratch_20260824/replacement_panel_results.csv::CSV row 14, point_estimate; analysis/scratch_coder_results/results.md::S2T002.r1 estimate; analysis/figure_data/scratch_coder_figure_1.csv::CSV row 18, source_value_string; analysis/figure_data/scratch_coder_figure_1_panel_agreement.csv::CSV row 18, source_value_string; analysis/figure_data/scratch_coder_figure_4_baseline_hard_case.csv::CSV row 18, source_value_string; analysis/figure_data/scratch_coder_figure_6.csv::CSV row 18, source_value_string; analysis/outputs_validation_scratch_20260824/replacement_panel_results.csv::CSV row 15, point_estimate; analysis/scratch_coder_results/results.md::S2T002.r2 estimate; analysis/figure_data/scratch_coder_figure_1.csv::CSV row 19, source_value_string; analysis/figure_data/scratch_coder_figure_1_panel_agreement.csv::CSV row 19, source_value_string; analysis/figure_data/scratch_coder_figure_4_baseline_hard_case.csv::CSV row 19, source_value_string; analysis/figure_data/scratch_coder_figure_6.csv::CSV row 19, source_value_string","[[""0.9397477187332259"", ""0.9397477187332259"", ""0.9397477187332259"", ""0.9397477187332259"", ""0.9397477187332259"", ""0.9397477187332259""], [""0.9397477187332259"", ""0.9397477187332259"", ""0.9397477187332259"", ""0.9397477187332259"", ""0.9397477187332259"", ""0.9397477187332259""]]",rounded,PASS,baseline COVID alpha ABC and LBC,
F114,scratch_coder_interpretive_findings.md,F.12,"[""0"", ""0"", ""0""]",S2T002,"analysis/outputs_validation_scratch_20260824/replacement_delta_results.csv::CSV row 14, point_estimate; analysis/scratch_coder_results/results.md::S2T002.r5 estimate; analysis/figure_data/scratch_coder_figure_1.csv::CSV row 22, source_value_string; analysis/figure_data/scratch_coder_figure_1_panel_agreement.csv::CSV row 22, source_value_string; analysis/figure_data/scratch_coder_figure_4_baseline_hard_case.csv::CSV row 22, source_value_string; analysis/figure_data/scratch_coder_figure_6.csv::CSV row 22, source_value_string; analysis/outputs_validation_scratch_20260824/replacement_delta_results.csv::CSV row 14, ci_lower; analysis/scratch_coder_results/results.md::S2T002.r5 interval_lower; analysis/figure_data/scratch_coder_figure_1.csv::CSV row 22, interval_lower_string; analysis/figure_data/scratch_coder_figure_1_panel_agreement.csv::CSV row 22, interval_lower_string; analysis/figure_data/scratch_coder_figure_4_baseline_hard_case.csv::CSV row 22, interval_lower_string; analysis/figure_data/scratch_coder_figure_6.csv::CSV row 22, interval_lower_string; analysis/outputs_validation_scratch_20260824/replacement_delta_results.csv::CSV row 14, ci_upper; analysis/scratch_coder_results/results.md::S2T002.r5 interval_upper; analysis/figure_data/scratch_coder_figure_1.csv::CSV row 22, interval_upper_string; analysis/figure_data/scratch_coder_figure_1_panel_agreement.csv::CSV row 22, interval_upper_string; analysis/figure_data/scratch_coder_figure_4_baseline_hard_case.csv::CSV row 22, interval_upper_string; analysis/figure_data/scratch_coder_figure_6.csv::CSV row 22, interval_upper_string","[[""0.0"", ""0.0"", ""0.0"", ""0.0"", ""0.0"", ""0.0""], [""0.0"", ""0.0"", ""0.0"", ""0.0"", ""0.0"", ""0.0""], [""0.0"", ""0.0"", ""0.0"", ""0.0"", ""0.0"", ""0.0""]]",exact,PASS,baseline COVID delta_A,
F115,scratch_coder_interpretive_findings.md,F.12,"[""0.8100"", ""0.8100""]",S2T008,"analysis/outputs_validation_scratch_20260824/replacement_panel_results.csv::CSV row 62, point_estimate; analysis/scratch_coder_results/results.md::S2T008.r1 estimate; analysis/figure_data/scratch_coder_figure_4_baseline_hard_case.csv::CSV row 50, source_value_string; analysis/figure_data/scratch_coder_figure_6.csv::CSV row 50, source_value_string; analysis/outputs_validation_scratch_20260824/replacement_panel_results.csv::CSV row 65, point_estimate; analysis/scratch_coder_results/results.md::S2T008.r4 estimate; analysis/figure_data/scratch_coder_figure_4_baseline_hard_case.csv::CSV row 53, source_value_string; analysis/figure_data/scratch_coder_figure_6.csv::CSV row 53, source_value_string","[[""0.8099547511312217"", ""0.8099547511312217"", ""0.8099547511312217"", ""0.8099547511312217""], [""0.8099547511312217"", ""0.8099547511312217"", ""0.8099547511312217"", ""0.8099547511312217""]]",rounded,PASS,hard-case COVID alpha ABC and ABL,
F116,scratch_coder_interpretive_findings.md,F.12,"[""0"", ""0"", ""0""]",S2T008,"analysis/outputs_validation_scratch_20260824/replacement_delta_results.csv::CSV row 64, point_estimate; analysis/scratch_coder_results/results.md::S2T008.r7 estimate; analysis/figure_data/scratch_coder_figure_4_baseline_hard_case.csv::CSV row 56, source_value_string; analysis/figure_data/scratch_coder_figure_6.csv::CSV row 56, source_value_string; analysis/outputs_validation_scratch_20260824/replacement_delta_results.csv::CSV row 64, ci_lower; analysis/scratch_coder_results/results.md::S2T008.r7 interval_lower; analysis/figure_data/scratch_coder_figure_4_baseline_hard_case.csv::CSV row 56, interval_lower_string; analysis/figure_data/scratch_coder_figure_6.csv::CSV row 56, interval_lower_string; analysis/outputs_validation_scratch_20260824/replacement_delta_results.csv::CSV row 64, ci_upper; analysis/scratch_coder_results/results.md::S2T008.r7 interval_upper; analysis/figure_data/scratch_coder_figure_4_baseline_hard_case.csv::CSV row 56, interval_upper_string; analysis/figure_data/scratch_coder_figure_6.csv::CSV row 56, interval_upper_string","[[""0.0"", ""0.0"", ""0.0"", ""0.0""], [""0.0"", ""0.0"", ""0.0"", ""0.0""], [""0.0"", ""0.0"", ""0.0"", ""0.0""]]",exact,PASS,hard-case COVID delta_C,
F117,scratch_coder_interpretive_findings.md,F.12,"[""6"", ""6""]",S2T018,"analysis/outputs_validation_scratch_stage_b_20260825/tag_diagnostics.csv::CSV row 5, model_positive_n; analysis/scratch_coder_results/results.md::S2T018.r9 estimate; analysis/outputs_validation_scratch_stage_b_20260825/tag_diagnostics.csv::CSV row 5, human_majority_positive_n; analysis/scratch_coder_results/results.md::S2T018.r7 estimate","[[""6"", ""6""], [""6"", ""6""]]",exact,PASS,hard-case COVID model and majority counts,
