owner_id,redcap_repeat_instrument,redcap_repeat_instance,participant_info_ver,consent_form_ver,owner_instr_ver,intended_recipient,consent_read_info,consent_understand_invitation,consent_voluntary,consent_no_nonpublic,consent_confidentiality_limits,consent_withdrawal_deadline,consent_quote_process,consent_retention_reanalysis,consent_complaints,consent_acknowledgement,consent_items_complete,owner_consent,ack_pref,assignment_id,source_record_id,official_project_id,project_title,datasets_used,public_register_url,source_pop_ver,production_ver,taxonomy_ver,proposal_output_sha256,review_instr_ver,taxonomy_display_ver,prop_d01_label,prop_d01_def,po_d01_fit,po_d01_correct_explain,po_d01_vis,po_d01_vis_explain,prop_d02_label,prop_d02_def,po_d02_fit,po_d02_correct_explain,po_d02_vis,po_d02_vis_explain,prop_d03_label,prop_d03_def,po_d03_fit,po_d03_correct_explain,po_d03_vis,po_d03_vis_explain,prop_d04_label,prop_d04_def,po_d04_fit,po_d04_correct_explain,po_d04_vis,po_d04_vis_explain,prop_p01_label,prop_p01_def,po_p01_fit,po_p01_correct_explain,po_p01_vis,po_p01_vis_explain,prop_p02_label,prop_p02_def,po_p02_fit,po_p02_correct_explain,po_p02_vis,po_p02_vis_explain,prop_t01_label,prop_t01_def,prop_t01_status,po_t01_correct,po_t01_correct_explain,po_t01_vis,po_t01_vis_explain,prop_t02_label,prop_t02_def,prop_t02_status,po_t02_correct,po_t02_correct_explain,po_t02_vis,po_t02_vis_explain,po_miss_domain_basis,po_miss_purpose_basis,po_miss_tag_basis,po_sufficiency,po_suff_explain,po_taxonomy_fit,po_tax_explain,po_nonpublic,po_nonpublic_note,po_other_comment,owner_consent_complete,project_review_complete
OWNER_009,,,project-owner-information-v3.2,owner-consent-v3,owner-redcap-candidate-0.4,,,,,,,,,,,,,,,,,,,,,,,,,,,,,,,,,,,,,,,,,,,,,,,,,,,,,,,,,,,,,,,,,,,,,,,,,,,,,,,,,,,,,,,0,
OWNER_009,project_review,1,,,,,,,,,,,,,,,,,,REV-AJQB-KGSF,2020/118,2020/118,"Utilising routine data and machine learning techniques to discover new multi-morbidity and polypharmacy phenotype's associated with poorer outcomes, health, resilience and wellbeing in the Welsh population",SAIL Databank Databank: 2011 Census Data Welsh residents,,20260601-cleaned-1308,dea-validation-production-20260702-fable5-dict-1.0-rc2,1.0-rc2,6f4ff530a3620167c37dc0ddee927ac592ca4ea2410c663535674503f811e299,owner-redcap-candidate-0.4,project-owner-taxonomy-display-v1,Health & Social Care,"Health, illness, mental health, wellbeing, mortality as a health outcome, healthcare services and social care.",,,,,,,,,,,,,,,,,,,,,,,Outcome Tracking,"Linking a naturally occurring exposure, condition or event to a later outcome, where the exposure is not a deliberate policy or programme.",,,,,Methodological / Infrastructure Research,"Developing, testing, validating or improving research methods, measures, linkage approaches, infrastructure or data assets.",,,,,Demographic disparities / equity tag,Comparisons across demographic or equality-relevant groups are central; socioeconomic inequality alone or routine subgroup breakdowns do not qualify.,0,,,,,COVID-19 & Pandemic,"COVID-19 or pandemic conditions are a central research focus or lens, not merely the period covered by the data.",0,,,,,,,,,,,,,,,,0
OWNER_009,project_review,2,,,,,,,,,,,,,,,,,,REV-4PXJ-XGSM,2020/127,2020/127,Establishing the impact of COVID-19 on the health of domiciliary care workers in Wales: developing a model for UK service planning and carer support,SAIL Databank Databank: 2011 Census Data Welsh residents,,20260601-cleaned-1308,dea-validation-production-20260702-fable5-dict-1.0-rc2,1.0-rc2,6f4ff530a3620167c37dc0ddee927ac592ca4ea2410c663535674503f811e299,owner-redcap-candidate-0.4,project-owner-taxonomy-display-v1,Health & Social Care,"Health, illness, mental health, wellbeing, mortality as a health outcome, healthcare services and social care.",,,,,Labour Market & Employment,"Work, employment, earnings, job quality, workforce dynamics, skills demand and labour-market transitions.",,,,,,,,,,,,,,,,,Outcome Tracking,"Linking a naturally occurring exposure, condition or event to a later outcome, where the exposure is not a deliberate policy or programme.",,,,,,,,,,,Demographic disparities / equity tag,Comparisons across demographic or equality-relevant groups are central; socioeconomic inequality alone or routine subgroup breakdowns do not qualify.,0,,,,,COVID-19 & Pandemic,"COVID-19 or pandemic conditions are a central research focus or lens, not merely the period covered by the data.",1,,,,,,,,,,,,,,,,0
OWNER_009,project_review,3,,,,,,,,,,,,,,,,,,REV-D67Y-5ME5,2020/128,2020/128,The Role of Area-level deprivation for private and public family law cases concerning children in England and Wales,SAIL Databank Databank: 2011 Census Data Welsh residents,,20260601-cleaned-1308,dea-validation-production-20260702-fable5-dict-1.0-rc2,1.0-rc2,6f4ff530a3620167c37dc0ddee927ac592ca4ea2410c663535674503f811e299,owner-redcap-candidate-0.4,project-owner-taxonomy-display-v1,Crime & Justice,"Crime, victimisation, public safety, policing, courts, sentencing, prisons, probation and justice outcomes.",,,,,,,,,,,,,,,,,,,,,,,Outcome Tracking,"Linking a naturally occurring exposure, condition or event to a later outcome, where the exposure is not a deliberate policy or programme.",,,,,,,,,,,Demographic disparities / equity tag,Comparisons across demographic or equality-relevant groups are central; socioeconomic inequality alone or routine subgroup breakdowns do not qualify.,0,,,,,COVID-19 & Pandemic,"COVID-19 or pandemic conditions are a central research focus or lens, not merely the period covered by the data.",0,,,,,,,,,,,,,,,,0
OWNER_009,project_review,4,,,,,,,,,,,,,,,,,,REV-84JK-EHBN,2020/129,2020/129,Born into care: Newborns in care proceedings in Wales,SAIL Databank Databank: 2011 Census Data Welsh residents,,20260601-cleaned-1308,dea-validation-production-20260702-fable5-dict-1.0-rc2,1.0-rc2,6f4ff530a3620167c37dc0ddee927ac592ca4ea2410c663535674503f811e299,owner-redcap-candidate-0.4,project-owner-taxonomy-display-v1,Crime & Justice,"Crime, victimisation, public safety, policing, courts, sentencing, prisons, probation and justice outcomes.",,,,,Health & Social Care,"Health, illness, mental health, wellbeing, mortality as a health outcome, healthcare services and social care.",,,,,,,,,,,,,,,,,Descriptive Monitoring,"Measuring and describing levels, distributions, patterns or trends across places, populations or time, without primarily testing an exposure–outcome relationship.",,,,,,,,,,,Demographic disparities / equity tag,Comparisons across demographic or equality-relevant groups are central; socioeconomic inequality alone or routine subgroup breakdowns do not qualify.,0,,,,,COVID-19 & Pandemic,"COVID-19 or pandemic conditions are a central research focus or lens, not merely the period covered by the data.",0,,,,,,,,,,,,,,,,0
OWNER_009,project_review,5,,,,,,,,,,,,,,,,,,REV-89G9-V4Q9,2021/025,2021/025,Welsh virtual population vaccination and outcome registry,SAIL Databank Databank: 2011 Census Data Welsh residents,,20260601-cleaned-1308,dea-validation-production-20260702-fable5-dict-1.0-rc2,1.0-rc2,6f4ff530a3620167c37dc0ddee927ac592ca4ea2410c663535674503f811e299,owner-redcap-candidate-0.4,project-owner-taxonomy-display-v1,Health & Social Care,"Health, illness, mental health, wellbeing, mortality as a health outcome, healthcare services and social care.",,,,,Data Infrastructure & Methodology,"Data or methodology as the primary research object, rather than tools used for another question.",,,,,,,,,,,,,,,,,Methodological / Infrastructure Research,"Developing, testing, validating or improving research methods, measures, linkage approaches, infrastructure or data assets.",,,,,,,,,,,Demographic disparities / equity tag,Comparisons across demographic or equality-relevant groups are central; socioeconomic inequality alone or routine subgroup breakdowns do not qualify.,0,,,,,COVID-19 & Pandemic,"COVID-19 or pandemic conditions are a central research focus or lens, not merely the period covered by the data.",0,,,,,,,,,,,,,,,,0
OWNER_009,project_review,6,,,,,,,,,,,,,,,,,,REV-WHFP-H8SV,2022/030,2022/030,WMCC - Wales Multi-morbidity Cardiovascular COVID-19 UK,SAIL Databank Databank: 2011 Census Data Welsh residents,,20260601-cleaned-1308,dea-validation-production-20260702-fable5-dict-1.0-rc2,1.0-rc2,6f4ff530a3620167c37dc0ddee927ac592ca4ea2410c663535674503f811e299,owner-redcap-candidate-0.4,project-owner-taxonomy-display-v1,Health & Social Care,"Health, illness, mental health, wellbeing, mortality as a health outcome, healthcare services and social care.",,,,,,,,,,,,,,,,,,,,,,,Outcome Tracking,"Linking a naturally occurring exposure, condition or event to a later outcome, where the exposure is not a deliberate policy or programme.",,,,,,,,,,,Demographic disparities / equity tag,Comparisons across demographic or equality-relevant groups are central; socioeconomic inequality alone or routine subgroup breakdowns do not qualify.,0,,,,,COVID-19 & Pandemic,"COVID-19 or pandemic conditions are a central research focus or lens, not merely the period covered by the data.",1,,,,,,,,,,,,,,,,0
OWNER_009,project_review,7,,,,,,,,,,,,,,,,,,REV-FHX5-6NRZ,2022/038,2022/038,The inequalities in the patterns of needs for mental health illness and crisis for children and young people in Wales,SAIL Databank Databank: 2011 Census Data Welsh residents,,20260601-cleaned-1308,dea-validation-production-20260702-fable5-dict-1.0-rc2,1.0-rc2,6f4ff530a3620167c37dc0ddee927ac592ca4ea2410c663535674503f811e299,owner-redcap-candidate-0.4,project-owner-taxonomy-display-v1,Health & Social Care,"Health, illness, mental health, wellbeing, mortality as a health outcome, healthcare services and social care.",,,,,,,,,,,,,,,,,,,,,,,Descriptive Monitoring,"Measuring and describing levels, distributions, patterns or trends across places, populations or time, without primarily testing an exposure–outcome relationship.",,,,,,,,,,,Demographic disparities / equity tag,Comparisons across demographic or equality-relevant groups are central; socioeconomic inequality alone or routine subgroup breakdowns do not qualify.,1,,,,,COVID-19 & Pandemic,"COVID-19 or pandemic conditions are a central research focus or lens, not merely the period covered by the data.",0,,,,,,,,,,,,,,,,0
OWNER_009,project_review,8,,,,,,,,,,,,,,,,,,REV-CEWY-9MYY,2022/057,2022/057,The inequalities in the patterns of needs for carers and cared for people receiving support from local authorities across Wales,SAIL Databank Databank: 2011 Census Data Welsh residents,,20260601-cleaned-1308,dea-validation-production-20260702-fable5-dict-1.0-rc2,1.0-rc2,6f4ff530a3620167c37dc0ddee927ac592ca4ea2410c663535674503f811e299,owner-redcap-candidate-0.4,project-owner-taxonomy-display-v1,Health & Social Care,"Health, illness, mental health, wellbeing, mortality as a health outcome, healthcare services and social care.",,,,,,,,,,,,,,,,,,,,,,,Descriptive Monitoring,"Measuring and describing levels, distributions, patterns or trends across places, populations or time, without primarily testing an exposure–outcome relationship.",,,,,,,,,,,Demographic disparities / equity tag,Comparisons across demographic or equality-relevant groups are central; socioeconomic inequality alone or routine subgroup breakdowns do not qualify.,0,,,,,COVID-19 & Pandemic,"COVID-19 or pandemic conditions are a central research focus or lens, not merely the period covered by the data.",0,,,,,,,,,,,,,,,,0
OWNER_009,project_review,9,,,,,,,,,,,,,,,,,,REV-YT72-56VR,2022/111,2022/111,"Private family law cases in England and Wales: profiles, pathways and outcomes",Ministry of Justice: MoJ Data First family court data extract,,20260601-cleaned-1308,dea-validation-production-20260702-fable5-dict-1.0-rc2,1.0-rc2,6f4ff530a3620167c37dc0ddee927ac592ca4ea2410c663535674503f811e299,owner-redcap-candidate-0.4,project-owner-taxonomy-display-v1,Crime & Justice,"Crime, victimisation, public safety, policing, courts, sentencing, prisons, probation and justice outcomes.",,,,,,,,,,,,,,,,,,,,,,,Service Interaction / Systems Analysis,"How people, cases or organisations access, use, move through or are processed by public services.",,,,,Descriptive Monitoring,"Measuring and describing levels, distributions, patterns or trends across places, populations or time, without primarily testing an exposure–outcome relationship.",,,,,Demographic disparities / equity tag,Comparisons across demographic or equality-relevant groups are central; socioeconomic inequality alone or routine subgroup breakdowns do not qualify.,0,,,,,COVID-19 & Pandemic,"COVID-19 or pandemic conditions are a central research focus or lens, not merely the period covered by the data.",0,,,,,,,,,,,,,,,,0
OWNER_009,project_review,10,,,,,,,,,,,,,,,,,,REV-G5CB-QY85,2023/004,2023/004,Educational pathways and outcomes for children who are looked after: a population-scale data linkage study,SAIL Databank Databank: 2011 Census Data,,20260601-cleaned-1308,dea-validation-production-20260702-fable5-dict-1.0-rc2,1.0-rc2,6f4ff530a3620167c37dc0ddee927ac592ca4ea2410c663535674503f811e299,owner-redcap-candidate-0.4,project-owner-taxonomy-display-v1,Education & Skills,"Education, learning, training, skills formation and transitions through education systems and into work.",,,,,Health & Social Care,"Health, illness, mental health, wellbeing, mortality as a health outcome, healthcare services and social care.",,,,,,,,,,,,,,,,,Life-Course / Trajectory Analysis,"Following people, households, firms or cases over time to understand trajectories, transitions or cumulative outcomes.",,,,,Outcome Tracking,"Linking a naturally occurring exposure, condition or event to a later outcome, where the exposure is not a deliberate policy or programme.",,,,,Demographic disparities / equity tag,Comparisons across demographic or equality-relevant groups are central; socioeconomic inequality alone or routine subgroup breakdowns do not qualify.,0,,,,,COVID-19 & Pandemic,"COVID-19 or pandemic conditions are a central research focus or lens, not merely the period covered by the data.",0,,,,,,,,,,,,,,,,0
OWNER_009,project_review,11,,,,,,,,,,,,,,,,,,REV-Q2VG-HVYP,2024/061,2024/061,Analysis of survival from blood cancer in the UK and comparable nations,SAIL Databank Databank: Census 2011,,20260601-cleaned-1308,dea-validation-production-20260702-fable5-dict-1.0-rc2,1.0-rc2,6f4ff530a3620167c37dc0ddee927ac592ca4ea2410c663535674503f811e299,owner-redcap-candidate-0.4,project-owner-taxonomy-display-v1,Health & Social Care,"Health, illness, mental health, wellbeing, mortality as a health outcome, healthcare services and social care.",,,,,,,,,,,,,,,,,,,,,,,Descriptive Monitoring,"Measuring and describing levels, distributions, patterns or trends across places, populations or time, without primarily testing an exposure–outcome relationship.",,,,,,,,,,,Demographic disparities / equity tag,Comparisons across demographic or equality-relevant groups are central; socioeconomic inequality alone or routine subgroup breakdowns do not qualify.,0,,,,,COVID-19 & Pandemic,"COVID-19 or pandemic conditions are a central research focus or lens, not merely the period covered by the data.",0,,,,,,,,,,,,,,,,0
OWNER_009,project_review,12,,,,,,,,,,,,,,,,,,REV-PU7T-4KEK,2024/095/b,2024/095,Understanding pathways for support amongst children and young people in Wales experiencing mental health problems,SAIL Databank Databank: Census (2021),,20260601-cleaned-1308,dea-validation-production-20260702-fable5-dict-1.0-rc2,1.0-rc2,6f4ff530a3620167c37dc0ddee927ac592ca4ea2410c663535674503f811e299,owner-redcap-candidate-0.4,project-owner-taxonomy-display-v1,Health & Social Care,"Health, illness, mental health, wellbeing, mortality as a health outcome, healthcare services and social care.",,,,,,,,,,,,,,,,,,,,,,,Service Interaction / Systems Analysis,"How people, cases or organisations access, use, move through or are processed by public services.",,,,,,,,,,,Demographic disparities / equity tag,Comparisons across demographic or equality-relevant groups are central; socioeconomic inequality alone or routine subgroup breakdowns do not qualify.,0,,,,,COVID-19 & Pandemic,"COVID-19 or pandemic conditions are a central research focus or lens, not merely the period covered by the data.",0,,,,,,,,,,,,,,,,0
OWNER_009,project_review,13,,,,,,,,,,,,,,,,,,REV-MPCZ-6SN9,2024/208,2024/208,Tackling child health inequality. An interventional epidemiology platform to inform policy,"SAIL Databank Databank: 2011 Census, 2021 Census",,20260601-cleaned-1308,dea-validation-production-20260702-fable5-dict-1.0-rc2,1.0-rc2,6f4ff530a3620167c37dc0ddee927ac592ca4ea2410c663535674503f811e299,owner-redcap-candidate-0.4,project-owner-taxonomy-display-v1,Health & Social Care,"Health, illness, mental health, wellbeing, mortality as a health outcome, healthcare services and social care.",,,,,,,,,,,,,,,,,,,,,,,Methodological / Infrastructure Research,"Developing, testing, validating or improving research methods, measures, linkage approaches, infrastructure or data assets.",,,,,,,,,,,Demographic disparities / equity tag,Comparisons across demographic or equality-relevant groups are central; socioeconomic inequality alone or routine subgroup breakdowns do not qualify.,0,,,,,COVID-19 & Pandemic,"COVID-19 or pandemic conditions are a central research focus or lens, not merely the period covered by the data.",0,,,,,,,,,,,,,,,,0
OWNER_009,project_review,14,,,,,,,,,,,,,,,,,,REV-NURZ-H62S,2025/152,2025/152,The impact of housing conditions on children with asthma,SAIL Databank: Census 2021,,20260601-cleaned-1308,dea-validation-production-20260702-fable5-dict-1.0-rc2,1.0-rc2,6f4ff530a3620167c37dc0ddee927ac592ca4ea2410c663535674503f811e299,owner-redcap-candidate-0.4,project-owner-taxonomy-display-v1,Health & Social Care,"Health, illness, mental health, wellbeing, mortality as a health outcome, healthcare services and social care.",,,,,Housing & Planning,"Housing, homelessness, tenure, residential conditions and mobility, neighbourhood change and planning systems.",,,,,,,,,,,,,,,,,Outcome Tracking,"Linking a naturally occurring exposure, condition or event to a later outcome, where the exposure is not a deliberate policy or programme.",,,,,,,,,,,Demographic disparities / equity tag,Comparisons across demographic or equality-relevant groups are central; socioeconomic inequality alone or routine subgroup breakdowns do not qualify.,0,,,,,COVID-19 & Pandemic,"COVID-19 or pandemic conditions are a central research focus or lens, not merely the period covered by the data.",0,,,,,,,,,,,,,,,,0
OWNER_009,project_review,15,,,,,,,,,,,,,,,,,,REV-84FV-FB8M,2025/183,2025/183,"Post-Pandemic Health and Healthcare in Wales: Insights into recovery, inequality, and service pressure",Office for National Statistics: Census 2011 and 2021 England and Wales,,20260601-cleaned-1308,dea-validation-production-20260702-fable5-dict-1.0-rc2,1.0-rc2,6f4ff530a3620167c37dc0ddee927ac592ca4ea2410c663535674503f811e299,owner-redcap-candidate-0.4,project-owner-taxonomy-display-v1,Health & Social Care,"Health, illness, mental health, wellbeing, mortality as a health outcome, healthcare services and social care.",,,,,,,,,,,,,,,,,,,,,,,Descriptive Monitoring,"Measuring and describing levels, distributions, patterns or trends across places, populations or time, without primarily testing an exposure–outcome relationship.",,,,,Service Interaction / Systems Analysis,"How people, cases or organisations access, use, move through or are processed by public services.",,,,,Demographic disparities / equity tag,Comparisons across demographic or equality-relevant groups are central; socioeconomic inequality alone or routine subgroup breakdowns do not qualify.,0,,,,,COVID-19 & Pandemic,"COVID-19 or pandemic conditions are a central research focus or lens, not merely the period covered by the data.",1,,,,,,,,,,,,,,,,0
OWNER_009,project_review,16,,,,,,,,,,,,,,,,,,REV-Q438-4N5C,2025/188,2025/188,"Women's health in Wales: Investigating the gender health gap, including understanding the prevalence and pathways of Endometriosis",Office for National Statistics: Census 2011 and 2021 England and Wales,,20260601-cleaned-1308,dea-validation-production-20260702-fable5-dict-1.0-rc2,1.0-rc2,6f4ff530a3620167c37dc0ddee927ac592ca4ea2410c663535674503f811e299,owner-redcap-candidate-0.4,project-owner-taxonomy-display-v1,Health & Social Care,"Health, illness, mental health, wellbeing, mortality as a health outcome, healthcare services and social care.",,,,,,,,,,,,,,,,,,,,,,,Descriptive Monitoring,"Measuring and describing levels, distributions, patterns or trends across places, populations or time, without primarily testing an exposure–outcome relationship.",,,,,Service Interaction / Systems Analysis,"How people, cases or organisations access, use, move through or are processed by public services.",,,,,Demographic disparities / equity tag,Comparisons across demographic or equality-relevant groups are central; socioeconomic inequality alone or routine subgroup breakdowns do not qualify.,1,,,,,COVID-19 & Pandemic,"COVID-19 or pandemic conditions are a central research focus or lens, not merely the period covered by the data.",0,,,,,,,,,,,,,,,,0
OWNER_009,project_review,17,,,,,,,,,,,,,,,,,,REV-3RHS-ZZWG,2025/200,2025/200,ADRW-MSC Investigating inequality and inequity in Wales through linked data methods,"Office for national Statistics: Census 2011, Census 2021",,20260601-cleaned-1308,dea-validation-production-20260702-fable5-dict-1.0-rc2,1.0-rc2,6f4ff530a3620167c37dc0ddee927ac592ca4ea2410c663535674503f811e299,owner-redcap-candidate-0.4,project-owner-taxonomy-display-v1,Unclear from Register Entry,The public title and datasets do not provide enough evidence to assign a substantive Research Domain.,,,,,,,,,,,,,,,,,,,,,,,Descriptive Monitoring,"Measuring and describing levels, distributions, patterns or trends across places, populations or time, without primarily testing an exposure–outcome relationship.",,,,,,,,,,,Demographic disparities / equity tag,Comparisons across demographic or equality-relevant groups are central; socioeconomic inequality alone or routine subgroup breakdowns do not qualify.,1,,,,,COVID-19 & Pandemic,"COVID-19 or pandemic conditions are a central research focus or lens, not merely the period covered by the data.",0,,,,,,,,,,,,,,,,0
OWNER_009,project_review,18,,,,,,,,,,,,,,,,,,REV-F8SH-M76A,2025/224,2025/224,Public Health Wales Linked Data Feasibility Hub,"Office for National Statistics: Census 2021, Wales",,20260601-cleaned-1308,dea-validation-production-20260702-fable5-dict-1.0-rc2,1.0-rc2,6f4ff530a3620167c37dc0ddee927ac592ca4ea2410c663535674503f811e299,owner-redcap-candidate-0.4,project-owner-taxonomy-display-v1,Data Infrastructure & Methodology,"Data or methodology as the primary research object, rather than tools used for another question.",,,,,Health & Social Care,"Health, illness, mental health, wellbeing, mortality as a health outcome, healthcare services and social care.",,,,,,,,,,,,,,,,,Methodological / Infrastructure Research,"Developing, testing, validating or improving research methods, measures, linkage approaches, infrastructure or data assets.",,,,,,,,,,,Demographic disparities / equity tag,Comparisons across demographic or equality-relevant groups are central; socioeconomic inequality alone or routine subgroup breakdowns do not qualify.,0,,,,,COVID-19 & Pandemic,"COVID-19 or pandemic conditions are a central research focus or lens, not merely the period covered by the data.",0,,,,,,,,,,,,,,,,0
OWNER_009,project_review,19,,,,,,,,,,,,,,,,,,REV-5R7V-WCAX,2025/237,2025/237,Population Dashboard for Last Year of Life,"Office for National Statistics: Census 2011 Welsh Records, Census 2021 Welsh Records",,20260601-cleaned-1308,dea-validation-production-20260702-fable5-dict-1.0-rc2,1.0-rc2,6f4ff530a3620167c37dc0ddee927ac592ca4ea2410c663535674503f811e299,owner-redcap-candidate-0.4,project-owner-taxonomy-display-v1,Health & Social Care,"Health, illness, mental health, wellbeing, mortality as a health outcome, healthcare services and social care.",,,,,Migration & Demographics,"Population structure and change, migration, fertility, ageing and mortality as a demographic outcome.",,,,,,,,,,,,,,,,,Descriptive Monitoring,"Measuring and describing levels, distributions, patterns or trends across places, populations or time, without primarily testing an exposure–outcome relationship.",,,,,,,,,,,Demographic disparities / equity tag,Comparisons across demographic or equality-relevant groups are central; socioeconomic inequality alone or routine subgroup breakdowns do not qualify.,0,,,,,COVID-19 & Pandemic,"COVID-19 or pandemic conditions are a central research focus or lens, not merely the period covered by the data.",0,,,,,,,,,,,,,,,,0
OWNER_009,project_review,20,,,,,,,,,,,,,,,,,,REV-2P7A-HYM6,2026/007,2026/007,Pay Disparities in Wales: Analysis of annual earnings amongst those with protected characteristics.,SAIL Databank: Census 2011 & 2021,,20260601-cleaned-1308,dea-validation-production-20260702-fable5-dict-1.0-rc2,1.0-rc2,6f4ff530a3620167c37dc0ddee927ac592ca4ea2410c663535674503f811e299,owner-redcap-candidate-0.4,project-owner-taxonomy-display-v1,Labour Market & Employment,"Work, employment, earnings, job quality, workforce dynamics, skills demand and labour-market transitions.",,,,,,,,,,,,,,,,,,,,,,,Descriptive Monitoring,"Measuring and describing levels, distributions, patterns or trends across places, populations or time, without primarily testing an exposure–outcome relationship.",,,,,,,,,,,Demographic disparities / equity tag,Comparisons across demographic or equality-relevant groups are central; socioeconomic inequality alone or routine subgroup breakdowns do not qualify.,1,,,,,COVID-19 & Pandemic,"COVID-19 or pandemic conditions are a central research focus or lens, not merely the period covered by the data.",0,,,,,,,,,,,,,,,,0
OWNER_007,,,project-owner-information-v3.2,owner-consent-v3,owner-redcap-candidate-0.4,,,,,,,,,,,,,,,,,,,,,,,,,,,,,,,,,,,,,,,,,,,,,,,,,,,,,,,,,,,,,,,,,,,,,,,,,,,,,,,,,,,,,,,0,
OWNER_007,project_review,1,,,,,,,,,,,,,,,,,,REV-KV5Q-4XAE,2021/017,2021/017,ISCF Medicines Manufacturing Evaluation,"Office for National Statistics: Annual Business Survey, Annual Survey of Hours and Earnings, Business Enterprise Research and Development & Business Structure Database",,20260601-cleaned-1308,dea-validation-production-20260702-fable5-dict-1.0-rc2,1.0-rc2,6f4ff530a3620167c37dc0ddee927ac592ca4ea2410c663535674503f811e299,owner-redcap-candidate-0.4,project-owner-taxonomy-display-v1,Business & Productivity,"Firms, business activity, innovation, productivity, entrepreneurship, trade, investment and business performance.",,,,,,,,,,,,,,,,,,,,,,,Policy Evaluation / Impact Analysis,"Assessing the implementation, effects or consequences of a specific named policy, programme, regulation or intervention.",,,,,,,,,,,Demographic disparities / equity tag,Comparisons across demographic or equality-relevant groups are central; socioeconomic inequality alone or routine subgroup breakdowns do not qualify.,0,,,,,COVID-19 & Pandemic,"COVID-19 or pandemic conditions are a central research focus or lens, not merely the period covered by the data.",0,,,,,,,,,,,,,,,,0
OWNER_007,project_review,2,,,,,,,,,,,,,,,,,,REV-XZKN-VAYW,2022/065,2022/065,Potential Impact of the Green Homes Grant Voucher Scheme on the Supply Chain,"Office for National Statistics: Annual Business Survey, Business Structure Database",,20260601-cleaned-1308,dea-validation-production-20260702-fable5-dict-1.0-rc2,1.0-rc2,6f4ff530a3620167c37dc0ddee927ac592ca4ea2410c663535674503f811e299,owner-redcap-candidate-0.4,project-owner-taxonomy-display-v1,Business & Productivity,"Firms, business activity, innovation, productivity, entrepreneurship, trade, investment and business performance.",,,,,Environment & Agriculture,"Environment, climate, energy, agriculture, land use, pollution, decarbonisation and environmental impacts.",,,,,,,,,,,,,,,,,Policy Evaluation / Impact Analysis,"Assessing the implementation, effects or consequences of a specific named policy, programme, regulation or intervention.",,,,,,,,,,,Demographic disparities / equity tag,Comparisons across demographic or equality-relevant groups are central; socioeconomic inequality alone or routine subgroup breakdowns do not qualify.,0,,,,,COVID-19 & Pandemic,"COVID-19 or pandemic conditions are a central research focus or lens, not merely the period covered by the data.",0,,,,,,,,,,,,,,,,0
OWNER_007,project_review,3,,,,,,,,,,,,,,,,,,REV-8AGU-CES3,2022/077,2022/077,Employment Allowance National Insurance Contribution Evaluation,"Office for National Statistics: ASHE Longitudinal Data England, Wales, Great Britain",,20260601-cleaned-1308,dea-validation-production-20260702-fable5-dict-1.0-rc2,1.0-rc2,6f4ff530a3620167c37dc0ddee927ac592ca4ea2410c663535674503f811e299,owner-redcap-candidate-0.4,project-owner-taxonomy-display-v1,Public Finance & Taxation,"Taxation, government revenue, public spending, fiscal transfers, tax reliefs and fiscal policy.",,,,,Labour Market & Employment,"Work, employment, earnings, job quality, workforce dynamics, skills demand and labour-market transitions.",,,,,,,,,,,,,,,,,Policy Evaluation / Impact Analysis,"Assessing the implementation, effects or consequences of a specific named policy, programme, regulation or intervention.",,,,,,,,,,,Demographic disparities / equity tag,Comparisons across demographic or equality-relevant groups are central; socioeconomic inequality alone or routine subgroup breakdowns do not qualify.,0,,,,,COVID-19 & Pandemic,"COVID-19 or pandemic conditions are a central research focus or lens, not merely the period covered by the data.",0,,,,,,,,,,,,,,,,0
OWNER_007,project_review,4,,,,,,,,,,,,,,,,,,REV-WVVZ-NFV9,2022/103,2022/103,Environmental Impact of Taxes Evaluation,"Office for National Statistics: Annual Business Survey UK, Annual Population Survey UK, Annual Respondents Database 2 UK, Annual Respondents Database x UK, Annual Survey of Hours and Earnings UK, Business Enterprise Research and Development England, Wales and Scotland, Business Structure Database UK, Quarterly Fuels Inquiry UK, Understanding Society UK",,20260601-cleaned-1308,dea-validation-production-20260702-fable5-dict-1.0-rc2,1.0-rc2,6f4ff530a3620167c37dc0ddee927ac592ca4ea2410c663535674503f811e299,owner-redcap-candidate-0.4,project-owner-taxonomy-display-v1,Environment & Agriculture,"Environment, climate, energy, agriculture, land use, pollution, decarbonisation and environmental impacts.",,,,,Public Finance & Taxation,"Taxation, government revenue, public spending, fiscal transfers, tax reliefs and fiscal policy.",,,,,,,,,,,,,,,,,Policy Evaluation / Impact Analysis,"Assessing the implementation, effects or consequences of a specific named policy, programme, regulation or intervention.",,,,,,,,,,,Demographic disparities / equity tag,Comparisons across demographic or equality-relevant groups are central; socioeconomic inequality alone or routine subgroup breakdowns do not qualify.,0,,,,,COVID-19 & Pandemic,"COVID-19 or pandemic conditions are a central research focus or lens, not merely the period covered by the data.",0,,,,,,,,,,,,,,,,0
OWNER_007,project_review,5,,,,,,,,,,,,,,,,,,REV-K35E-Z88M,2022/174,2022/174,Local Authority COVID19 Grant Programme Evaluation,"Office for National Statistics: Annual Business Survey, Annual Survey of Hours and Earnings, Business Structure Database",,20260601-cleaned-1308,dea-validation-production-20260702-fable5-dict-1.0-rc2,1.0-rc2,6f4ff530a3620167c37dc0ddee927ac592ca4ea2410c663535674503f811e299,owner-redcap-candidate-0.4,project-owner-taxonomy-display-v1,Business & Productivity,"Firms, business activity, innovation, productivity, entrepreneurship, trade, investment and business performance.",,,,,,,,,,,,,,,,,,,,,,,Policy Evaluation / Impact Analysis,"Assessing the implementation, effects or consequences of a specific named policy, programme, regulation or intervention.",,,,,,,,,,,Demographic disparities / equity tag,Comparisons across demographic or equality-relevant groups are central; socioeconomic inequality alone or routine subgroup breakdowns do not qualify.,0,,,,,COVID-19 & Pandemic,"COVID-19 or pandemic conditions are a central research focus or lens, not merely the period covered by the data.",1,,,,,,,,,,,,,,,,0
OWNER_007,project_review,6,,,,,,,,,,,,,,,,,,REV-852S-BXCF,2022/186,2022/186,ISCF Prospering from the Energy Revolution Evaluation,"Office for National Statistics: Annual Business Survey, Annual Survey of Hours and Earnings, Business Enterprise Research and Development, Business Structure Database",,20260601-cleaned-1308,dea-validation-production-20260702-fable5-dict-1.0-rc2,1.0-rc2,6f4ff530a3620167c37dc0ddee927ac592ca4ea2410c663535674503f811e299,owner-redcap-candidate-0.4,project-owner-taxonomy-display-v1,Business & Productivity,"Firms, business activity, innovation, productivity, entrepreneurship, trade, investment and business performance.",,,,,,,,,,,,,,,,,,,,,,,Policy Evaluation / Impact Analysis,"Assessing the implementation, effects or consequences of a specific named policy, programme, regulation or intervention.",,,,,,,,,,,Demographic disparities / equity tag,Comparisons across demographic or equality-relevant groups are central; socioeconomic inequality alone or routine subgroup breakdowns do not qualify.,0,,,,,COVID-19 & Pandemic,"COVID-19 or pandemic conditions are a central research focus or lens, not merely the period covered by the data.",0,,,,,,,,,,,,,,,,0
OWNER_007,project_review,7,,,,,,,,,,,,,,,,,,REV-UZWE-7EA2,2023/081,2023/081,"Evaluation of the Department for Business Energy and Industrial Strategy's (BEIS's) three Carbon Capture, Utilisation and Storage (CCUS) programmes","Office for National Statistics: Annual Business Survey - UK, Annual Survey of Hours and Earnings - UK, Business Enterprise Research and Development - Great Britain, Business Structure Database - UK",,20260601-cleaned-1308,dea-validation-production-20260702-fable5-dict-1.0-rc2,1.0-rc2,6f4ff530a3620167c37dc0ddee927ac592ca4ea2410c663535674503f811e299,owner-redcap-candidate-0.4,project-owner-taxonomy-display-v1,Environment & Agriculture,"Environment, climate, energy, agriculture, land use, pollution, decarbonisation and environmental impacts.",,,,,Business & Productivity,"Firms, business activity, innovation, productivity, entrepreneurship, trade, investment and business performance.",,,,,,,,,,,,,,,,,Policy Evaluation / Impact Analysis,"Assessing the implementation, effects or consequences of a specific named policy, programme, regulation or intervention.",,,,,,,,,,,Demographic disparities / equity tag,Comparisons across demographic or equality-relevant groups are central; socioeconomic inequality alone or routine subgroup breakdowns do not qualify.,0,,,,,COVID-19 & Pandemic,"COVID-19 or pandemic conditions are a central research focus or lens, not merely the period covered by the data.",0,,,,,,,,,,,,,,,,0
OWNER_007,project_review,8,,,,,,,,,,,,,,,,,,REV-4H77-W74K,2023/235,2023/235,Local Labour Market Analysis for Youth Futures Foundation Connected Futures Fund,"Office for National Statistics: Annual Survey of Hours and Earnings - UK, Labour Force Survey Longitudinal - UK, Annual Population Survey - UK, Vacancy Survey - UK
Department For Education: Employer Skills Survey and Investment in Training - UK
Institute for Economic and Social Research:
Understanding Society - UK
University and Colleges Admission Service: Universities and Colleges Admissions Service - UK",,20260601-cleaned-1308,dea-validation-production-20260702-fable5-dict-1.0-rc2,1.0-rc2,6f4ff530a3620167c37dc0ddee927ac592ca4ea2410c663535674503f811e299,owner-redcap-candidate-0.4,project-owner-taxonomy-display-v1,Labour Market & Employment,"Work, employment, earnings, job quality, workforce dynamics, skills demand and labour-market transitions.",,,,,Education & Skills,"Education, learning, training, skills formation and transitions through education systems and into work.",,,,,,,,,,,,,,,,,Descriptive Monitoring,"Measuring and describing levels, distributions, patterns or trends across places, populations or time, without primarily testing an exposure–outcome relationship.",,,,,,,,,,,Demographic disparities / equity tag,Comparisons across demographic or equality-relevant groups are central; socioeconomic inequality alone or routine subgroup breakdowns do not qualify.,0,,,,,COVID-19 & Pandemic,"COVID-19 or pandemic conditions are a central research focus or lens, not merely the period covered by the data.",0,,,,,,,,,,,,,,,,0
OWNER_007,project_review,9,,,,,,,,,,,,,,,,,,REV-4RWA-H2AA,2023/252,2023/252,Advanced Propulsion Centre Impact Evaluation,"Office for National Statistics: Business Enterprise Research and Development - Great Britain, Business Structure Database - UK, Annual Business Survey - UK, Annual Survey of Hours and Earnings - UK",,20260601-cleaned-1308,dea-validation-production-20260702-fable5-dict-1.0-rc2,1.0-rc2,6f4ff530a3620167c37dc0ddee927ac592ca4ea2410c663535674503f811e299,owner-redcap-candidate-0.4,project-owner-taxonomy-display-v1,Business & Productivity,"Firms, business activity, innovation, productivity, entrepreneurship, trade, investment and business performance.",,,,,,,,,,,,,,,,,,,,,,,Policy Evaluation / Impact Analysis,"Assessing the implementation, effects or consequences of a specific named policy, programme, regulation or intervention.",,,,,,,,,,,Demographic disparities / equity tag,Comparisons across demographic or equality-relevant groups are central; socioeconomic inequality alone or routine subgroup breakdowns do not qualify.,0,,,,,COVID-19 & Pandemic,"COVID-19 or pandemic conditions are a central research focus or lens, not merely the period covered by the data.",0,,,,,,,,,,,,,,,,0
OWNER_007,project_review,10,,,,,,,,,,,,,,,,,,REV-JH4P-HTFH,2023/288,2023/288,Evaluation of the Made Smarter Adoption Programme,"Office for National Statistics: Annual Business Survey - UK, Business Structure Database - UK, Annual Survey of Hours and Earnings - UK",,20260601-cleaned-1308,dea-validation-production-20260702-fable5-dict-1.0-rc2,1.0-rc2,6f4ff530a3620167c37dc0ddee927ac592ca4ea2410c663535674503f811e299,owner-redcap-candidate-0.4,project-owner-taxonomy-display-v1,Business & Productivity,"Firms, business activity, innovation, productivity, entrepreneurship, trade, investment and business performance.",,,,,,,,,,,,,,,,,,,,,,,Policy Evaluation / Impact Analysis,"Assessing the implementation, effects or consequences of a specific named policy, programme, regulation or intervention.",,,,,,,,,,,Demographic disparities / equity tag,Comparisons across demographic or equality-relevant groups are central; socioeconomic inequality alone or routine subgroup breakdowns do not qualify.,0,,,,,COVID-19 & Pandemic,"COVID-19 or pandemic conditions are a central research focus or lens, not merely the period covered by the data.",0,,,,,,,,,,,,,,,,0
OWNER_007,project_review,11,,,,,,,,,,,,,,,,,,REV-ZS82-3GUN,2024/081,2024/081,Innovate UK COVID-19 Funding Response Programme Evaluation,"Office for National Statistics: Annual Business Survey - GB, Business Structure Database - UK, Business Enterprise Research and Development - Great Britain, Annual Survey of Hours and Earnings - GB",,20260601-cleaned-1308,dea-validation-production-20260702-fable5-dict-1.0-rc2,1.0-rc2,6f4ff530a3620167c37dc0ddee927ac592ca4ea2410c663535674503f811e299,owner-redcap-candidate-0.4,project-owner-taxonomy-display-v1,Business & Productivity,"Firms, business activity, innovation, productivity, entrepreneurship, trade, investment and business performance.",,,,,,,,,,,,,,,,,,,,,,,Policy Evaluation / Impact Analysis,"Assessing the implementation, effects or consequences of a specific named policy, programme, regulation or intervention.",,,,,,,,,,,Demographic disparities / equity tag,Comparisons across demographic or equality-relevant groups are central; socioeconomic inequality alone or routine subgroup breakdowns do not qualify.,0,,,,,COVID-19 & Pandemic,"COVID-19 or pandemic conditions are a central research focus or lens, not merely the period covered by the data.",1,,,,,,,,,,,,,,,,0
OWNER_007,project_review,12,,,,,,,,,,,,,,,,,,REV-YVGG-DBSA,2024/093,2024/093,Help to Grow Management study,"Office for National Statistics: Annual Business Survey - GB, Business Structure Database - UK, Annual Survey of Hours and Earnings - GB",,20260601-cleaned-1308,dea-validation-production-20260702-fable5-dict-1.0-rc2,1.0-rc2,6f4ff530a3620167c37dc0ddee927ac592ca4ea2410c663535674503f811e299,owner-redcap-candidate-0.4,project-owner-taxonomy-display-v1,Business & Productivity,"Firms, business activity, innovation, productivity, entrepreneurship, trade, investment and business performance.",,,,,,,,,,,,,,,,,,,,,,,Policy Evaluation / Impact Analysis,"Assessing the implementation, effects or consequences of a specific named policy, programme, regulation or intervention.",,,,,,,,,,,Demographic disparities / equity tag,Comparisons across demographic or equality-relevant groups are central; socioeconomic inequality alone or routine subgroup breakdowns do not qualify.,0,,,,,COVID-19 & Pandemic,"COVID-19 or pandemic conditions are a central research focus or lens, not merely the period covered by the data.",0,,,,,,,,,,,,,,,,0
OWNER_007,project_review,13,,,,,,,,,,,,,,,,,,REV-U9TP-8FS5,2025/043,2025/043,Impact evaluation of Innovate UK Fast Start Programme,"Office for National Statistics: Annual Business Survey, Annual Survey of Hours and Earnings, Business Structure Database, Business Enterprise Research and Development",,20260601-cleaned-1308,dea-validation-production-20260702-fable5-dict-1.0-rc2,1.0-rc2,6f4ff530a3620167c37dc0ddee927ac592ca4ea2410c663535674503f811e299,owner-redcap-candidate-0.4,project-owner-taxonomy-display-v1,Business & Productivity,"Firms, business activity, innovation, productivity, entrepreneurship, trade, investment and business performance.",,,,,,,,,,,,,,,,,,,,,,,Policy Evaluation / Impact Analysis,"Assessing the implementation, effects or consequences of a specific named policy, programme, regulation or intervention.",,,,,,,,,,,Demographic disparities / equity tag,Comparisons across demographic or equality-relevant groups are central; socioeconomic inequality alone or routine subgroup breakdowns do not qualify.,0,,,,,COVID-19 & Pandemic,"COVID-19 or pandemic conditions are a central research focus or lens, not merely the period covered by the data.",0,,,,,,,,,,,,,,,,0
OWNER_007,project_review,14,,,,,,,,,,,,,,,,,,REV-BK2B-QYSN,2025/145,2025/145,Place level evaluation of the UK Shared Prosperity Fund,"Office for National Statistics: Annual Population Survey - UK, Annual Survey of Hours and Earnings - GB, Business Structure Database - UK, Crime Survey for England and Wales",,20260601-cleaned-1308,dea-validation-production-20260702-fable5-dict-1.0-rc2,1.0-rc2,6f4ff530a3620167c37dc0ddee927ac592ca4ea2410c663535674503f811e299,owner-redcap-candidate-0.4,project-owner-taxonomy-display-v1,Labour Market & Employment,"Work, employment, earnings, job quality, workforce dynamics, skills demand and labour-market transitions.",,,,,Business & Productivity,"Firms, business activity, innovation, productivity, entrepreneurship, trade, investment and business performance.",,,,,Crime & Justice,"Crime, victimisation, public safety, policing, courts, sentencing, prisons, probation and justice outcomes.",,,,,,,,,,,Policy Evaluation / Impact Analysis,"Assessing the implementation, effects or consequences of a specific named policy, programme, regulation or intervention.",,,,,,,,,,,Demographic disparities / equity tag,Comparisons across demographic or equality-relevant groups are central; socioeconomic inequality alone or routine subgroup breakdowns do not qualify.,0,,,,,COVID-19 & Pandemic,"COVID-19 or pandemic conditions are a central research focus or lens, not merely the period covered by the data.",0,,,,,,,,,,,,,,,,0
OWNER_007,project_review,15,,,,,,,,,,,,,,,,,,REV-YR58-W8AW,2025/187,2025/187,Evaluation of the Project Gigabit Vouchers Scheme,"Office for National Statistics: Annual Survey of Hours and Earnings - UK, Business Structure Database - UK",,20260601-cleaned-1308,dea-validation-production-20260702-fable5-dict-1.0-rc2,1.0-rc2,6f4ff530a3620167c37dc0ddee927ac592ca4ea2410c663535674503f811e299,owner-redcap-candidate-0.4,project-owner-taxonomy-display-v1,Business & Productivity,"Firms, business activity, innovation, productivity, entrepreneurship, trade, investment and business performance.",,,,,,,,,,,,,,,,,,,,,,,Policy Evaluation / Impact Analysis,"Assessing the implementation, effects or consequences of a specific named policy, programme, regulation or intervention.",,,,,,,,,,,Demographic disparities / equity tag,Comparisons across demographic or equality-relevant groups are central; socioeconomic inequality alone or routine subgroup breakdowns do not qualify.,0,,,,,COVID-19 & Pandemic,"COVID-19 or pandemic conditions are a central research focus or lens, not merely the period covered by the data.",0,,,,,,,,,,,,,,,,0
OWNER_007,project_review,16,,,,,,,,,,,,,,,,,,REV-EG4P-P3WH,2025/228,2025/228,Biomedical Catalyst Phase 3 impact evaluation,"Office for National Statistics: Business structure Database - UK, Business Enterprise Research and Development - GB, Annual Business Survey - GB, Annual Survey of Hours and Earnings Longitudinal - UK",,20260601-cleaned-1308,dea-validation-production-20260702-fable5-dict-1.0-rc2,1.0-rc2,6f4ff530a3620167c37dc0ddee927ac592ca4ea2410c663535674503f811e299,owner-redcap-candidate-0.4,project-owner-taxonomy-display-v1,Business & Productivity,"Firms, business activity, innovation, productivity, entrepreneurship, trade, investment and business performance.",,,,,,,,,,,,,,,,,,,,,,,Policy Evaluation / Impact Analysis,"Assessing the implementation, effects or consequences of a specific named policy, programme, regulation or intervention.",,,,,,,,,,,Demographic disparities / equity tag,Comparisons across demographic or equality-relevant groups are central; socioeconomic inequality alone or routine subgroup breakdowns do not qualify.,0,,,,,COVID-19 & Pandemic,"COVID-19 or pandemic conditions are a central research focus or lens, not merely the period covered by the data.",0,,,,,,,,,,,,,,,,0
OWNER_007,project_review,17,,,,,,,,,,,,,,,,,,REV-QPTZ-2UDW,2026/054,2026/054,Make Work Pay scoping study,"Office for National Statistics: Annual Population Survey, Labour Force Survey Longitudinal, Labour Force Survey Household, Annual Survey of Hours and Earnings, Business Structure Database",,20260601-cleaned-1308,dea-validation-production-20260702-fable5-dict-1.0-rc2,1.0-rc2,6f4ff530a3620167c37dc0ddee927ac592ca4ea2410c663535674503f811e299,owner-redcap-candidate-0.4,project-owner-taxonomy-display-v1,Labour Market & Employment,"Work, employment, earnings, job quality, workforce dynamics, skills demand and labour-market transitions.",,,,,,,,,,,,,,,,,,,,,,,Policy Evaluation / Impact Analysis,"Assessing the implementation, effects or consequences of a specific named policy, programme, regulation or intervention.",,,,,,,,,,,Demographic disparities / equity tag,Comparisons across demographic or equality-relevant groups are central; socioeconomic inequality alone or routine subgroup breakdowns do not qualify.,0,,,,,COVID-19 & Pandemic,"COVID-19 or pandemic conditions are a central research focus or lens, not merely the period covered by the data.",0,,,,,,,,,,,,,,,,0
OWNER_022,,,project-owner-information-v3.2,owner-consent-v3,owner-redcap-candidate-0.4,,,,,,,,,,,,,,,,,,,,,,,,,,,,,,,,,,,,,,,,,,,,,,,,,,,,,,,,,,,,,,,,,,,,,,,,,,,,,,,,,,,,,,,0,
OWNER_022,project_review,1,,,,,,,,,,,,,,,,,,REV-9TAW-9XWF,2020/054,2020/054,Evaluation of Mentoring for Growth,"Office for National Statistics: Business Structure Database, Management and Expectations Survey, Annual Survey of Hours and Earnings & Business Impact of COVID-19 Survey
Department for Business, Energy and Industrial Strategy: Longitudinal Small Business Survey",,20260601-cleaned-1308,dea-validation-production-20260702-fable5-dict-1.0-rc2,1.0-rc2,6f4ff530a3620167c37dc0ddee927ac592ca4ea2410c663535674503f811e299,owner-redcap-candidate-0.4,project-owner-taxonomy-display-v1,Business & Productivity,"Firms, business activity, innovation, productivity, entrepreneurship, trade, investment and business performance.",,,,,,,,,,,,,,,,,,,,,,,Policy Evaluation / Impact Analysis,"Assessing the implementation, effects or consequences of a specific named policy, programme, regulation or intervention.",,,,,,,,,,,Demographic disparities / equity tag,Comparisons across demographic or equality-relevant groups are central; socioeconomic inequality alone or routine subgroup breakdowns do not qualify.,0,,,,,COVID-19 & Pandemic,"COVID-19 or pandemic conditions are a central research focus or lens, not merely the period covered by the data.",0,,,,,,,,,,,,,,,,0
OWNER_022,project_review,2,,,,,,,,,,,,,,,,,,REV-YSME-G8XA,2020/072,2020/072,Mid Term Evaluation of the Wales Business Fund,"Office for National Statistics: Business Structure Database, Annual Survey of Hours and Earnings
Department for Business, Energy and Industrial Strategy: Community Innovation Survey
Department for Business, Energy and Industrial Strategy: Longitudinal Small Business Survey",,20260601-cleaned-1308,dea-validation-production-20260702-fable5-dict-1.0-rc2,1.0-rc2,6f4ff530a3620167c37dc0ddee927ac592ca4ea2410c663535674503f811e299,owner-redcap-candidate-0.4,project-owner-taxonomy-display-v1,Business & Productivity,"Firms, business activity, innovation, productivity, entrepreneurship, trade, investment and business performance.",,,,,,,,,,,,,,,,,,,,,,,Policy Evaluation / Impact Analysis,"Assessing the implementation, effects or consequences of a specific named policy, programme, regulation or intervention.",,,,,,,,,,,Demographic disparities / equity tag,Comparisons across demographic or equality-relevant groups are central; socioeconomic inequality alone or routine subgroup breakdowns do not qualify.,0,,,,,COVID-19 & Pandemic,"COVID-19 or pandemic conditions are a central research focus or lens, not merely the period covered by the data.",0,,,,,,,,,,,,,,,,0
OWNER_022,project_review,3,,,,,,,,,,,,,,,,,,REV-QD4P-6WMN,2021/031,2021/031,Evaluation of DIT Internationalisation Fund,"Office for National Statistics: Annual Survey of Hours and Earnings, Business Structure Database, International Trade in Services
Office for National Statistics / HMRC / Companies House: Linked Trade-in-Goods/IDBR dataset",,20260601-cleaned-1308,dea-validation-production-20260702-fable5-dict-1.0-rc2,1.0-rc2,6f4ff530a3620167c37dc0ddee927ac592ca4ea2410c663535674503f811e299,owner-redcap-candidate-0.4,project-owner-taxonomy-display-v1,Business & Productivity,"Firms, business activity, innovation, productivity, entrepreneurship, trade, investment and business performance.",,,,,,,,,,,,,,,,,,,,,,,Policy Evaluation / Impact Analysis,"Assessing the implementation, effects or consequences of a specific named policy, programme, regulation or intervention.",,,,,,,,,,,Demographic disparities / equity tag,Comparisons across demographic or equality-relevant groups are central; socioeconomic inequality alone or routine subgroup breakdowns do not qualify.,0,,,,,COVID-19 & Pandemic,"COVID-19 or pandemic conditions are a central research focus or lens, not merely the period covered by the data.",0,,,,,,,,,,,,,,,,0
OWNER_022,project_review,4,,,,,,,,,,,,,,,,,,REV-YJMR-J2DM,2021/127,2021/127,Invest Northern Ireland Loan and Equity Funds Evaluation,Office for National Statistics: Business Structure Database,,20260601-cleaned-1308,dea-validation-production-20260702-fable5-dict-1.0-rc2,1.0-rc2,6f4ff530a3620167c37dc0ddee927ac592ca4ea2410c663535674503f811e299,owner-redcap-candidate-0.4,project-owner-taxonomy-display-v1,Business & Productivity,"Firms, business activity, innovation, productivity, entrepreneurship, trade, investment and business performance.",,,,,,,,,,,,,,,,,,,,,,,Policy Evaluation / Impact Analysis,"Assessing the implementation, effects or consequences of a specific named policy, programme, regulation or intervention.",,,,,,,,,,,Demographic disparities / equity tag,Comparisons across demographic or equality-relevant groups are central; socioeconomic inequality alone or routine subgroup breakdowns do not qualify.,0,,,,,COVID-19 & Pandemic,"COVID-19 or pandemic conditions are a central research focus or lens, not merely the period covered by the data.",0,,,,,,,,,,,,,,,,0
OWNER_022,project_review,5,,,,,,,,,,,,,,,,,,REV-PS87-R22Z,2021/146,2021/146,C19 Peer Review Network Evaluation,Office for National Statistics: Business Structure Database,,20260601-cleaned-1308,dea-validation-production-20260702-fable5-dict-1.0-rc2,1.0-rc2,6f4ff530a3620167c37dc0ddee927ac592ca4ea2410c663535674503f811e299,owner-redcap-candidate-0.4,project-owner-taxonomy-display-v1,Business & Productivity,"Firms, business activity, innovation, productivity, entrepreneurship, trade, investment and business performance.",,,,,,,,,,,,,,,,,,,,,,,Policy Evaluation / Impact Analysis,"Assessing the implementation, effects or consequences of a specific named policy, programme, regulation or intervention.",,,,,,,,,,,Demographic disparities / equity tag,Comparisons across demographic or equality-relevant groups are central; socioeconomic inequality alone or routine subgroup breakdowns do not qualify.,0,,,,,COVID-19 & Pandemic,"COVID-19 or pandemic conditions are a central research focus or lens, not merely the period covered by the data.",1,,,,,,,,,,,,,,,,0
OWNER_022,project_review,6,,,,,,,,,,,,,,,,,,REV-Z9Z6-MTS4,2021/181,2021/181,Evaluation of the North East Fund - an ERDF Funded Venture Capital and Loan Fund,Office for National Statistics: Business Structure Database,,20260601-cleaned-1308,dea-validation-production-20260702-fable5-dict-1.0-rc2,1.0-rc2,6f4ff530a3620167c37dc0ddee927ac592ca4ea2410c663535674503f811e299,owner-redcap-candidate-0.4,project-owner-taxonomy-display-v1,Business & Productivity,"Firms, business activity, innovation, productivity, entrepreneurship, trade, investment and business performance.",,,,,,,,,,,,,,,,,,,,,,,Policy Evaluation / Impact Analysis,"Assessing the implementation, effects or consequences of a specific named policy, programme, regulation or intervention.",,,,,,,,,,,Demographic disparities / equity tag,Comparisons across demographic or equality-relevant groups are central; socioeconomic inequality alone or routine subgroup breakdowns do not qualify.,0,,,,,COVID-19 & Pandemic,"COVID-19 or pandemic conditions are a central research focus or lens, not merely the period covered by the data.",0,,,,,,,,,,,,,,,,0
OWNER_022,project_review,7,,,,,,,,,,,,,,,,,,REV-RWSY-GPZN,2022/035,2022/035,BDUK Voucher Schemes - Evaluation of Impacts and Benefits,"Office for National Statistics: Annual Survey of Hours and Earnings, Business Structure Database",,20260601-cleaned-1308,dea-validation-production-20260702-fable5-dict-1.0-rc2,1.0-rc2,6f4ff530a3620167c37dc0ddee927ac592ca4ea2410c663535674503f811e299,owner-redcap-candidate-0.4,project-owner-taxonomy-display-v1,Business & Productivity,"Firms, business activity, innovation, productivity, entrepreneurship, trade, investment and business performance.",,,,,Labour Market & Employment,"Work, employment, earnings, job quality, workforce dynamics, skills demand and labour-market transitions.",,,,,,,,,,,,,,,,,Policy Evaluation / Impact Analysis,"Assessing the implementation, effects or consequences of a specific named policy, programme, regulation or intervention.",,,,,,,,,,,Demographic disparities / equity tag,Comparisons across demographic or equality-relevant groups are central; socioeconomic inequality alone or routine subgroup breakdowns do not qualify.,0,,,,,COVID-19 & Pandemic,"COVID-19 or pandemic conditions are a central research focus or lens, not merely the period covered by the data.",0,,,,,,,,,,,,,,,,0
OWNER_022,project_review,8,,,,,,,,,,,,,,,,,,REV-FR56-RMXV,2022/060,2022/060,ERDF Support for Business Evaluation,"Office for National Statistics: Annual Survey of Hours and Earnings, Business Structure Database",,20260601-cleaned-1308,dea-validation-production-20260702-fable5-dict-1.0-rc2,1.0-rc2,6f4ff530a3620167c37dc0ddee927ac592ca4ea2410c663535674503f811e299,owner-redcap-candidate-0.4,project-owner-taxonomy-display-v1,Business & Productivity,"Firms, business activity, innovation, productivity, entrepreneurship, trade, investment and business performance.",,,,,,,,,,,,,,,,,,,,,,,Policy Evaluation / Impact Analysis,"Assessing the implementation, effects or consequences of a specific named policy, programme, regulation or intervention.",,,,,,,,,,,Demographic disparities / equity tag,Comparisons across demographic or equality-relevant groups are central; socioeconomic inequality alone or routine subgroup breakdowns do not qualify.,0,,,,,COVID-19 & Pandemic,"COVID-19 or pandemic conditions are a central research focus or lens, not merely the period covered by the data.",0,,,,,,,,,,,,,,,,0
OWNER_022,project_review,9,,,,,,,,,,,,,,,,,,REV-F4WX-BC55,2023/085,2023/085,Evaluating green skills in London,Office for National Statistics: Annual Population Survey - UK,,20260601-cleaned-1308,dea-validation-production-20260702-fable5-dict-1.0-rc2,1.0-rc2,6f4ff530a3620167c37dc0ddee927ac592ca4ea2410c663535674503f811e299,owner-redcap-candidate-0.4,project-owner-taxonomy-display-v1,Labour Market & Employment,"Work, employment, earnings, job quality, workforce dynamics, skills demand and labour-market transitions.",,,,,Environment & Agriculture,"Environment, climate, energy, agriculture, land use, pollution, decarbonisation and environmental impacts.",,,,,,,,,,,,,,,,,Descriptive Monitoring,"Measuring and describing levels, distributions, patterns or trends across places, populations or time, without primarily testing an exposure–outcome relationship.",,,,,,,,,,,Demographic disparities / equity tag,Comparisons across demographic or equality-relevant groups are central; socioeconomic inequality alone or routine subgroup breakdowns do not qualify.,0,,,,,COVID-19 & Pandemic,"COVID-19 or pandemic conditions are a central research focus or lens, not merely the period covered by the data.",0,,,,,,,,,,,,,,,,0
OWNER_022,project_review,10,,,,,,,,,,,,,,,,,,REV-P29E-8S5H,2023/285,2023/285,Economic Impact of Support to Businesses Delivered by Laboratories Funded by the National Measurement System (NMS) Programme,"Office for National Statistics: Business Structure Database - UK, Annual Business Survey - GB, Annual Survey of Hours and Earnings - UK, Annual Respondents Database x - UK, Business Enterprise Research and Development - Great Britain",,20260601-cleaned-1308,dea-validation-production-20260702-fable5-dict-1.0-rc2,1.0-rc2,6f4ff530a3620167c37dc0ddee927ac592ca4ea2410c663535674503f811e299,owner-redcap-candidate-0.4,project-owner-taxonomy-display-v1,Business & Productivity,"Firms, business activity, innovation, productivity, entrepreneurship, trade, investment and business performance.",,,,,,,,,,,,,,,,,,,,,,,Policy Evaluation / Impact Analysis,"Assessing the implementation, effects or consequences of a specific named policy, programme, regulation or intervention.",,,,,,,,,,,Demographic disparities / equity tag,Comparisons across demographic or equality-relevant groups are central; socioeconomic inequality alone or routine subgroup breakdowns do not qualify.,0,,,,,COVID-19 & Pandemic,"COVID-19 or pandemic conditions are a central research focus or lens, not merely the period covered by the data.",0,,,,,,,,,,,,,,,,0
OWNER_022,project_review,11,,,,,,,,,,,,,,,,,,REV-8N93-NPGG,2025/044,2025/044,Productivity Challenge Quasi-Experimental Design Impact Evaluation,"Office for National Statistics: Business Structure Database - UK, Annual Survey of Hours and Earnings - GB",,20260601-cleaned-1308,dea-validation-production-20260702-fable5-dict-1.0-rc2,1.0-rc2,6f4ff530a3620167c37dc0ddee927ac592ca4ea2410c663535674503f811e299,owner-redcap-candidate-0.4,project-owner-taxonomy-display-v1,Business & Productivity,"Firms, business activity, innovation, productivity, entrepreneurship, trade, investment and business performance.",,,,,,,,,,,,,,,,,,,,,,,Policy Evaluation / Impact Analysis,"Assessing the implementation, effects or consequences of a specific named policy, programme, regulation or intervention.",,,,,,,,,,,Demographic disparities / equity tag,Comparisons across demographic or equality-relevant groups are central; socioeconomic inequality alone or routine subgroup breakdowns do not qualify.,0,,,,,COVID-19 & Pandemic,"COVID-19 or pandemic conditions are a central research focus or lens, not merely the period covered by the data.",0,,,,,,,,,,,,,,,,0
OWNER_022,project_review,12,,,,,,,,,,,,,,,,,,REV-5JDA-X8KP,2025/163,2025/163,Connected Places Catapult Business Support Impact Evaluation,"Office for National Statistics: Business Structure Database UK, Annual Survey of Hours and Earnings",,20260601-cleaned-1308,dea-validation-production-20260702-fable5-dict-1.0-rc2,1.0-rc2,6f4ff530a3620167c37dc0ddee927ac592ca4ea2410c663535674503f811e299,owner-redcap-candidate-0.4,project-owner-taxonomy-display-v1,Business & Productivity,"Firms, business activity, innovation, productivity, entrepreneurship, trade, investment and business performance.",,,,,,,,,,,,,,,,,,,,,,,Policy Evaluation / Impact Analysis,"Assessing the implementation, effects or consequences of a specific named policy, programme, regulation or intervention.",,,,,,,,,,,Demographic disparities / equity tag,Comparisons across demographic or equality-relevant groups are central; socioeconomic inequality alone or routine subgroup breakdowns do not qualify.,0,,,,,COVID-19 & Pandemic,"COVID-19 or pandemic conditions are a central research focus or lens, not merely the period covered by the data.",0,,,,,,,,,,,,,,,,0
OWNER_023,,,project-owner-information-v3.2,owner-consent-v3,owner-redcap-candidate-0.4,,,,,,,,,,,,,,,,,,,,,,,,,,,,,,,,,,,,,,,,,,,,,,,,,,,,,,,,,,,,,,,,,,,,,,,,,,,,,,,,,,,,,,,0,
OWNER_023,project_review,1,,,,,,,,,,,,,,,,,,REV-E2F6-2KPB,2020/111,2020/111,"Analysis of teacher pay and retention, and the business cycle",Office for National Statistics: Annual Survey of Hours and Earnings & New Earnings Survey,,20260601-cleaned-1308,dea-validation-production-20260702-fable5-dict-1.0-rc2,1.0-rc2,6f4ff530a3620167c37dc0ddee927ac592ca4ea2410c663535674503f811e299,owner-redcap-candidate-0.4,project-owner-taxonomy-display-v1,Labour Market & Employment,"Work, employment, earnings, job quality, workforce dynamics, skills demand and labour-market transitions.",,,,,Education & Skills,"Education, learning, training, skills formation and transitions through education systems and into work.",,,,,,,,,,,,,,,,,Outcome Tracking,"Linking a naturally occurring exposure, condition or event to a later outcome, where the exposure is not a deliberate policy or programme.",,,,,,,,,,,Demographic disparities / equity tag,Comparisons across demographic or equality-relevant groups are central; socioeconomic inequality alone or routine subgroup breakdowns do not qualify.,0,,,,,COVID-19 & Pandemic,"COVID-19 or pandemic conditions are a central research focus or lens, not merely the period covered by the data.",0,,,,,,,,,,,,,,,,0
OWNER_023,project_review,2,,,,,,,,,,,,,,,,,,REV-9QTK-6Q8J,2020/114,2020/114,Teacher Labour Market in England,Office for National Statistics: Annual Population Survey “ APS Persons,,20260601-cleaned-1308,dea-validation-production-20260702-fable5-dict-1.0-rc2,1.0-rc2,6f4ff530a3620167c37dc0ddee927ac592ca4ea2410c663535674503f811e299,owner-redcap-candidate-0.4,project-owner-taxonomy-display-v1,Labour Market & Employment,"Work, employment, earnings, job quality, workforce dynamics, skills demand and labour-market transitions.",,,,,Education & Skills,"Education, learning, training, skills formation and transitions through education systems and into work.",,,,,,,,,,,,,,,,,Descriptive Monitoring,"Measuring and describing levels, distributions, patterns or trends across places, populations or time, without primarily testing an exposure–outcome relationship.",,,,,,,,,,,Demographic disparities / equity tag,Comparisons across demographic or equality-relevant groups are central; socioeconomic inequality alone or routine subgroup breakdowns do not qualify.,0,,,,,COVID-19 & Pandemic,"COVID-19 or pandemic conditions are a central research focus or lens, not merely the period covered by the data.",0,,,,,,,,,,,,,,,,0
OWNER_023,project_review,3,,,,,,,,,,,,,,,,,,REV-NPFU-5UW4,2023/027,2023/027,Further education teaching workforce salary comparison research,Office for National Statistics: Annual Survey of Hours and Earnings Longitudinal - UK,,20260601-cleaned-1308,dea-validation-production-20260702-fable5-dict-1.0-rc2,1.0-rc2,6f4ff530a3620167c37dc0ddee927ac592ca4ea2410c663535674503f811e299,owner-redcap-candidate-0.4,project-owner-taxonomy-display-v1,Education & Skills,"Education, learning, training, skills formation and transitions through education systems and into work.",,,,,Labour Market & Employment,"Work, employment, earnings, job quality, workforce dynamics, skills demand and labour-market transitions.",,,,,,,,,,,,,,,,,Descriptive Monitoring,"Measuring and describing levels, distributions, patterns or trends across places, populations or time, without primarily testing an exposure–outcome relationship.",,,,,,,,,,,Demographic disparities / equity tag,Comparisons across demographic or equality-relevant groups are central; socioeconomic inequality alone or routine subgroup breakdowns do not qualify.,0,,,,,COVID-19 & Pandemic,"COVID-19 or pandemic conditions are a central research focus or lens, not merely the period covered by the data.",0,,,,,,,,,,,,,,,,0
OWNER_023,project_review,4,,,,,,,,,,,,,,,,,,REV-7UFT-MVET,2023/303,2023/303,An investigation of non-completions in apprenticeships,"DfE, DWP and HMRC: Longitudinal Education Outcomes SRS Iteration 2 Standard Extract - England",,20260601-cleaned-1308,dea-validation-production-20260702-fable5-dict-1.0-rc2,1.0-rc2,6f4ff530a3620167c37dc0ddee927ac592ca4ea2410c663535674503f811e299,owner-redcap-candidate-0.4,project-owner-taxonomy-display-v1,Education & Skills,"Education, learning, training, skills formation and transitions through education systems and into work.",,,,,,,,,,,,,,,,,,,,,,,Outcome Tracking,"Linking a naturally occurring exposure, condition or event to a later outcome, where the exposure is not a deliberate policy or programme.",,,,,,,,,,,Demographic disparities / equity tag,Comparisons across demographic or equality-relevant groups are central; socioeconomic inequality alone or routine subgroup breakdowns do not qualify.,0,,,,,COVID-19 & Pandemic,"COVID-19 or pandemic conditions are a central research focus or lens, not merely the period covered by the data.",0,,,,,,,,,,,,,,,,0
OWNER_023,project_review,5,,,,,,,,,,,,,,,,,,REV-ZHFC-HJFE,2023/305,2023/305,Teacher pay in England compared to the wider labour market,Office for National Statistics: Annual Survey of Hours and Earnings - UK,,20260601-cleaned-1308,dea-validation-production-20260702-fable5-dict-1.0-rc2,1.0-rc2,6f4ff530a3620167c37dc0ddee927ac592ca4ea2410c663535674503f811e299,owner-redcap-candidate-0.4,project-owner-taxonomy-display-v1,Labour Market & Employment,"Work, employment, earnings, job quality, workforce dynamics, skills demand and labour-market transitions.",,,,,Education & Skills,"Education, learning, training, skills formation and transitions through education systems and into work.",,,,,,,,,,,,,,,,,Descriptive Monitoring,"Measuring and describing levels, distributions, patterns or trends across places, populations or time, without primarily testing an exposure–outcome relationship.",,,,,,,,,,,Demographic disparities / equity tag,Comparisons across demographic or equality-relevant groups are central; socioeconomic inequality alone or routine subgroup breakdowns do not qualify.,0,,,,,COVID-19 & Pandemic,"COVID-19 or pandemic conditions are a central research focus or lens, not merely the period covered by the data.",0,,,,,,,,,,,,,,,,0
OWNER_023,project_review,6,,,,,,,,,,,,,,,,,,REV-738D-GS4U,2024/011,2024/011,Further education teacher workforce analysis,Department For Education: Further Education Workforce Data Collection - England,,20260601-cleaned-1308,dea-validation-production-20260702-fable5-dict-1.0-rc2,1.0-rc2,6f4ff530a3620167c37dc0ddee927ac592ca4ea2410c663535674503f811e299,owner-redcap-candidate-0.4,project-owner-taxonomy-display-v1,Education & Skills,"Education, learning, training, skills formation and transitions through education systems and into work.",,,,,Labour Market & Employment,"Work, employment, earnings, job quality, workforce dynamics, skills demand and labour-market transitions.",,,,,,,,,,,,,,,,,Descriptive Monitoring,"Measuring and describing levels, distributions, patterns or trends across places, populations or time, without primarily testing an exposure–outcome relationship.",,,,,,,,,,,Demographic disparities / equity tag,Comparisons across demographic or equality-relevant groups are central; socioeconomic inequality alone or routine subgroup breakdowns do not qualify.,0,,,,,COVID-19 & Pandemic,"COVID-19 or pandemic conditions are a central research focus or lens, not merely the period covered by the data.",0,,,,,,,,,,,,,,,,0
OWNER_023,project_review,7,,,,,,,,,,,,,,,,,,REV-JHJM-BF75,2024/141,2024/141,Research on retention and progression of teachers in England,Department For Education: Working Lives of Teachers and Leaders - England,,20260601-cleaned-1308,dea-validation-production-20260702-fable5-dict-1.0-rc2,1.0-rc2,6f4ff530a3620167c37dc0ddee927ac592ca4ea2410c663535674503f811e299,owner-redcap-candidate-0.4,project-owner-taxonomy-display-v1,Labour Market & Employment,"Work, employment, earnings, job quality, workforce dynamics, skills demand and labour-market transitions.",,,,,Education & Skills,"Education, learning, training, skills formation and transitions through education systems and into work.",,,,,,,,,,,,,,,,,Descriptive Monitoring,"Measuring and describing levels, distributions, patterns or trends across places, populations or time, without primarily testing an exposure–outcome relationship.",,,,,,,,,,,Demographic disparities / equity tag,Comparisons across demographic or equality-relevant groups are central; socioeconomic inequality alone or routine subgroup breakdowns do not qualify.,0,,,,,COVID-19 & Pandemic,"COVID-19 or pandemic conditions are a central research focus or lens, not merely the period covered by the data.",0,,,,,,,,,,,,,,,,0
OWNER_023,project_review,8,,,,,,,,,,,,,,,,,,REV-ANUN-3THA,2024/179,2024/179,The education and employment trajectories into the tech workforce - APS,Office for National Statistics: Annual Population Survey - UK,,20260601-cleaned-1308,dea-validation-production-20260702-fable5-dict-1.0-rc2,1.0-rc2,6f4ff530a3620167c37dc0ddee927ac592ca4ea2410c663535674503f811e299,owner-redcap-candidate-0.4,project-owner-taxonomy-display-v1,Education & Skills,"Education, learning, training, skills formation and transitions through education systems and into work.",,,,,Labour Market & Employment,"Work, employment, earnings, job quality, workforce dynamics, skills demand and labour-market transitions.",,,,,,,,,,,,,,,,,Life-Course / Trajectory Analysis,"Following people, households, firms or cases over time to understand trajectories, transitions or cumulative outcomes.",,,,,,,,,,,Demographic disparities / equity tag,Comparisons across demographic or equality-relevant groups are central; socioeconomic inequality alone or routine subgroup breakdowns do not qualify.,0,,,,,COVID-19 & Pandemic,"COVID-19 or pandemic conditions are a central research focus or lens, not merely the period covered by the data.",0,,,,,,,,,,,,,,,,0
OWNER_023,project_review,9,,,,,,,,,,,,,,,,,,REV-D3YE-YA9K,2024/220,2024/220,The education and employment trajectories into the tech workforce,"DfE, DWP and HMRC: Longitudinal Education Outcomes SRS Iteration 2 Standard Extract - England",,20260601-cleaned-1308,dea-validation-production-20260702-fable5-dict-1.0-rc2,1.0-rc2,6f4ff530a3620167c37dc0ddee927ac592ca4ea2410c663535674503f811e299,owner-redcap-candidate-0.4,project-owner-taxonomy-display-v1,Education & Skills,"Education, learning, training, skills formation and transitions through education systems and into work.",,,,,Labour Market & Employment,"Work, employment, earnings, job quality, workforce dynamics, skills demand and labour-market transitions.",,,,,,,,,,,,,,,,,Life-Course / Trajectory Analysis,"Following people, households, firms or cases over time to understand trajectories, transitions or cumulative outcomes.",,,,,,,,,,,Demographic disparities / equity tag,Comparisons across demographic or equality-relevant groups are central; socioeconomic inequality alone or routine subgroup breakdowns do not qualify.,0,,,,,COVID-19 & Pandemic,"COVID-19 or pandemic conditions are a central research focus or lens, not merely the period covered by the data.",0,,,,,,,,,,,,,,,,0
OWNER_023,project_review,10,,,,,,,,,,,,,,,,,,REV-9GYA-3S79,2025/003,2025/003,Benchmarking the working conditions of the education workforce in England,Office for National Statistics: Annual Population Survey - UK,,20260601-cleaned-1308,dea-validation-production-20260702-fable5-dict-1.0-rc2,1.0-rc2,6f4ff530a3620167c37dc0ddee927ac592ca4ea2410c663535674503f811e299,owner-redcap-candidate-0.4,project-owner-taxonomy-display-v1,Labour Market & Employment,"Work, employment, earnings, job quality, workforce dynamics, skills demand and labour-market transitions.",,,,,Education & Skills,"Education, learning, training, skills formation and transitions through education systems and into work.",,,,,,,,,,,,,,,,,Descriptive Monitoring,"Measuring and describing levels, distributions, patterns or trends across places, populations or time, without primarily testing an exposure–outcome relationship.",,,,,,,,,,,Demographic disparities / equity tag,Comparisons across demographic or equality-relevant groups are central; socioeconomic inequality alone or routine subgroup breakdowns do not qualify.,0,,,,,COVID-19 & Pandemic,"COVID-19 or pandemic conditions are a central research focus or lens, not merely the period covered by the data.",0,,,,,,,,,,,,,,,,0
OWNER_023,project_review,11,,,,,,,,,,,,,,,,,,REV-USVP-BBGC,2025/140,2025/140,Analysis of job titles in further education (FE) colleges and their relation to pay,Department For Education: Further Education Workforce Data Collection - England,,20260601-cleaned-1308,dea-validation-production-20260702-fable5-dict-1.0-rc2,1.0-rc2,6f4ff530a3620167c37dc0ddee927ac592ca4ea2410c663535674503f811e299,owner-redcap-candidate-0.4,project-owner-taxonomy-display-v1,Labour Market & Employment,"Work, employment, earnings, job quality, workforce dynamics, skills demand and labour-market transitions.",,,,,Education & Skills,"Education, learning, training, skills formation and transitions through education systems and into work.",,,,,,,,,,,,,,,,,Descriptive Monitoring,"Measuring and describing levels, distributions, patterns or trends across places, populations or time, without primarily testing an exposure–outcome relationship.",,,,,,,,,,,Demographic disparities / equity tag,Comparisons across demographic or equality-relevant groups are central; socioeconomic inequality alone or routine subgroup breakdowns do not qualify.,0,,,,,COVID-19 & Pandemic,"COVID-19 or pandemic conditions are a central research focus or lens, not merely the period covered by the data.",0,,,,,,,,,,,,,,,,0
OWNER_002,,,project-owner-information-v3.2,owner-consent-v3,owner-redcap-candidate-0.4,,,,,,,,,,,,,,,,,,,,,,,,,,,,,,,,,,,,,,,,,,,,,,,,,,,,,,,,,,,,,,,,,,,,,,,,,,,,,,,,,,,,,,,0,
OWNER_002,project_review,1,,,,,,,,,,,,,,,,,,REV-MKUE-Q522,2021/004,2021/004,BEIS/ISC Understanding the Links Between Social Metrics and Productivity,"Office for National Statistics: Annual Business Survey, Annual Population Survey , Annual Respondents Database & Business Structure Database",,20260601-cleaned-1308,dea-validation-production-20260702-fable5-dict-1.0-rc2,1.0-rc2,6f4ff530a3620167c37dc0ddee927ac592ca4ea2410c663535674503f811e299,owner-redcap-candidate-0.4,project-owner-taxonomy-display-v1,Business & Productivity,"Firms, business activity, innovation, productivity, entrepreneurship, trade, investment and business performance.",,,,,,,,,,,,,,,,,,,,,,,Outcome Tracking,"Linking a naturally occurring exposure, condition or event to a later outcome, where the exposure is not a deliberate policy or programme.",,,,,,,,,,,Demographic disparities / equity tag,Comparisons across demographic or equality-relevant groups are central; socioeconomic inequality alone or routine subgroup breakdowns do not qualify.,0,,,,,COVID-19 & Pandemic,"COVID-19 or pandemic conditions are a central research focus or lens, not merely the period covered by the data.",0,,,,,,,,,,,,,,,,0
OWNER_002,project_review,2,,,,,,,,,,,,,,,,,,REV-HUMZ-5RPN,2021/059,2021/059,Evaluating the Transforming Construction Challenge,"Office for National Statistics: Annual Business Survey, Business Enterprise Research and Development & Business Structure Database",,20260601-cleaned-1308,dea-validation-production-20260702-fable5-dict-1.0-rc2,1.0-rc2,6f4ff530a3620167c37dc0ddee927ac592ca4ea2410c663535674503f811e299,owner-redcap-candidate-0.4,project-owner-taxonomy-display-v1,Business & Productivity,"Firms, business activity, innovation, productivity, entrepreneurship, trade, investment and business performance.",,,,,,,,,,,,,,,,,,,,,,,Policy Evaluation / Impact Analysis,"Assessing the implementation, effects or consequences of a specific named policy, programme, regulation or intervention.",,,,,,,,,,,Demographic disparities / equity tag,Comparisons across demographic or equality-relevant groups are central; socioeconomic inequality alone or routine subgroup breakdowns do not qualify.,0,,,,,COVID-19 & Pandemic,"COVID-19 or pandemic conditions are a central research focus or lens, not merely the period covered by the data.",0,,,,,,,,,,,,,,,,0
OWNER_002,project_review,3,,,,,,,,,,,,,,,,,,REV-RNXK-5END,2022/027,2022/027,Evaluation of the Strength in Places Fund,"Office for National Statistics: Annual Business Survey, Annual Survey of Hours and Earnings, Business Structure Database
Department for Business, Energy & Industrial Strategy: UK Innovation Survey",,20260601-cleaned-1308,dea-validation-production-20260702-fable5-dict-1.0-rc2,1.0-rc2,6f4ff530a3620167c37dc0ddee927ac592ca4ea2410c663535674503f811e299,owner-redcap-candidate-0.4,project-owner-taxonomy-display-v1,Business & Productivity,"Firms, business activity, innovation, productivity, entrepreneurship, trade, investment and business performance.",,,,,,,,,,,,,,,,,,,,,,,Policy Evaluation / Impact Analysis,"Assessing the implementation, effects or consequences of a specific named policy, programme, regulation or intervention.",,,,,,,,,,,Demographic disparities / equity tag,Comparisons across demographic or equality-relevant groups are central; socioeconomic inequality alone or routine subgroup breakdowns do not qualify.,0,,,,,COVID-19 & Pandemic,"COVID-19 or pandemic conditions are a central research focus or lens, not merely the period covered by the data.",0,,,,,,,,,,,,,,,,0
OWNER_002,project_review,4,,,,,,,,,,,,,,,,,,REV-H7GS-JG3K,2022/137,2022/137,Evaluating the impact of the Enterprise Europe Network,"Office for National Statistics: Annual Business Survey, Business Structure Database",,20260601-cleaned-1308,dea-validation-production-20260702-fable5-dict-1.0-rc2,1.0-rc2,6f4ff530a3620167c37dc0ddee927ac592ca4ea2410c663535674503f811e299,owner-redcap-candidate-0.4,project-owner-taxonomy-display-v1,Business & Productivity,"Firms, business activity, innovation, productivity, entrepreneurship, trade, investment and business performance.",,,,,,,,,,,,,,,,,,,,,,,Policy Evaluation / Impact Analysis,"Assessing the implementation, effects or consequences of a specific named policy, programme, regulation or intervention.",,,,,,,,,,,Demographic disparities / equity tag,Comparisons across demographic or equality-relevant groups are central; socioeconomic inequality alone or routine subgroup breakdowns do not qualify.,0,,,,,COVID-19 & Pandemic,"COVID-19 or pandemic conditions are a central research focus or lens, not merely the period covered by the data.",0,,,,,,,,,,,,,,,,0
OWNER_002,project_review,5,,,,,,,,,,,,,,,,,,REV-QNZM-G6R4,2023/075,2023/075,Mapping innovation-related interactions with public sector,"Department for Business, Energy & Industrial Strategy: UK Innovation Survey",,20260601-cleaned-1308,dea-validation-production-20260702-fable5-dict-1.0-rc2,1.0-rc2,6f4ff530a3620167c37dc0ddee927ac592ca4ea2410c663535674503f811e299,owner-redcap-candidate-0.4,project-owner-taxonomy-display-v1,Business & Productivity,"Firms, business activity, innovation, productivity, entrepreneurship, trade, investment and business performance.",,,,,,,,,,,,,,,,,,,,,,,Descriptive Monitoring,"Measuring and describing levels, distributions, patterns or trends across places, populations or time, without primarily testing an exposure–outcome relationship.",,,,,,,,,,,Demographic disparities / equity tag,Comparisons across demographic or equality-relevant groups are central; socioeconomic inequality alone or routine subgroup breakdowns do not qualify.,0,,,,,COVID-19 & Pandemic,"COVID-19 or pandemic conditions are a central research focus or lens, not merely the period covered by the data.",0,,,,,,,,,,,,,,,,0
OWNER_002,project_review,6,,,,,,,,,,,,,,,,,,REV-BG3W-F4BW,2024/034,2024/034,Retrospective evaluation of Offshore Renewable Energy (ORE) Catapult 2013-2023,"Office for National Statistics: Business Structure Database - UK, Business Enterprise Research and Development - Great Britain",,20260601-cleaned-1308,dea-validation-production-20260702-fable5-dict-1.0-rc2,1.0-rc2,6f4ff530a3620167c37dc0ddee927ac592ca4ea2410c663535674503f811e299,owner-redcap-candidate-0.4,project-owner-taxonomy-display-v1,Business & Productivity,"Firms, business activity, innovation, productivity, entrepreneurship, trade, investment and business performance.",,,,,,,,,,,,,,,,,,,,,,,Policy Evaluation / Impact Analysis,"Assessing the implementation, effects or consequences of a specific named policy, programme, regulation or intervention.",,,,,,,,,,,Demographic disparities / equity tag,Comparisons across demographic or equality-relevant groups are central; socioeconomic inequality alone or routine subgroup breakdowns do not qualify.,0,,,,,COVID-19 & Pandemic,"COVID-19 or pandemic conditions are a central research focus or lens, not merely the period covered by the data.",0,,,,,,,,,,,,,,,,0
OWNER_002,project_review,7,,,,,,,,,,,,,,,,,,REV-5DY9-MWTJ,2024/172,2024/172,Evaluating the Future Flight Challenge,Office for National Statistics: Business Structure Database - UK,,20260601-cleaned-1308,dea-validation-production-20260702-fable5-dict-1.0-rc2,1.0-rc2,6f4ff530a3620167c37dc0ddee927ac592ca4ea2410c663535674503f811e299,owner-redcap-candidate-0.4,project-owner-taxonomy-display-v1,Business & Productivity,"Firms, business activity, innovation, productivity, entrepreneurship, trade, investment and business performance.",,,,,,,,,,,,,,,,,,,,,,,Policy Evaluation / Impact Analysis,"Assessing the implementation, effects or consequences of a specific named policy, programme, regulation or intervention.",,,,,,,,,,,Demographic disparities / equity tag,Comparisons across demographic or equality-relevant groups are central; socioeconomic inequality alone or routine subgroup breakdowns do not qualify.,0,,,,,COVID-19 & Pandemic,"COVID-19 or pandemic conditions are a central research focus or lens, not merely the period covered by the data.",0,,,,,,,,,,,,,,,,0
OWNER_002,project_review,8,,,,,,,,,,,,,,,,,,REV-FP7C-XQTC,2025/059,2025/059,Evaluating the Faraday Battery Challenge,Office for National Statistics: Business Structure Database - UK,,20260601-cleaned-1308,dea-validation-production-20260702-fable5-dict-1.0-rc2,1.0-rc2,6f4ff530a3620167c37dc0ddee927ac592ca4ea2410c663535674503f811e299,owner-redcap-candidate-0.4,project-owner-taxonomy-display-v1,Business & Productivity,"Firms, business activity, innovation, productivity, entrepreneurship, trade, investment and business performance.",,,,,,,,,,,,,,,,,,,,,,,Policy Evaluation / Impact Analysis,"Assessing the implementation, effects or consequences of a specific named policy, programme, regulation or intervention.",,,,,,,,,,,Demographic disparities / equity tag,Comparisons across demographic or equality-relevant groups are central; socioeconomic inequality alone or routine subgroup breakdowns do not qualify.,0,,,,,COVID-19 & Pandemic,"COVID-19 or pandemic conditions are a central research focus or lens, not merely the period covered by the data.",0,,,,,,,,,,,,,,,,0
OWNER_002,project_review,9,,,,,,,,,,,,,,,,,,REV-DUHS-TZ35,2025/083,2025/083,Evaluation of DBT export promotion activities,"Office for National Statistics: Business Structure Database - UK, Annual Business Survey - GB, Annual International Trade in Services - UK
Office for National Statistics, HM Revenue & Customs: Linked Trade-in-Goods/Inter-Departmental Business Register - UK
IPO: Patents, Designs and Trade Marks from
Intellectual Property Office - UK
DBT: UK Innovation Survey",,20260601-cleaned-1308,dea-validation-production-20260702-fable5-dict-1.0-rc2,1.0-rc2,6f4ff530a3620167c37dc0ddee927ac592ca4ea2410c663535674503f811e299,owner-redcap-candidate-0.4,project-owner-taxonomy-display-v1,Business & Productivity,"Firms, business activity, innovation, productivity, entrepreneurship, trade, investment and business performance.",,,,,,,,,,,,,,,,,,,,,,,Policy Evaluation / Impact Analysis,"Assessing the implementation, effects or consequences of a specific named policy, programme, regulation or intervention.",,,,,,,,,,,Demographic disparities / equity tag,Comparisons across demographic or equality-relevant groups are central; socioeconomic inequality alone or routine subgroup breakdowns do not qualify.,0,,,,,COVID-19 & Pandemic,"COVID-19 or pandemic conditions are a central research focus or lens, not merely the period covered by the data.",0,,,,,,,,,,,,,,,,0
OWNER_002,project_review,10,,,,,,,,,,,,,,,,,,REV-77NJ-GD58,2026/029,2026/029,Offshore Renewable Energy Catapult evaluation 23-28,"Office for National Statistics: Business Structure Database, Business Enterprise Research Development - GB",,20260601-cleaned-1308,dea-validation-production-20260702-fable5-dict-1.0-rc2,1.0-rc2,6f4ff530a3620167c37dc0ddee927ac592ca4ea2410c663535674503f811e299,owner-redcap-candidate-0.4,project-owner-taxonomy-display-v1,Business & Productivity,"Firms, business activity, innovation, productivity, entrepreneurship, trade, investment and business performance.",,,,,,,,,,,,,,,,,,,,,,,Policy Evaluation / Impact Analysis,"Assessing the implementation, effects or consequences of a specific named policy, programme, regulation or intervention.",,,,,,,,,,,Demographic disparities / equity tag,Comparisons across demographic or equality-relevant groups are central; socioeconomic inequality alone or routine subgroup breakdowns do not qualify.,0,,,,,COVID-19 & Pandemic,"COVID-19 or pandemic conditions are a central research focus or lens, not merely the period covered by the data.",0,,,,,,,,,,,,,,,,0
OWNER_011,,,project-owner-information-v3.2,owner-consent-v3,owner-redcap-candidate-0.4,,,,,,,,,,,,,,,,,,,,,,,,,,,,,,,,,,,,,,,,,,,,,,,,,,,,,,,,,,,,,,,,,,,,,,,,,,,,,,,,,,,,,,,0,
OWNER_011,project_review,1,,,,,,,,,,,,,,,,,,REV-SHXW-G69P,2022/061,2022/061,Understanding the impact of migration on population mortality dynamics and cancer risk,Office for National Statistics: Longitudinal Study of England and Wales,,20260601-cleaned-1308,dea-validation-production-20260702-fable5-dict-1.0-rc2,1.0-rc2,6f4ff530a3620167c37dc0ddee927ac592ca4ea2410c663535674503f811e299,owner-redcap-candidate-0.4,project-owner-taxonomy-display-v1,Migration & Demographics,"Population structure and change, migration, fertility, ageing and mortality as a demographic outcome.",,,,,Health & Social Care,"Health, illness, mental health, wellbeing, mortality as a health outcome, healthcare services and social care.",,,,,,,,,,,,,,,,,Outcome Tracking,"Linking a naturally occurring exposure, condition or event to a later outcome, where the exposure is not a deliberate policy or programme.",,,,,,,,,,,Demographic disparities / equity tag,Comparisons across demographic or equality-relevant groups are central; socioeconomic inequality alone or routine subgroup breakdowns do not qualify.,1,,,,,COVID-19 & Pandemic,"COVID-19 or pandemic conditions are a central research focus or lens, not merely the period covered by the data.",0,,,,,,,,,,,,,,,,0
OWNER_011,project_review,2,,,,,,,,,,,,,,,,,,REV-8B77-DNAA,2022/160,2022/160,Intergenerational transfers and the transmission of inequality,Office for National Statistics: ONS Longitudinal Study,,20260601-cleaned-1308,dea-validation-production-20260702-fable5-dict-1.0-rc2,1.0-rc2,6f4ff530a3620167c37dc0ddee927ac592ca4ea2410c663535674503f811e299,owner-redcap-candidate-0.4,project-owner-taxonomy-display-v1,"Poverty, Wealth & Living Standards","Material resources, poverty, wealth, debt, benefits, deprivation, cost of living and household income.",,,,,,,,,,,,,,,,,,,,,,,Life-Course / Trajectory Analysis,"Following people, households, firms or cases over time to understand trajectories, transitions or cumulative outcomes.",,,,,,,,,,,Demographic disparities / equity tag,Comparisons across demographic or equality-relevant groups are central; socioeconomic inequality alone or routine subgroup breakdowns do not qualify.,0,,,,,COVID-19 & Pandemic,"COVID-19 or pandemic conditions are a central research focus or lens, not merely the period covered by the data.",0,,,,,,,,,,,,,,,,0
OWNER_011,project_review,3,,,,,,,,,,,,,,,,,,REV-G327-MEDK,2023/015,2023/015,The long-run labour market impacts of 1970s and 1980s UK deindustrialisation,"Office for National Statistics: ONS Longitudinal Study - England and Wales
Office for National Statistics: ONS Longitudinal Study - England and Wales",,20260601-cleaned-1308,dea-validation-production-20260702-fable5-dict-1.0-rc2,1.0-rc2,6f4ff530a3620167c37dc0ddee927ac592ca4ea2410c663535674503f811e299,owner-redcap-candidate-0.4,project-owner-taxonomy-display-v1,Labour Market & Employment,"Work, employment, earnings, job quality, workforce dynamics, skills demand and labour-market transitions.",,,,,,,,,,,,,,,,,,,,,,,Outcome Tracking,"Linking a naturally occurring exposure, condition or event to a later outcome, where the exposure is not a deliberate policy or programme.",,,,,Life-Course / Trajectory Analysis,"Following people, households, firms or cases over time to understand trajectories, transitions or cumulative outcomes.",,,,,Demographic disparities / equity tag,Comparisons across demographic or equality-relevant groups are central; socioeconomic inequality alone or routine subgroup breakdowns do not qualify.,0,,,,,COVID-19 & Pandemic,"COVID-19 or pandemic conditions are a central research focus or lens, not merely the period covered by the data.",0,,,,,,,,,,,,,,,,0
OWNER_011,project_review,4,,,,,,,,,,,,,,,,,,REV-NKJB-HF9S,2023/241,2023/241,Intrafamily Transmission of Economic Shocks: Evidence from Mass Layoffs in the UK,Office for National Statistics: ONS Longitudinal Study - England and Wales,,20260601-cleaned-1308,dea-validation-production-20260702-fable5-dict-1.0-rc2,1.0-rc2,6f4ff530a3620167c37dc0ddee927ac592ca4ea2410c663535674503f811e299,owner-redcap-candidate-0.4,project-owner-taxonomy-display-v1,Labour Market & Employment,"Work, employment, earnings, job quality, workforce dynamics, skills demand and labour-market transitions.",,,,,,,,,,,,,,,,,,,,,,,Outcome Tracking,"Linking a naturally occurring exposure, condition or event to a later outcome, where the exposure is not a deliberate policy or programme.",,,,,,,,,,,Demographic disparities / equity tag,Comparisons across demographic or equality-relevant groups are central; socioeconomic inequality alone or routine subgroup breakdowns do not qualify.,0,,,,,COVID-19 & Pandemic,"COVID-19 or pandemic conditions are a central research focus or lens, not merely the period covered by the data.",0,,,,,,,,,,,,,,,,0
OWNER_011,project_review,5,,,,,,,,,,,,,,,,,,REV-32XX-MCP2,2024/049,2024/049,BETA TEST: Sociodemographic factors associated with travel to work in 2021: comparisons with 2001 and 2011,Office for National Statistics: ONS Longitudinal Study - England and Wales,,20260601-cleaned-1308,dea-validation-production-20260702-fable5-dict-1.0-rc2,1.0-rc2,6f4ff530a3620167c37dc0ddee927ac592ca4ea2410c663535674503f811e299,owner-redcap-candidate-0.4,project-owner-taxonomy-display-v1,Labour Market & Employment,"Work, employment, earnings, job quality, workforce dynamics, skills demand and labour-market transitions.",,,,,,,,,,,,,,,,,,,,,,,Descriptive Monitoring,"Measuring and describing levels, distributions, patterns or trends across places, populations or time, without primarily testing an exposure–outcome relationship.",,,,,,,,,,,Demographic disparities / equity tag,Comparisons across demographic or equality-relevant groups are central; socioeconomic inequality alone or routine subgroup breakdowns do not qualify.,1,,,,,COVID-19 & Pandemic,"COVID-19 or pandemic conditions are a central research focus or lens, not merely the period covered by the data.",0,,,,,,,,,,,,,,,,0
OWNER_011,project_review,6,,,,,,,,,,,,,,,,,,REV-XF6P-U4QZ,2024/146,2024/146,Socio-demographic inequalities and the role of contextual factors in shaping housing trajectories of immigrants and their descendants in England and Wales,Office for National Statistics: ONS Longitudinal Study - England and Wales,,20260601-cleaned-1308,dea-validation-production-20260702-fable5-dict-1.0-rc2,1.0-rc2,6f4ff530a3620167c37dc0ddee927ac592ca4ea2410c663535674503f811e299,owner-redcap-candidate-0.4,project-owner-taxonomy-display-v1,Housing & Planning,"Housing, homelessness, tenure, residential conditions and mobility, neighbourhood change and planning systems.",,,,,Migration & Demographics,"Population structure and change, migration, fertility, ageing and mortality as a demographic outcome.",,,,,,,,,,,,,,,,,Life-Course / Trajectory Analysis,"Following people, households, firms or cases over time to understand trajectories, transitions or cumulative outcomes.",,,,,,,,,,,Demographic disparities / equity tag,Comparisons across demographic or equality-relevant groups are central; socioeconomic inequality alone or routine subgroup breakdowns do not qualify.,1,,,,,COVID-19 & Pandemic,"COVID-19 or pandemic conditions are a central research focus or lens, not merely the period covered by the data.",0,,,,,,,,,,,,,,,,0
OWNER_011,project_review,7,,,,,,,,,,,,,,,,,,REV-5RC8-67ME,2025/051,2025/051,"Ethnicity change among the Asian diaspora in the England and Wales, 1991-2011",Office for National Statistics: ONS Longitudinal Study - England and Wales,,20260601-cleaned-1308,dea-validation-production-20260702-fable5-dict-1.0-rc2,1.0-rc2,6f4ff530a3620167c37dc0ddee927ac592ca4ea2410c663535674503f811e299,owner-redcap-candidate-0.4,project-owner-taxonomy-display-v1,Migration & Demographics,"Population structure and change, migration, fertility, ageing and mortality as a demographic outcome.",,,,,,,,,,,,,,,,,,,,,,,Descriptive Monitoring,"Measuring and describing levels, distributions, patterns or trends across places, populations or time, without primarily testing an exposure–outcome relationship.",,,,,,,,,,,Demographic disparities / equity tag,Comparisons across demographic or equality-relevant groups are central; socioeconomic inequality alone or routine subgroup breakdowns do not qualify.,1,,,,,COVID-19 & Pandemic,"COVID-19 or pandemic conditions are a central research focus or lens, not merely the period covered by the data.",0,,,,,,,,,,,,,,,,0
OWNER_011,project_review,8,,,,,,,,,,,,,,,,,,REV-QSNM-JAQE,2025/191,2025/191,Migration frictions and place-based policies,Office for National Statistics: Longitudinal Study,,20260601-cleaned-1308,dea-validation-production-20260702-fable5-dict-1.0-rc2,1.0-rc2,6f4ff530a3620167c37dc0ddee927ac592ca4ea2410c663535674503f811e299,owner-redcap-candidate-0.4,project-owner-taxonomy-display-v1,Migration & Demographics,"Population structure and change, migration, fertility, ageing and mortality as a demographic outcome.",,,,,,,,,,,,,,,,,,,,,,,Policy Evaluation / Impact Analysis,"Assessing the implementation, effects or consequences of a specific named policy, programme, regulation or intervention.",,,,,,,,,,,Demographic disparities / equity tag,Comparisons across demographic or equality-relevant groups are central; socioeconomic inequality alone or routine subgroup breakdowns do not qualify.,0,,,,,COVID-19 & Pandemic,"COVID-19 or pandemic conditions are a central research focus or lens, not merely the period covered by the data.",0,,,,,,,,,,,,,,,,0
OWNER_011,project_review,9,,,,,,,,,,,,,,,,,,REV-BGDT-9T8Z,2026/010,2026/010,Relationship between historical deindustrialisation and labour market outcomes of ethnic minority communities in England.,"Office for National Statistics: Annual Population Survey - UK, ONS Longitudinal Study - England and Wales",,20260601-cleaned-1308,dea-validation-production-20260702-fable5-dict-1.0-rc2,1.0-rc2,6f4ff530a3620167c37dc0ddee927ac592ca4ea2410c663535674503f811e299,owner-redcap-candidate-0.4,project-owner-taxonomy-display-v1,Labour Market & Employment,"Work, employment, earnings, job quality, workforce dynamics, skills demand and labour-market transitions.",,,,,,,,,,,,,,,,,,,,,,,Outcome Tracking,"Linking a naturally occurring exposure, condition or event to a later outcome, where the exposure is not a deliberate policy or programme.",,,,,,,,,,,Demographic disparities / equity tag,Comparisons across demographic or equality-relevant groups are central; socioeconomic inequality alone or routine subgroup breakdowns do not qualify.,1,,,,,COVID-19 & Pandemic,"COVID-19 or pandemic conditions are a central research focus or lens, not merely the period covered by the data.",0,,,,,,,,,,,,,,,,0
OWNER_021,,,project-owner-information-v3.2,owner-consent-v3,owner-redcap-candidate-0.4,,,,,,,,,,,,,,,,,,,,,,,,,,,,,,,,,,,,,,,,,,,,,,,,,,,,,,,,,,,,,,,,,,,,,,,,,,,,,,,,,,,,,,,0,
OWNER_021,project_review,1,,,,,,,,,,,,,,,,,,REV-QFXD-QF5D,2020/024,2020/024,Assessing the impact of UK Enterprise Zones,"Office for National Statistics: Annual Respondents Database, Annual Business Survey, Annual Survey of Hours and Earnings, Business Structure Database & Quarterly Labour Force Survey",,20260601-cleaned-1308,dea-validation-production-20260702-fable5-dict-1.0-rc2,1.0-rc2,6f4ff530a3620167c37dc0ddee927ac592ca4ea2410c663535674503f811e299,owner-redcap-candidate-0.4,project-owner-taxonomy-display-v1,Business & Productivity,"Firms, business activity, innovation, productivity, entrepreneurship, trade, investment and business performance.",,,,,Labour Market & Employment,"Work, employment, earnings, job quality, workforce dynamics, skills demand and labour-market transitions.",,,,,,,,,,,,,,,,,Policy Evaluation / Impact Analysis,"Assessing the implementation, effects or consequences of a specific named policy, programme, regulation or intervention.",,,,,,,,,,,Demographic disparities / equity tag,Comparisons across demographic or equality-relevant groups are central; socioeconomic inequality alone or routine subgroup breakdowns do not qualify.,0,,,,,COVID-19 & Pandemic,"COVID-19 or pandemic conditions are a central research focus or lens, not merely the period covered by the data.",0,,,,,,,,,,,,,,,,0
OWNER_021,project_review,2,,,,,,,,,,,,,,,,,,REV-CHQN-2XEP,2020/061,2020/061,IFS Deaton Review: Geographic Inequalities and spatial mobility,"Office for National Statistics: Annual Population Survey, Annual Survey of Hours and Earnings, Census 1961, Census 1971, Census data 1981, Labour Force Survey , Labour Force Survey , New Earnings Survey, Census 2011
Institute for Social and Economic Research:
Understanding Society
Office for National Statistics: Census 2011",,20260601-cleaned-1308,dea-validation-production-20260702-fable5-dict-1.0-rc2,1.0-rc2,6f4ff530a3620167c37dc0ddee927ac592ca4ea2410c663535674503f811e299,owner-redcap-candidate-0.4,project-owner-taxonomy-display-v1,Labour Market & Employment,"Work, employment, earnings, job quality, workforce dynamics, skills demand and labour-market transitions.",,,,,Migration & Demographics,"Population structure and change, migration, fertility, ageing and mortality as a demographic outcome.",,,,,,,,,,,,,,,,,Descriptive Monitoring,"Measuring and describing levels, distributions, patterns or trends across places, populations or time, without primarily testing an exposure–outcome relationship.",,,,,,,,,,,Demographic disparities / equity tag,Comparisons across demographic or equality-relevant groups are central; socioeconomic inequality alone or routine subgroup breakdowns do not qualify.,0,,,,,COVID-19 & Pandemic,"COVID-19 or pandemic conditions are a central research focus or lens, not merely the period covered by the data.",0,,,,,,,,,,,,,,,,0
OWNER_021,project_review,3,,,,,,,,,,,,,,,,,,REV-CRMA-QUV6,2021/055,2021/055,Evaluation of Department for Transport's local major schemes,"Office for National Statistics: Annual Business Survey, Annual Respondents Database, Annual Survey of Hours and Earnings, Business Structure Database & Labour Force Survey - Person",,20260601-cleaned-1308,dea-validation-production-20260702-fable5-dict-1.0-rc2,1.0-rc2,6f4ff530a3620167c37dc0ddee927ac592ca4ea2410c663535674503f811e299,owner-redcap-candidate-0.4,project-owner-taxonomy-display-v1,Business & Productivity,"Firms, business activity, innovation, productivity, entrepreneurship, trade, investment and business performance.",,,,,Labour Market & Employment,"Work, employment, earnings, job quality, workforce dynamics, skills demand and labour-market transitions.",,,,,,,,,,,,,,,,,Policy Evaluation / Impact Analysis,"Assessing the implementation, effects or consequences of a specific named policy, programme, regulation or intervention.",,,,,,,,,,,Demographic disparities / equity tag,Comparisons across demographic or equality-relevant groups are central; socioeconomic inequality alone or routine subgroup breakdowns do not qualify.,0,,,,,COVID-19 & Pandemic,"COVID-19 or pandemic conditions are a central research focus or lens, not merely the period covered by the data.",0,,,,,,,,,,,,,,,,0
OWNER_021,project_review,4,,,,,,,,,,,,,,,,,,REV-XYS4-JM7B,2021/123,2021/123,Economy 2030 Inquiry: People research strand,"Office for National Statistics: Annual Business Survey, Annual Population Survey, Annual Respondents Database , Annual Respondents Database , Annual Survey of Hours and Earnings, Business Register Employment Survey, Business Structure Database, Coronavirus and the social impacts on Great Britain, Labour Force Survey , Labour Force Survey , Labour Force Survey , Monthly Wage and Salary Survey , New Earnings Survey, Vacancy Survey",,20260601-cleaned-1308,dea-validation-production-20260702-fable5-dict-1.0-rc2,1.0-rc2,6f4ff530a3620167c37dc0ddee927ac592ca4ea2410c663535674503f811e299,owner-redcap-candidate-0.4,project-owner-taxonomy-display-v1,Labour Market & Employment,"Work, employment, earnings, job quality, workforce dynamics, skills demand and labour-market transitions.",,,,,,,,,,,,,,,,,,,,,,,Descriptive Monitoring,"Measuring and describing levels, distributions, patterns or trends across places, populations or time, without primarily testing an exposure–outcome relationship.",,,,,,,,,,,Demographic disparities / equity tag,Comparisons across demographic or equality-relevant groups are central; socioeconomic inequality alone or routine subgroup breakdowns do not qualify.,0,,,,,COVID-19 & Pandemic,"COVID-19 or pandemic conditions are a central research focus or lens, not merely the period covered by the data.",0,,,,,,,,,,,,,,,,0
OWNER_021,project_review,5,,,,,,,,,,,,,,,,,,REV-U2E8-UUXJ,2021/151,2021/151,Economy 2030 Inquiry: Places research strand,"Office for National Statistics: Annual Business Survey, Annual Population Survey , Annual Survey of Hours and Earnings, Business Structure Database, Labour Force Survey , Labour Force Survey , Labour Force Survey , UK Gross Value Added
Institute for Economic and Social Research: Secure Access version of Understanding Society Data and Harmonised BHPS Geography files, Understanding Society",,20260601-cleaned-1308,dea-validation-production-20260702-fable5-dict-1.0-rc2,1.0-rc2,6f4ff530a3620167c37dc0ddee927ac592ca4ea2410c663535674503f811e299,owner-redcap-candidate-0.4,project-owner-taxonomy-display-v1,Labour Market & Employment,"Work, employment, earnings, job quality, workforce dynamics, skills demand and labour-market transitions.",,,,,Business & Productivity,"Firms, business activity, innovation, productivity, entrepreneurship, trade, investment and business performance.",,,,,,,,,,,,,,,,,Descriptive Monitoring,"Measuring and describing levels, distributions, patterns or trends across places, populations or time, without primarily testing an exposure–outcome relationship.",,,,,,,,,,,Demographic disparities / equity tag,Comparisons across demographic or equality-relevant groups are central; socioeconomic inequality alone or routine subgroup breakdowns do not qualify.,0,,,,,COVID-19 & Pandemic,"COVID-19 or pandemic conditions are a central research focus or lens, not merely the period covered by the data.",0,,,,,,,,,,,,,,,,0
OWNER_021,project_review,6,,,,,,,,,,,,,,,,,,REV-6WHD-HTNS,2023/077,2023/077,Agglomeration across European economies,"Office for National Statistics: Annual Survey of Hours and Earnings Longitudinal - UK, Annual Business Survey - UK, Annual Respondents Database x - UK, Business Structure Database - UK",,20260601-cleaned-1308,dea-validation-production-20260702-fable5-dict-1.0-rc2,1.0-rc2,6f4ff530a3620167c37dc0ddee927ac592ca4ea2410c663535674503f811e299,owner-redcap-candidate-0.4,project-owner-taxonomy-display-v1,Business & Productivity,"Firms, business activity, innovation, productivity, entrepreneurship, trade, investment and business performance.",,,,,Labour Market & Employment,"Work, employment, earnings, job quality, workforce dynamics, skills demand and labour-market transitions.",,,,,,,,,,,,,,,,,Outcome Tracking,"Linking a naturally occurring exposure, condition or event to a later outcome, where the exposure is not a deliberate policy or programme.",,,,,,,,,,,Demographic disparities / equity tag,Comparisons across demographic or equality-relevant groups are central; socioeconomic inequality alone or routine subgroup breakdowns do not qualify.,0,,,,,COVID-19 & Pandemic,"COVID-19 or pandemic conditions are a central research focus or lens, not merely the period covered by the data.",0,,,,,,,,,,,,,,,,0
OWNER_021,project_review,7,,,,,,,,,,,,,,,,,,REV-VCUJ-X87A,2023/181,2023/181,Assessing the impact of UK Enterprise Zones,"Office for National Statistics: Business Structure Database - UK, Annual Business Survey - UK, Annual Respondents Database 2 - UK, Annual Survey of Hours and Earnings - UK, Labour Force Survey Household - UK",,20260601-cleaned-1308,dea-validation-production-20260702-fable5-dict-1.0-rc2,1.0-rc2,6f4ff530a3620167c37dc0ddee927ac592ca4ea2410c663535674503f811e299,owner-redcap-candidate-0.4,project-owner-taxonomy-display-v1,Business & Productivity,"Firms, business activity, innovation, productivity, entrepreneurship, trade, investment and business performance.",,,,,Labour Market & Employment,"Work, employment, earnings, job quality, workforce dynamics, skills demand and labour-market transitions.",,,,,,,,,,,,,,,,,Policy Evaluation / Impact Analysis,"Assessing the implementation, effects or consequences of a specific named policy, programme, regulation or intervention.",,,,,,,,,,,Demographic disparities / equity tag,Comparisons across demographic or equality-relevant groups are central; socioeconomic inequality alone or routine subgroup breakdowns do not qualify.,0,,,,,COVID-19 & Pandemic,"COVID-19 or pandemic conditions are a central research focus or lens, not merely the period covered by the data.",0,,,,,,,,,,,,,,,,0
OWNER_021,project_review,8,,,,,,,,,,,,,,,,,,REV-F7RM-3HA6,2025/165,2025/165,"Cities, income and wealth","Office for National Statistics: Annual Survey of Hours and Earnings - UK, Living Costs and Food Survey - UK, Understanding Society - UK, Wealth and Assets Survey - Great Britain",,20260601-cleaned-1308,dea-validation-production-20260702-fable5-dict-1.0-rc2,1.0-rc2,6f4ff530a3620167c37dc0ddee927ac592ca4ea2410c663535674503f811e299,owner-redcap-candidate-0.4,project-owner-taxonomy-display-v1,"Poverty, Wealth & Living Standards","Material resources, poverty, wealth, debt, benefits, deprivation, cost of living and household income.",,,,,Labour Market & Employment,"Work, employment, earnings, job quality, workforce dynamics, skills demand and labour-market transitions.",,,,,,,,,,,,,,,,,Descriptive Monitoring,"Measuring and describing levels, distributions, patterns or trends across places, populations or time, without primarily testing an exposure–outcome relationship.",,,,,,,,,,,Demographic disparities / equity tag,Comparisons across demographic or equality-relevant groups are central; socioeconomic inequality alone or routine subgroup breakdowns do not qualify.,0,,,,,COVID-19 & Pandemic,"COVID-19 or pandemic conditions are a central research focus or lens, not merely the period covered by the data.",0,,,,,,,,,,,,,,,,0
OWNER_021,project_review,9,,,,,,,,,,,,,,,,,,REV-NQQX-NM59,2026/060,2026/060,The drivers of firm level productivity in places: Implications for regional growth,"Office for National Statistics: UK Innovation Survey, Business Enterprise Research and Development - GB, Annual Respondents Database X- UK, Business Structure Database - UK, Business Insights and Conditions Survey, Management and Expectations Survey - UK",,20260601-cleaned-1308,dea-validation-production-20260702-fable5-dict-1.0-rc2,1.0-rc2,6f4ff530a3620167c37dc0ddee927ac592ca4ea2410c663535674503f811e299,owner-redcap-candidate-0.4,project-owner-taxonomy-display-v1,Business & Productivity,"Firms, business activity, innovation, productivity, entrepreneurship, trade, investment and business performance.",,,,,,,,,,,,,,,,,,,,,,,Outcome Tracking,"Linking a naturally occurring exposure, condition or event to a later outcome, where the exposure is not a deliberate policy or programme.",,,,,,,,,,,Demographic disparities / equity tag,Comparisons across demographic or equality-relevant groups are central; socioeconomic inequality alone or routine subgroup breakdowns do not qualify.,0,,,,,COVID-19 & Pandemic,"COVID-19 or pandemic conditions are a central research focus or lens, not merely the period covered by the data.",0,,,,,,,,,,,,,,,,0
OWNER_001,,,project-owner-information-v3.2,owner-consent-v3,owner-redcap-candidate-0.4,,,,,,,,,,,,,,,,,,,,,,,,,,,,,,,,,,,,,,,,,,,,,,,,,,,,,,,,,,,,,,,,,,,,,,,,,,,,,,,,,,,,,,,0,
OWNER_001,project_review,1,,,,,,,,,,,,,,,,,,REV-J7NH-HHXX,2021/074,2021/074,"Identifying effective post-16 education pathways to Level 2 and Level 3 achievement, for learners with a 3 or below in Maths and/or English at KS4","DfE, DWP and HMRC: LEO via SRS Iteration 1 Standard Extract",,20260601-cleaned-1308,dea-validation-production-20260702-fable5-dict-1.0-rc2,1.0-rc2,6f4ff530a3620167c37dc0ddee927ac592ca4ea2410c663535674503f811e299,owner-redcap-candidate-0.4,project-owner-taxonomy-display-v1,Education & Skills,"Education, learning, training, skills formation and transitions through education systems and into work.",,,,,,,,,,,,,,,,,,,,,,,Life-Course / Trajectory Analysis,"Following people, households, firms or cases over time to understand trajectories, transitions or cumulative outcomes.",,,,,Outcome Tracking,"Linking a naturally occurring exposure, condition or event to a later outcome, where the exposure is not a deliberate policy or programme.",,,,,Demographic disparities / equity tag,Comparisons across demographic or equality-relevant groups are central; socioeconomic inequality alone or routine subgroup breakdowns do not qualify.,0,,,,,COVID-19 & Pandemic,"COVID-19 or pandemic conditions are a central research focus or lens, not merely the period covered by the data.",0,,,,,,,,,,,,,,,,0
OWNER_001,project_review,2,,,,,,,,,,,,,,,,,,REV-FXE5-XC29,2022/048,2022/048,The long-term consequences of long-term disadvantage and poor early literacy skills,"DfE, DWP and HMRC: LEO via SRS Iteration 1 Standard Extract",,20260601-cleaned-1308,dea-validation-production-20260702-fable5-dict-1.0-rc2,1.0-rc2,6f4ff530a3620167c37dc0ddee927ac592ca4ea2410c663535674503f811e299,owner-redcap-candidate-0.4,project-owner-taxonomy-display-v1,Education & Skills,"Education, learning, training, skills formation and transitions through education systems and into work.",,,,,"Poverty, Wealth & Living Standards","Material resources, poverty, wealth, debt, benefits, deprivation, cost of living and household income.",,,,,,,,,,,,,,,,,Life-Course / Trajectory Analysis,"Following people, households, firms or cases over time to understand trajectories, transitions or cumulative outcomes.",,,,,Outcome Tracking,"Linking a naturally occurring exposure, condition or event to a later outcome, where the exposure is not a deliberate policy or programme.",,,,,Demographic disparities / equity tag,Comparisons across demographic or equality-relevant groups are central; socioeconomic inequality alone or routine subgroup breakdowns do not qualify.,0,,,,,COVID-19 & Pandemic,"COVID-19 or pandemic conditions are a central research focus or lens, not merely the period covered by the data.",0,,,,,,,,,,,,,,,,0
OWNER_001,project_review,3,,,,,,,,,,,,,,,,,,REV-Z8ZF-FUWX,2024/043,2024/043,Revisiting the raising of the participation age to 18 in England,"DfE, DWP and HMRC: Longitudinal Education Outcomes SRS Iteration 2 Standard Extract - England",,20260601-cleaned-1308,dea-validation-production-20260702-fable5-dict-1.0-rc2,1.0-rc2,6f4ff530a3620167c37dc0ddee927ac592ca4ea2410c663535674503f811e299,owner-redcap-candidate-0.4,project-owner-taxonomy-display-v1,Education & Skills,"Education, learning, training, skills formation and transitions through education systems and into work.",,,,,,,,,,,,,,,,,,,,,,,Policy Evaluation / Impact Analysis,"Assessing the implementation, effects or consequences of a specific named policy, programme, regulation or intervention.",,,,,,,,,,,Demographic disparities / equity tag,Comparisons across demographic or equality-relevant groups are central; socioeconomic inequality alone or routine subgroup breakdowns do not qualify.,0,,,,,COVID-19 & Pandemic,"COVID-19 or pandemic conditions are a central research focus or lens, not merely the period covered by the data.",0,,,,,,,,,,,,,,,,0
OWNER_001,project_review,4,,,,,,,,,,,,,,,,,,REV-TNWR-FH4B,2024/071,2024/071,The impact of exclusion on peers educational and labour market outcomes,"DfE, DWP and HMRC: Longitudinal Education Outcomes SRS Iteration 2 Standard Extract - England",,20260601-cleaned-1308,dea-validation-production-20260702-fable5-dict-1.0-rc2,1.0-rc2,6f4ff530a3620167c37dc0ddee927ac592ca4ea2410c663535674503f811e299,owner-redcap-candidate-0.4,project-owner-taxonomy-display-v1,Education & Skills,"Education, learning, training, skills formation and transitions through education systems and into work.",,,,,Labour Market & Employment,"Work, employment, earnings, job quality, workforce dynamics, skills demand and labour-market transitions.",,,,,,,,,,,,,,,,,Outcome Tracking,"Linking a naturally occurring exposure, condition or event to a later outcome, where the exposure is not a deliberate policy or programme.",,,,,,,,,,,Demographic disparities / equity tag,Comparisons across demographic or equality-relevant groups are central; socioeconomic inequality alone or routine subgroup breakdowns do not qualify.,0,,,,,COVID-19 & Pandemic,"COVID-19 or pandemic conditions are a central research focus or lens, not merely the period covered by the data.",0,,,,,,,,,,,,,,,,0
OWNER_001,project_review,5,,,,,,,,,,,,,,,,,,REV-R4E5-Y53Z,2024/122,2024/122,A Randomised Controlled Trial (RCT) of self-employment support for young people feasibility study,"DfE, DWP and HMRC: Longitudinal Education Outcomes SRS Iteration 2 Standard Extract - England",,20260601-cleaned-1308,dea-validation-production-20260702-fable5-dict-1.0-rc2,1.0-rc2,6f4ff530a3620167c37dc0ddee927ac592ca4ea2410c663535674503f811e299,owner-redcap-candidate-0.4,project-owner-taxonomy-display-v1,Labour Market & Employment,"Work, employment, earnings, job quality, workforce dynamics, skills demand and labour-market transitions.",,,,,,,,,,,,,,,,,,,,,,,Policy Evaluation / Impact Analysis,"Assessing the implementation, effects or consequences of a specific named policy, programme, regulation or intervention.",,,,,Methodological / Infrastructure Research,"Developing, testing, validating or improving research methods, measures, linkage approaches, infrastructure or data assets.",,,,,Demographic disparities / equity tag,Comparisons across demographic or equality-relevant groups are central; socioeconomic inequality alone or routine subgroup breakdowns do not qualify.,0,,,,,COVID-19 & Pandemic,"COVID-19 or pandemic conditions are a central research focus or lens, not merely the period covered by the data.",0,,,,,,,,,,,,,,,,0
OWNER_001,project_review,6,,,,,,,,,,,,,,,,,,REV-8WPA-A5XR,2025/013,2025/013,"Out of sight: Exclusions, alternative provision and later life outcomes","DfE, DWP and HMRC: Longitudinal Education Outcomes SRS Iteration 2 Standard Extract - England",,20260601-cleaned-1308,dea-validation-production-20260702-fable5-dict-1.0-rc2,1.0-rc2,6f4ff530a3620167c37dc0ddee927ac592ca4ea2410c663535674503f811e299,owner-redcap-candidate-0.4,project-owner-taxonomy-display-v1,Education & Skills,"Education, learning, training, skills formation and transitions through education systems and into work.",,,,,,,,,,,,,,,,,,,,,,,Outcome Tracking,"Linking a naturally occurring exposure, condition or event to a later outcome, where the exposure is not a deliberate policy or programme.",,,,,Life-Course / Trajectory Analysis,"Following people, households, firms or cases over time to understand trajectories, transitions or cumulative outcomes.",,,,,Demographic disparities / equity tag,Comparisons across demographic or equality-relevant groups are central; socioeconomic inequality alone or routine subgroup breakdowns do not qualify.,0,,,,,COVID-19 & Pandemic,"COVID-19 or pandemic conditions are a central research focus or lens, not merely the period covered by the data.",0,,,,,,,,,,,,,,,,0
OWNER_001,project_review,7,,,,,,,,,,,,,,,,,,REV-KMUK-ZJZ4,2025/017,2025/017,"Out of Sight: Exclusions, Alternative Provision and Health Outcomes",NHS; DfE: Education and Child Health Insights from Linked Data - England,,20260601-cleaned-1308,dea-validation-production-20260702-fable5-dict-1.0-rc2,1.0-rc2,6f4ff530a3620167c37dc0ddee927ac592ca4ea2410c663535674503f811e299,owner-redcap-candidate-0.4,project-owner-taxonomy-display-v1,Education & Skills,"Education, learning, training, skills formation and transitions through education systems and into work.",,,,,Health & Social Care,"Health, illness, mental health, wellbeing, mortality as a health outcome, healthcare services and social care.",,,,,,,,,,,,,,,,,Outcome Tracking,"Linking a naturally occurring exposure, condition or event to a later outcome, where the exposure is not a deliberate policy or programme.",,,,,,,,,,,Demographic disparities / equity tag,Comparisons across demographic or equality-relevant groups are central; socioeconomic inequality alone or routine subgroup breakdowns do not qualify.,0,,,,,COVID-19 & Pandemic,"COVID-19 or pandemic conditions are a central research focus or lens, not merely the period covered by the data.",0,,,,,,,,,,,,,,,,0
OWNER_001,project_review,8,,,,,,,,,,,,,,,,,,REV-NG2B-9MB6,2025/064,2025/064,Progression from post-16 study for disadvantaged learners,Department for Education: LEO,,20260601-cleaned-1308,dea-validation-production-20260702-fable5-dict-1.0-rc2,1.0-rc2,6f4ff530a3620167c37dc0ddee927ac592ca4ea2410c663535674503f811e299,owner-redcap-candidate-0.4,project-owner-taxonomy-display-v1,Education & Skills,"Education, learning, training, skills formation and transitions through education systems and into work.",,,,,,,,,,,,,,,,,,,,,,,Life-Course / Trajectory Analysis,"Following people, households, firms or cases over time to understand trajectories, transitions or cumulative outcomes.",,,,,,,,,,,Demographic disparities / equity tag,Comparisons across demographic or equality-relevant groups are central; socioeconomic inequality alone or routine subgroup breakdowns do not qualify.,0,,,,,COVID-19 & Pandemic,"COVID-19 or pandemic conditions are a central research focus or lens, not merely the period covered by the data.",0,,,,,,,,,,,,,,,,0
OWNER_004,,,project-owner-information-v3.2,owner-consent-v3,owner-redcap-candidate-0.4,,,,,,,,,,,,,,,,,,,,,,,,,,,,,,,,,,,,,,,,,,,,,,,,,,,,,,,,,,,,,,,,,,,,,,,,,,,,,,,,,,,,,,,0,
OWNER_004,project_review,1,,,,,,,,,,,,,,,,,,REV-JPND-JATC,2020/128,2020/128,The Role of Area-level deprivation for private and public family law cases concerning children in England and Wales,SAIL Databank Databank: 2011 Census Data Welsh residents,,20260601-cleaned-1308,dea-validation-production-20260702-fable5-dict-1.0-rc2,1.0-rc2,6f4ff530a3620167c37dc0ddee927ac592ca4ea2410c663535674503f811e299,owner-redcap-candidate-0.4,project-owner-taxonomy-display-v1,Crime & Justice,"Crime, victimisation, public safety, policing, courts, sentencing, prisons, probation and justice outcomes.",,,,,,,,,,,,,,,,,,,,,,,Outcome Tracking,"Linking a naturally occurring exposure, condition or event to a later outcome, where the exposure is not a deliberate policy or programme.",,,,,,,,,,,Demographic disparities / equity tag,Comparisons across demographic or equality-relevant groups are central; socioeconomic inequality alone or routine subgroup breakdowns do not qualify.,0,,,,,COVID-19 & Pandemic,"COVID-19 or pandemic conditions are a central research focus or lens, not merely the period covered by the data.",0,,,,,,,,,,,,,,,,0
OWNER_004,project_review,2,,,,,,,,,,,,,,,,,,REV-Q9U7-CDWG,2020/129,2020/129,Born into care: Newborns in care proceedings in Wales,SAIL Databank Databank: 2011 Census Data Welsh residents,,20260601-cleaned-1308,dea-validation-production-20260702-fable5-dict-1.0-rc2,1.0-rc2,6f4ff530a3620167c37dc0ddee927ac592ca4ea2410c663535674503f811e299,owner-redcap-candidate-0.4,project-owner-taxonomy-display-v1,Crime & Justice,"Crime, victimisation, public safety, policing, courts, sentencing, prisons, probation and justice outcomes.",,,,,Health & Social Care,"Health, illness, mental health, wellbeing, mortality as a health outcome, healthcare services and social care.",,,,,,,,,,,,,,,,,Descriptive Monitoring,"Measuring and describing levels, distributions, patterns or trends across places, populations or time, without primarily testing an exposure–outcome relationship.",,,,,,,,,,,Demographic disparities / equity tag,Comparisons across demographic or equality-relevant groups are central; socioeconomic inequality alone or routine subgroup breakdowns do not qualify.,0,,,,,COVID-19 & Pandemic,"COVID-19 or pandemic conditions are a central research focus or lens, not merely the period covered by the data.",0,,,,,,,,,,,,,,,,0
OWNER_004,project_review,3,,,,,,,,,,,,,,,,,,REV-SCG3-B8J2,2021/025,2021/025,Welsh virtual population vaccination and outcome registry,SAIL Databank Databank: 2011 Census Data Welsh residents,,20260601-cleaned-1308,dea-validation-production-20260702-fable5-dict-1.0-rc2,1.0-rc2,6f4ff530a3620167c37dc0ddee927ac592ca4ea2410c663535674503f811e299,owner-redcap-candidate-0.4,project-owner-taxonomy-display-v1,Health & Social Care,"Health, illness, mental health, wellbeing, mortality as a health outcome, healthcare services and social care.",,,,,Data Infrastructure & Methodology,"Data or methodology as the primary research object, rather than tools used for another question.",,,,,,,,,,,,,,,,,Methodological / Infrastructure Research,"Developing, testing, validating or improving research methods, measures, linkage approaches, infrastructure or data assets.",,,,,,,,,,,Demographic disparities / equity tag,Comparisons across demographic or equality-relevant groups are central; socioeconomic inequality alone or routine subgroup breakdowns do not qualify.,0,,,,,COVID-19 & Pandemic,"COVID-19 or pandemic conditions are a central research focus or lens, not merely the period covered by the data.",0,,,,,,,,,,,,,,,,0
OWNER_004,project_review,4,,,,,,,,,,,,,,,,,,REV-ZE4X-C5W3,2022/111,2022/111,"Private family law cases in England and Wales: profiles, pathways and outcomes",Ministry of Justice: MoJ Data First family court data extract,,20260601-cleaned-1308,dea-validation-production-20260702-fable5-dict-1.0-rc2,1.0-rc2,6f4ff530a3620167c37dc0ddee927ac592ca4ea2410c663535674503f811e299,owner-redcap-candidate-0.4,project-owner-taxonomy-display-v1,Crime & Justice,"Crime, victimisation, public safety, policing, courts, sentencing, prisons, probation and justice outcomes.",,,,,,,,,,,,,,,,,,,,,,,Service Interaction / Systems Analysis,"How people, cases or organisations access, use, move through or are processed by public services.",,,,,Descriptive Monitoring,"Measuring and describing levels, distributions, patterns or trends across places, populations or time, without primarily testing an exposure–outcome relationship.",,,,,Demographic disparities / equity tag,Comparisons across demographic or equality-relevant groups are central; socioeconomic inequality alone or routine subgroup breakdowns do not qualify.,0,,,,,COVID-19 & Pandemic,"COVID-19 or pandemic conditions are a central research focus or lens, not merely the period covered by the data.",0,,,,,,,,,,,,,,,,0
OWNER_004,project_review,5,,,,,,,,,,,,,,,,,,REV-C6NY-N64G,2023/004,2023/004,Educational pathways and outcomes for children who are looked after: a population-scale data linkage study,SAIL Databank Databank: 2011 Census Data,,20260601-cleaned-1308,dea-validation-production-20260702-fable5-dict-1.0-rc2,1.0-rc2,6f4ff530a3620167c37dc0ddee927ac592ca4ea2410c663535674503f811e299,owner-redcap-candidate-0.4,project-owner-taxonomy-display-v1,Education & Skills,"Education, learning, training, skills formation and transitions through education systems and into work.",,,,,Health & Social Care,"Health, illness, mental health, wellbeing, mortality as a health outcome, healthcare services and social care.",,,,,,,,,,,,,,,,,Life-Course / Trajectory Analysis,"Following people, households, firms or cases over time to understand trajectories, transitions or cumulative outcomes.",,,,,Outcome Tracking,"Linking a naturally occurring exposure, condition or event to a later outcome, where the exposure is not a deliberate policy or programme.",,,,,Demographic disparities / equity tag,Comparisons across demographic or equality-relevant groups are central; socioeconomic inequality alone or routine subgroup breakdowns do not qualify.,0,,,,,COVID-19 & Pandemic,"COVID-19 or pandemic conditions are a central research focus or lens, not merely the period covered by the data.",0,,,,,,,,,,,,,,,,0
OWNER_004,project_review,6,,,,,,,,,,,,,,,,,,REV-TJXV-BXMF,2023/056,2023/056,Ethnic and religious inequalities in children's social services in Wales: Patterns and outcomes,SAIL Databank Databank: 2011 Census,,20260601-cleaned-1308,dea-validation-production-20260702-fable5-dict-1.0-rc2,1.0-rc2,6f4ff530a3620167c37dc0ddee927ac592ca4ea2410c663535674503f811e299,owner-redcap-candidate-0.4,project-owner-taxonomy-display-v1,Health & Social Care,"Health, illness, mental health, wellbeing, mortality as a health outcome, healthcare services and social care.",,,,,,,,,,,,,,,,,,,,,,,Descriptive Monitoring,"Measuring and describing levels, distributions, patterns or trends across places, populations or time, without primarily testing an exposure–outcome relationship.",,,,,Service Interaction / Systems Analysis,"How people, cases or organisations access, use, move through or are processed by public services.",,,,,Demographic disparities / equity tag,Comparisons across demographic or equality-relevant groups are central; socioeconomic inequality alone or routine subgroup breakdowns do not qualify.,1,,,,,COVID-19 & Pandemic,"COVID-19 or pandemic conditions are a central research focus or lens, not merely the period covered by the data.",0,,,,,,,,,,,,,,,,0
OWNER_004,project_review,7,,,,,,,,,,,,,,,,,,REV-VU9G-RX4T,2023/166,2023/166,How active travel can improve our health and wellbeing,SAIL Databank Databank: Welsh Census 2011,,20260601-cleaned-1308,dea-validation-production-20260702-fable5-dict-1.0-rc2,1.0-rc2,6f4ff530a3620167c37dc0ddee927ac592ca4ea2410c663535674503f811e299,owner-redcap-candidate-0.4,project-owner-taxonomy-display-v1,Health & Social Care,"Health, illness, mental health, wellbeing, mortality as a health outcome, healthcare services and social care.",,,,,,,,,,,,,,,,,,,,,,,Outcome Tracking,"Linking a naturally occurring exposure, condition or event to a later outcome, where the exposure is not a deliberate policy or programme.",,,,,,,,,,,Demographic disparities / equity tag,Comparisons across demographic or equality-relevant groups are central; socioeconomic inequality alone or routine subgroup breakdowns do not qualify.,0,,,,,COVID-19 & Pandemic,"COVID-19 or pandemic conditions are a central research focus or lens, not merely the period covered by the data.",0,,,,,,,,,,,,,,,,0
OWNER_004,project_review,8,,,,,,,,,,,,,,,,,,REV-XNKQ-K4Z5,2024/088,2024/088,ADR Wales Health and Wellbeing,Office for National Statistics: Census 2021,,20260601-cleaned-1308,dea-validation-production-20260702-fable5-dict-1.0-rc2,1.0-rc2,6f4ff530a3620167c37dc0ddee927ac592ca4ea2410c663535674503f811e299,owner-redcap-candidate-0.4,project-owner-taxonomy-display-v1,Health & Social Care,"Health, illness, mental health, wellbeing, mortality as a health outcome, healthcare services and social care.",,,,,,,,,,,,,,,,,,,,,,,Unclear from Register Entry,The public title and datasets do not provide enough information to infer the Analytical Purpose.,,,,,,,,,,,Demographic disparities / equity tag,Comparisons across demographic or equality-relevant groups are central; socioeconomic inequality alone or routine subgroup breakdowns do not qualify.,0,,,,,COVID-19 & Pandemic,"COVID-19 or pandemic conditions are a central research focus or lens, not merely the period covered by the data.",0,,,,,,,,,,,,,,,,0
OWNER_004,project_review,9,,,,,,,,,,,,,,,,,,REV-9PDY-CN9H,2025/158,2025/158,Social and environmental determinants of health,SAIL Databank: Census 2021,,20260601-cleaned-1308,dea-validation-production-20260702-fable5-dict-1.0-rc2,1.0-rc2,6f4ff530a3620167c37dc0ddee927ac592ca4ea2410c663535674503f811e299,owner-redcap-candidate-0.4,project-owner-taxonomy-display-v1,Health & Social Care,"Health, illness, mental health, wellbeing, mortality as a health outcome, healthcare services and social care.",,,,,Environment & Agriculture,"Environment, climate, energy, agriculture, land use, pollution, decarbonisation and environmental impacts.",,,,,,,,,,,,,,,,,Outcome Tracking,"Linking a naturally occurring exposure, condition or event to a later outcome, where the exposure is not a deliberate policy or programme.",,,,,,,,,,,Demographic disparities / equity tag,Comparisons across demographic or equality-relevant groups are central; socioeconomic inequality alone or routine subgroup breakdowns do not qualify.,0,,,,,COVID-19 & Pandemic,"COVID-19 or pandemic conditions are a central research focus or lens, not merely the period covered by the data.",0,,,,,,,,,,,,,,,,0
OWNER_004,project_review,10,,,,,,,,,,,,,,,,,,REV-8SEM-XK38,2025/209,2025/209,Understanding the circumstances of children involved in breach proceedings (Work Package 1 - Disparity),"Ministry of Justice: MoJ Data First Link ed Criminal Courts, Prisons and Probation - England and Wales, Data First Magistrates Court Defendant Iteration 2 - England and Wales, Ministry of Justice Data First Crown Court Iteration 2 - England and Wales",,20260601-cleaned-1308,dea-validation-production-20260702-fable5-dict-1.0-rc2,1.0-rc2,6f4ff530a3620167c37dc0ddee927ac592ca4ea2410c663535674503f811e299,owner-redcap-candidate-0.4,project-owner-taxonomy-display-v1,Crime & Justice,"Crime, victimisation, public safety, policing, courts, sentencing, prisons, probation and justice outcomes.",,,,,,,,,,,,,,,,,,,,,,,Descriptive Monitoring,"Measuring and describing levels, distributions, patterns or trends across places, populations or time, without primarily testing an exposure–outcome relationship.",,,,,,,,,,,Demographic disparities / equity tag,Comparisons across demographic or equality-relevant groups are central; socioeconomic inequality alone or routine subgroup breakdowns do not qualify.,1,,,,,COVID-19 & Pandemic,"COVID-19 or pandemic conditions are a central research focus or lens, not merely the period covered by the data.",0,,,,,,,,,,,,,,,,0
OWNER_004,project_review,11,,,,,,,,,,,,,,,,,,REV-JHNC-EEVR,2025/241,2025/241,The contribution of health and social adversity to public and private family court proceedings: a public health approach,"Office for National Statistics: Census 2011 Welsh Records, Census 2021 Welsh Records",,20260601-cleaned-1308,dea-validation-production-20260702-fable5-dict-1.0-rc2,1.0-rc2,6f4ff530a3620167c37dc0ddee927ac592ca4ea2410c663535674503f811e299,owner-redcap-candidate-0.4,project-owner-taxonomy-display-v1,Health & Social Care,"Health, illness, mental health, wellbeing, mortality as a health outcome, healthcare services and social care.",,,,,Crime & Justice,"Crime, victimisation, public safety, policing, courts, sentencing, prisons, probation and justice outcomes.",,,,,,,,,,,,,,,,,Outcome Tracking,"Linking a naturally occurring exposure, condition or event to a later outcome, where the exposure is not a deliberate policy or programme.",,,,,,,,,,,Demographic disparities / equity tag,Comparisons across demographic or equality-relevant groups are central; socioeconomic inequality alone or routine subgroup breakdowns do not qualify.,0,,,,,COVID-19 & Pandemic,"COVID-19 or pandemic conditions are a central research focus or lens, not merely the period covered by the data.",0,,,,,,,,,,,,,,,,0
OWNER_004,project_review,12,,,,,,,,,,,,,,,,,,REV-ZSM8-K68K,2025/257,2025/257,Maternal and pregnancy health and elevated heat - MAGENTA,Office for National Statistics: Census 2021,,20260601-cleaned-1308,dea-validation-production-20260702-fable5-dict-1.0-rc2,1.0-rc2,6f4ff530a3620167c37dc0ddee927ac592ca4ea2410c663535674503f811e299,owner-redcap-candidate-0.4,project-owner-taxonomy-display-v1,Health & Social Care,"Health, illness, mental health, wellbeing, mortality as a health outcome, healthcare services and social care.",,,,,Environment & Agriculture,"Environment, climate, energy, agriculture, land use, pollution, decarbonisation and environmental impacts.",,,,,,,,,,,,,,,,,Outcome Tracking,"Linking a naturally occurring exposure, condition or event to a later outcome, where the exposure is not a deliberate policy or programme.",,,,,,,,,,,Demographic disparities / equity tag,Comparisons across demographic or equality-relevant groups are central; socioeconomic inequality alone or routine subgroup breakdowns do not qualify.,0,,,,,COVID-19 & Pandemic,"COVID-19 or pandemic conditions are a central research focus or lens, not merely the period covered by the data.",0,,,,,,,,,,,,,,,,0
OWNER_025,,,project-owner-information-v3.2,owner-consent-v3,owner-redcap-candidate-0.4,,,,,,,,,,,,,,,,,,,,,,,,,,,,,,,,,,,,,,,,,,,,,,,,,,,,,,,,,,,,,,,,,,,,,,,,,,,,,,,,,,,,,,,0,
OWNER_025,project_review,1,,,,,,,,,,,,,,,,,,REV-ZGJR-A294,2020/012,2020/012,Wage progression and firm productivity,"Office for National Statistics: Annual Business Inquiry, Annual Inquiry into Foreign Direct Investment, Annual Respondents DatabaseX, Annual Respondents Database, Annual Survey of Hours and Earnings, Business Expenditure on Research and Development, Business Impact of COVID-19 Survey, Business Register Employment Survey, Business Structure Database, Business Structure Database Longitudinal, Capital Stocks, Financial Assets and Liabilities Survey, Interdepartmental Business Register, Investment in Intangible Assets, International Trade in Services, Labour Force Survey, Monthly Wage and Salary Survey, New Earnings Survey, Quarterly Capital Expenditure Survey, Survey of Innovation and Patent Use, Vacancy Survey, ASHE
Intellectual Property Office: Patents, Designs and Trade Marks
Department for Education: National
Department for Business, Energy and Industrial Strategy: Employer Skills Survey & Workplace Employment Relations Survey
Department for Business, Energy and Industrial Strategy: Small Business Survey Longitudinal
Department for Business, Energy and Industrial Strategy: Community Innovation Survey",,20260601-cleaned-1308,dea-validation-production-20260702-fable5-dict-1.0-rc2,1.0-rc2,6f4ff530a3620167c37dc0ddee927ac592ca4ea2410c663535674503f811e299,owner-redcap-candidate-0.4,project-owner-taxonomy-display-v1,Labour Market & Employment,"Work, employment, earnings, job quality, workforce dynamics, skills demand and labour-market transitions.",,,,,Business & Productivity,"Firms, business activity, innovation, productivity, entrepreneurship, trade, investment and business performance.",,,,,,,,,,,,,,,,,Outcome Tracking,"Linking a naturally occurring exposure, condition or event to a later outcome, where the exposure is not a deliberate policy or programme.",,,,,,,,,,,Demographic disparities / equity tag,Comparisons across demographic or equality-relevant groups are central; socioeconomic inequality alone or routine subgroup breakdowns do not qualify.,0,,,,,COVID-19 & Pandemic,"COVID-19 or pandemic conditions are a central research focus or lens, not merely the period covered by the data.",0,,,,,,,,,,,,,,,,0
OWNER_025,project_review,2,,,,,,,,,,,,,,,,,,REV-EBRH-9RB9,2020/018,2020/018,Inequalities in the 21st Century – Chapter on Labour Market Inequality,"Office for National Statistics: Annual Population Survey, Annual Survey of Hours and Earnings, Labour Force Survey, Longitudinal Labour Force Survey & New Earnings Survey",,20260601-cleaned-1308,dea-validation-production-20260702-fable5-dict-1.0-rc2,1.0-rc2,6f4ff530a3620167c37dc0ddee927ac592ca4ea2410c663535674503f811e299,owner-redcap-candidate-0.4,project-owner-taxonomy-display-v1,Labour Market & Employment,"Work, employment, earnings, job quality, workforce dynamics, skills demand and labour-market transitions.",,,,,,,,,,,,,,,,,,,,,,,Descriptive Monitoring,"Measuring and describing levels, distributions, patterns or trends across places, populations or time, without primarily testing an exposure–outcome relationship.",,,,,,,,,,,Demographic disparities / equity tag,Comparisons across demographic or equality-relevant groups are central; socioeconomic inequality alone or routine subgroup breakdowns do not qualify.,1,,,,,COVID-19 & Pandemic,"COVID-19 or pandemic conditions are a central research focus or lens, not merely the period covered by the data.",0,,,,,,,,,,,,,,,,0
OWNER_025,project_review,3,,,,,,,,,,,,,,,,,,REV-MFTD-JEZ3,2020/050,2020/050,Inequalities in the 21st Century,Office for National Statistics: Longitudinal Study of England and Wales,,20260601-cleaned-1308,dea-validation-production-20260702-fable5-dict-1.0-rc2,1.0-rc2,6f4ff530a3620167c37dc0ddee927ac592ca4ea2410c663535674503f811e299,owner-redcap-candidate-0.4,project-owner-taxonomy-display-v1,"Poverty, Wealth & Living Standards","Material resources, poverty, wealth, debt, benefits, deprivation, cost of living and household income.",,,,,,,,,,,,,,,,,,,,,,,Descriptive Monitoring,"Measuring and describing levels, distributions, patterns or trends across places, populations or time, without primarily testing an exposure–outcome relationship.",,,,,,,,,,,Demographic disparities / equity tag,Comparisons across demographic or equality-relevant groups are central; socioeconomic inequality alone or routine subgroup breakdowns do not qualify.,1,,,,,COVID-19 & Pandemic,"COVID-19 or pandemic conditions are a central research focus or lens, not merely the period covered by the data.",0,,,,,,,,,,,,,,,,0
OWNER_025,project_review,4,,,,,,,,,,,,,,,,,,REV-KNFY-7M36,2020/061,2020/061,IFS Deaton Review: Geographic Inequalities and spatial mobility,"Office for National Statistics: Annual Population Survey, Annual Survey of Hours and Earnings, Census 1961, Census 1971, Census data 1981, Labour Force Survey , Labour Force Survey , New Earnings Survey, Census 2011
Institute for Social and Economic Research:
Understanding Society
Office for National Statistics: Census 2011",,20260601-cleaned-1308,dea-validation-production-20260702-fable5-dict-1.0-rc2,1.0-rc2,6f4ff530a3620167c37dc0ddee927ac592ca4ea2410c663535674503f811e299,owner-redcap-candidate-0.4,project-owner-taxonomy-display-v1,Labour Market & Employment,"Work, employment, earnings, job quality, workforce dynamics, skills demand and labour-market transitions.",,,,,Migration & Demographics,"Population structure and change, migration, fertility, ageing and mortality as a demographic outcome.",,,,,,,,,,,,,,,,,Descriptive Monitoring,"Measuring and describing levels, distributions, patterns or trends across places, populations or time, without primarily testing an exposure–outcome relationship.",,,,,,,,,,,Demographic disparities / equity tag,Comparisons across demographic or equality-relevant groups are central; socioeconomic inequality alone or routine subgroup breakdowns do not qualify.,0,,,,,COVID-19 & Pandemic,"COVID-19 or pandemic conditions are a central research focus or lens, not merely the period covered by the data.",0,,,,,,,,,,,,,,,,0
OWNER_025,project_review,5,,,,,,,,,,,,,,,,,,REV-GKKD-W635,2022/197,2022/197,The impact of the minimum wage on workers' career progression,"Office for National Statistics: Annual Business Survey, Annual Survey of Hours and Earnings, Annual Survey of Hours and Earnings Longitudinal, Business Enterprise Research and Developement, Business Structure Database, Longitudinal Inter-Departmental Business Register",,20260601-cleaned-1308,dea-validation-production-20260702-fable5-dict-1.0-rc2,1.0-rc2,6f4ff530a3620167c37dc0ddee927ac592ca4ea2410c663535674503f811e299,owner-redcap-candidate-0.4,project-owner-taxonomy-display-v1,Labour Market & Employment,"Work, employment, earnings, job quality, workforce dynamics, skills demand and labour-market transitions.",,,,,,,,,,,,,,,,,,,,,,,Policy Evaluation / Impact Analysis,"Assessing the implementation, effects or consequences of a specific named policy, programme, regulation or intervention.",,,,,Life-Course / Trajectory Analysis,"Following people, households, firms or cases over time to understand trajectories, transitions or cumulative outcomes.",,,,,Demographic disparities / equity tag,Comparisons across demographic or equality-relevant groups are central; socioeconomic inequality alone or routine subgroup breakdowns do not qualify.,0,,,,,COVID-19 & Pandemic,"COVID-19 or pandemic conditions are a central research focus or lens, not merely the period covered by the data.",0,,,,,,,,,,,,,,,,0
OWNER_025,project_review,6,,,,,,,,,,,,,,,,,,REV-MV5U-D6UF,2023/164,2023/164,"Socio-economic status, mortality and morbidity in Britain and the US","Office for National Statistics: Death Registrations, England and Wales, Public Health Research Database, Census 2011",,20260601-cleaned-1308,dea-validation-production-20260702-fable5-dict-1.0-rc2,1.0-rc2,6f4ff530a3620167c37dc0ddee927ac592ca4ea2410c663535674503f811e299,owner-redcap-candidate-0.4,project-owner-taxonomy-display-v1,Health & Social Care,"Health, illness, mental health, wellbeing, mortality as a health outcome, healthcare services and social care.",,,,,,,,,,,,,,,,,,,,,,,Outcome Tracking,"Linking a naturally occurring exposure, condition or event to a later outcome, where the exposure is not a deliberate policy or programme.",,,,,,,,,,,Demographic disparities / equity tag,Comparisons across demographic or equality-relevant groups are central; socioeconomic inequality alone or routine subgroup breakdowns do not qualify.,0,,,,,COVID-19 & Pandemic,"COVID-19 or pandemic conditions are a central research focus or lens, not merely the period covered by the data.",0,,,,,,,,,,,,,,,,0
OWNER_025,project_review,7,,,,,,,,,,,,,,,,,,REV-H5DA-X4RY,2023/170,2023/170,Tax and benefit microsimulation,"Office for National Statistics: Annual Population Survey Household, Annual Population Survey, British Election Panel Study, British Household Panel Survey, British Local Election Database, Childcare and Early Years Provision: Providers' Survey, English Longitudinal Study of Ageing, Expenditure and Food Survey, Family Expenditure Survey, Family Resources Survey, General Household Survey, Health and Lifestyle Survey, Health Survey for England, Households Below Average Income, International Passenger Survey, Labour Force Survey Two-Quarter Longitudinal Dataset, Labour Force Survey, Living Costs and Food Survey, National Travel Survey, ONS Omnibus Survey, Quarterly Labour Force Survey Household Dataset, Quarterly Labour Force Survey, Survey of Personal Incomes,
Understanding Society: COVID-19 Study,
Understanding Society: Innovation Panel",,20260601-cleaned-1308,dea-validation-production-20260702-fable5-dict-1.0-rc2,1.0-rc2,6f4ff530a3620167c37dc0ddee927ac592ca4ea2410c663535674503f811e299,owner-redcap-candidate-0.4,project-owner-taxonomy-display-v1,Public Finance & Taxation,"Taxation, government revenue, public spending, fiscal transfers, tax reliefs and fiscal policy.",,,,,"Poverty, Wealth & Living Standards","Material resources, poverty, wealth, debt, benefits, deprivation, cost of living and household income.",,,,,,,,,,,,,,,,,Methodological / Infrastructure Research,"Developing, testing, validating or improving research methods, measures, linkage approaches, infrastructure or data assets.",,,,,Policy Evaluation / Impact Analysis,"Assessing the implementation, effects or consequences of a specific named policy, programme, regulation or intervention.",,,,,Demographic disparities / equity tag,Comparisons across demographic or equality-relevant groups are central; socioeconomic inequality alone or routine subgroup breakdowns do not qualify.,0,,,,,COVID-19 & Pandemic,"COVID-19 or pandemic conditions are a central research focus or lens, not merely the period covered by the data.",0,,,,,,,,,,,,,,,,0
OWNER_025,project_review,8,,,,,,,,,,,,,,,,,,REV-8H2X-T4CM,2023/174,2023/174,"Geographical inequalities, geographical mobility and social mobility","DfE, DWP and HMRC: Longitudinal Education Outcomes SRS Iteration 1 Standard Extract - England",,20260601-cleaned-1308,dea-validation-production-20260702-fable5-dict-1.0-rc2,1.0-rc2,6f4ff530a3620167c37dc0ddee927ac592ca4ea2410c663535674503f811e299,owner-redcap-candidate-0.4,project-owner-taxonomy-display-v1,Education & Skills,"Education, learning, training, skills formation and transitions through education systems and into work.",,,,,Labour Market & Employment,"Work, employment, earnings, job quality, workforce dynamics, skills demand and labour-market transitions.",,,,,,,,,,,,,,,,,Life-Course / Trajectory Analysis,"Following people, households, firms or cases over time to understand trajectories, transitions or cumulative outcomes.",,,,,,,,,,,Demographic disparities / equity tag,Comparisons across demographic or equality-relevant groups are central; socioeconomic inequality alone or routine subgroup breakdowns do not qualify.,0,,,,,COVID-19 & Pandemic,"COVID-19 or pandemic conditions are a central research focus or lens, not merely the period covered by the data.",0,,,,,,,,,,,,,,,,0
OWNER_024,,,project-owner-information-v3.2,owner-consent-v3,owner-redcap-candidate-0.4,,,,,,,,,,,,,,,,,,,,,,,,,,,,,,,,,,,,,,,,,,,,,,,,,,,,,,,,,,,,,,,,,,,,,,,,,,,,,,,,,,,,,,,0,
OWNER_024,project_review,1,,,,,,,,,,,,,,,,,,REV-V3VB-J5BH,2021/082,2021/082,"Effect of Universal Credit on the Gender Gap in Labour Supply, Job Quality, and Fertility.","Office for National Statistics: Annual Survey of Hours and Earnings, Labour Force Survey
Institute for Economic and Social Research: Understanding Society",,20260601-cleaned-1308,dea-validation-production-20260702-fable5-dict-1.0-rc2,1.0-rc2,6f4ff530a3620167c37dc0ddee927ac592ca4ea2410c663535674503f811e299,owner-redcap-candidate-0.4,project-owner-taxonomy-display-v1,Labour Market & Employment,"Work, employment, earnings, job quality, workforce dynamics, skills demand and labour-market transitions.",,,,,Migration & Demographics,"Population structure and change, migration, fertility, ageing and mortality as a demographic outcome.",,,,,,,,,,,,,,,,,Policy Evaluation / Impact Analysis,"Assessing the implementation, effects or consequences of a specific named policy, programme, regulation or intervention.",,,,,,,,,,,Demographic disparities / equity tag,Comparisons across demographic or equality-relevant groups are central; socioeconomic inequality alone or routine subgroup breakdowns do not qualify.,1,,,,,COVID-19 & Pandemic,"COVID-19 or pandemic conditions are a central research focus or lens, not merely the period covered by the data.",0,,,,,,,,,,,,,,,,0
OWNER_024,project_review,2,,,,,,,,,,,,,,,,,,REV-2VRT-B326,2022/047,2022/047,Effects of Universal Credit on children's academic and behavioural outcomes,Institute for Economic and Social Research: Understanding Society,,20260601-cleaned-1308,dea-validation-production-20260702-fable5-dict-1.0-rc2,1.0-rc2,6f4ff530a3620167c37dc0ddee927ac592ca4ea2410c663535674503f811e299,owner-redcap-candidate-0.4,project-owner-taxonomy-display-v1,Education & Skills,"Education, learning, training, skills formation and transitions through education systems and into work.",,,,,"Poverty, Wealth & Living Standards","Material resources, poverty, wealth, debt, benefits, deprivation, cost of living and household income.",,,,,,,,,,,,,,,,,Policy Evaluation / Impact Analysis,"Assessing the implementation, effects or consequences of a specific named policy, programme, regulation or intervention.",,,,,,,,,,,Demographic disparities / equity tag,Comparisons across demographic or equality-relevant groups are central; socioeconomic inequality alone or routine subgroup breakdowns do not qualify.,0,,,,,COVID-19 & Pandemic,"COVID-19 or pandemic conditions are a central research focus or lens, not merely the period covered by the data.",0,,,,,,,,,,,,,,,,0
OWNER_024,project_review,3,,,,,,,,,,,,,,,,,,REV-QSG2-U47V,2023/083,2023/083,"Effects of Austerity Policies on Public Goods, Local Amenities, and Individual Behaviour","Institute for Economic and Social Research:
Understanding Society - UK
Office for National Statistics: Business Structure Database - UK",,20260601-cleaned-1308,dea-validation-production-20260702-fable5-dict-1.0-rc2,1.0-rc2,6f4ff530a3620167c37dc0ddee927ac592ca4ea2410c663535674503f811e299,owner-redcap-candidate-0.4,project-owner-taxonomy-display-v1,Public Finance & Taxation,"Taxation, government revenue, public spending, fiscal transfers, tax reliefs and fiscal policy.",,,,,,,,,,,,,,,,,,,,,,,Policy Evaluation / Impact Analysis,"Assessing the implementation, effects or consequences of a specific named policy, programme, regulation or intervention.",,,,,,,,,,,Demographic disparities / equity tag,Comparisons across demographic or equality-relevant groups are central; socioeconomic inequality alone or routine subgroup breakdowns do not qualify.,0,,,,,COVID-19 & Pandemic,"COVID-19 or pandemic conditions are a central research focus or lens, not merely the period covered by the data.",0,,,,,,,,,,,,,,,,0
OWNER_024,project_review,4,,,,,,,,,,,,,,,,,,REV-YMPT-HMMG,2023/221,2023/221,The Choice of Childcare Mode(s) and its Gendered Consequences on Women and Children,"Institute for Economic and Social Research:
Understanding Society - UK
Office for National Statistics: Business Structure Database - UK",,20260601-cleaned-1308,dea-validation-production-20260702-fable5-dict-1.0-rc2,1.0-rc2,6f4ff530a3620167c37dc0ddee927ac592ca4ea2410c663535674503f811e299,owner-redcap-candidate-0.4,project-owner-taxonomy-display-v1,Education & Skills,"Education, learning, training, skills formation and transitions through education systems and into work.",,,,,Labour Market & Employment,"Work, employment, earnings, job quality, workforce dynamics, skills demand and labour-market transitions.",,,,,,,,,,,,,,,,,Outcome Tracking,"Linking a naturally occurring exposure, condition or event to a later outcome, where the exposure is not a deliberate policy or programme.",,,,,,,,,,,Demographic disparities / equity tag,Comparisons across demographic or equality-relevant groups are central; socioeconomic inequality alone or routine subgroup breakdowns do not qualify.,1,,,,,COVID-19 & Pandemic,"COVID-19 or pandemic conditions are a central research focus or lens, not merely the period covered by the data.",0,,,,,,,,,,,,,,,,0
OWNER_024,project_review,5,,,,,,,,,,,,,,,,,,REV-7TH8-HUG6,2024/077,2024/077,Describing and understanding the 'gender commuting gap' in linked UK administrative data,Office for National Statistics: Annual Survey of Hours and Earnings linked to 2011 Census - England and Wales,,20260601-cleaned-1308,dea-validation-production-20260702-fable5-dict-1.0-rc2,1.0-rc2,6f4ff530a3620167c37dc0ddee927ac592ca4ea2410c663535674503f811e299,owner-redcap-candidate-0.4,project-owner-taxonomy-display-v1,Labour Market & Employment,"Work, employment, earnings, job quality, workforce dynamics, skills demand and labour-market transitions.",,,,,,,,,,,,,,,,,,,,,,,Descriptive Monitoring,"Measuring and describing levels, distributions, patterns or trends across places, populations or time, without primarily testing an exposure–outcome relationship.",,,,,Outcome Tracking,"Linking a naturally occurring exposure, condition or event to a later outcome, where the exposure is not a deliberate policy or programme.",,,,,Demographic disparities / equity tag,Comparisons across demographic or equality-relevant groups are central; socioeconomic inequality alone or routine subgroup breakdowns do not qualify.,1,,,,,COVID-19 & Pandemic,"COVID-19 or pandemic conditions are a central research focus or lens, not merely the period covered by the data.",0,,,,,,,,,,,,,,,,0
OWNER_024,project_review,6,,,,,,,,,,,,,,,,,,REV-NUX2-973Y,2024/078,2024/078,"Accompanying project for ""Describing and understanding the 'gender commuting gap' in linked UK administrative data""","Office for National Statistics: Annual Survey of Hours and Earnings Longitudinal - UK, New Earnings Survey - Great Britain
DBT: Workplace Employment Relations Survey - Great Britain",,20260601-cleaned-1308,dea-validation-production-20260702-fable5-dict-1.0-rc2,1.0-rc2,6f4ff530a3620167c37dc0ddee927ac592ca4ea2410c663535674503f811e299,owner-redcap-candidate-0.4,project-owner-taxonomy-display-v1,Labour Market & Employment,"Work, employment, earnings, job quality, workforce dynamics, skills demand and labour-market transitions.",,,,,,,,,,,,,,,,,,,,,,,Descriptive Monitoring,"Measuring and describing levels, distributions, patterns or trends across places, populations or time, without primarily testing an exposure–outcome relationship.",,,,,Outcome Tracking,"Linking a naturally occurring exposure, condition or event to a later outcome, where the exposure is not a deliberate policy or programme.",,,,,Demographic disparities / equity tag,Comparisons across demographic or equality-relevant groups are central; socioeconomic inequality alone or routine subgroup breakdowns do not qualify.,1,,,,,COVID-19 & Pandemic,"COVID-19 or pandemic conditions are a central research focus or lens, not merely the period covered by the data.",0,,,,,,,,,,,,,,,,0
OWNER_024,project_review,7,,,,,,,,,,,,,,,,,,REV-UXE2-MVTE,2024/222,2024/222,"Effects of Austerity Policies on Public Goods, Local Amenities, and Individual Behaviour","Institute for Economic and Social Research:
Understanding Society - UK
Office for National Statistics: Business Structure Database - UK",,20260601-cleaned-1308,dea-validation-production-20260702-fable5-dict-1.0-rc2,1.0-rc2,6f4ff530a3620167c37dc0ddee927ac592ca4ea2410c663535674503f811e299,owner-redcap-candidate-0.4,project-owner-taxonomy-display-v1,Public Finance & Taxation,"Taxation, government revenue, public spending, fiscal transfers, tax reliefs and fiscal policy.",,,,,,,,,,,,,,,,,,,,,,,Policy Evaluation / Impact Analysis,"Assessing the implementation, effects or consequences of a specific named policy, programme, regulation or intervention.",,,,,,,,,,,Demographic disparities / equity tag,Comparisons across demographic or equality-relevant groups are central; socioeconomic inequality alone or routine subgroup breakdowns do not qualify.,0,,,,,COVID-19 & Pandemic,"COVID-19 or pandemic conditions are a central research focus or lens, not merely the period covered by the data.",0,,,,,,,,,,,,,,,,0
OWNER_015,,,project-owner-information-v3.2,owner-consent-v3,owner-redcap-candidate-0.4,,,,,,,,,,,,,,,,,,,,,,,,,,,,,,,,,,,,,,,,,,,,,,,,,,,,,,,,,,,,,,,,,,,,,,,,,,,,,,,,,,,,,,,0,
OWNER_015,project_review,1,,,,,,,,,,,,,,,,,,REV-HVFH-HDWB,2023/094,2023/094,Scottish nurses health outcomes and deprivation,Office for National Statistics: Census 2011,,20260601-cleaned-1308,dea-validation-production-20260702-fable5-dict-1.0-rc2,1.0-rc2,6f4ff530a3620167c37dc0ddee927ac592ca4ea2410c663535674503f811e299,owner-redcap-candidate-0.4,project-owner-taxonomy-display-v1,Health & Social Care,"Health, illness, mental health, wellbeing, mortality as a health outcome, healthcare services and social care.",,,,,,,,,,,,,,,,,,,,,,,Outcome Tracking,"Linking a naturally occurring exposure, condition or event to a later outcome, where the exposure is not a deliberate policy or programme.",,,,,,,,,,,Demographic disparities / equity tag,Comparisons across demographic or equality-relevant groups are central; socioeconomic inequality alone or routine subgroup breakdowns do not qualify.,0,,,,,COVID-19 & Pandemic,"COVID-19 or pandemic conditions are a central research focus or lens, not merely the period covered by the data.",0,,,,,,,,,,,,,,,,0
OWNER_015,project_review,2,,,,,,,,,,,,,,,,,,REV-6MF9-ZFHH,2024/008,2024/008,Nursing and midwifery registry data: geographical differences in retention to the professions,NMC: Nursing and Midwifery Council Register - UK,,20260601-cleaned-1308,dea-validation-production-20260702-fable5-dict-1.0-rc2,1.0-rc2,6f4ff530a3620167c37dc0ddee927ac592ca4ea2410c663535674503f811e299,owner-redcap-candidate-0.4,project-owner-taxonomy-display-v1,Labour Market & Employment,"Work, employment, earnings, job quality, workforce dynamics, skills demand and labour-market transitions.",,,,,,,,,,,,,,,,,,,,,,,Descriptive Monitoring,"Measuring and describing levels, distributions, patterns or trends across places, populations or time, without primarily testing an exposure–outcome relationship.",,,,,,,,,,,Demographic disparities / equity tag,Comparisons across demographic or equality-relevant groups are central; socioeconomic inequality alone or routine subgroup breakdowns do not qualify.,0,,,,,COVID-19 & Pandemic,"COVID-19 or pandemic conditions are a central research focus or lens, not merely the period covered by the data.",0,,,,,,,,,,,,,,,,0
OWNER_015,project_review,3,,,,,,,,,,,,,,,,,,REV-YC3H-Q7M3,2024/127,2024/127,The occupational status of nurses and midwives in England and Wales: a study using linked registrant and census data,"NMC: Nursing and Midwifery Council Register - UK
Office for National Statistics: Census 2021",,20260601-cleaned-1308,dea-validation-production-20260702-fable5-dict-1.0-rc2,1.0-rc2,6f4ff530a3620167c37dc0ddee927ac592ca4ea2410c663535674503f811e299,owner-redcap-candidate-0.4,project-owner-taxonomy-display-v1,Labour Market & Employment,"Work, employment, earnings, job quality, workforce dynamics, skills demand and labour-market transitions.",,,,,,,,,,,,,,,,,,,,,,,Descriptive Monitoring,"Measuring and describing levels, distributions, patterns or trends across places, populations or time, without primarily testing an exposure–outcome relationship.",,,,,,,,,,,Demographic disparities / equity tag,Comparisons across demographic or equality-relevant groups are central; socioeconomic inequality alone or routine subgroup breakdowns do not qualify.,0,,,,,COVID-19 & Pandemic,"COVID-19 or pandemic conditions are a central research focus or lens, not merely the period covered by the data.",0,,,,,,,,,,,,,,,,0
OWNER_015,project_review,4,,,,,,,,,,,,,,,,,,REV-9PXB-UU53,2024/192,2024/192,"Nurses, midwives, and migration: evidence from a linked registrant census dataset","Offcie for National Statistics &
NMC: Nursing and Midwifery Council Register - UK Linked to Census 2021",,20260601-cleaned-1308,dea-validation-production-20260702-fable5-dict-1.0-rc2,1.0-rc2,6f4ff530a3620167c37dc0ddee927ac592ca4ea2410c663535674503f811e299,owner-redcap-candidate-0.4,project-owner-taxonomy-display-v1,Labour Market & Employment,"Work, employment, earnings, job quality, workforce dynamics, skills demand and labour-market transitions.",,,,,Migration & Demographics,"Population structure and change, migration, fertility, ageing and mortality as a demographic outcome.",,,,,,,,,,,,,,,,,Descriptive Monitoring,"Measuring and describing levels, distributions, patterns or trends across places, populations or time, without primarily testing an exposure–outcome relationship.",,,,,,,,,,,Demographic disparities / equity tag,Comparisons across demographic or equality-relevant groups are central; socioeconomic inequality alone or routine subgroup breakdowns do not qualify.,0,,,,,COVID-19 & Pandemic,"COVID-19 or pandemic conditions are a central research focus or lens, not merely the period covered by the data.",0,,,,,,,,,,,,,,,,0
OWNER_015,project_review,5,,,,,,,,,,,,,,,,,,REV-TSYE-GM36,2024/221,2024/221,"Beta-testing indicators for veteran status, gender identity and sexual orientation from the 2021 census for England and Wales using the ONS Longitudinal Study",Office for National Statistics: ONS Longitudinal Study - England and Wales,,20260601-cleaned-1308,dea-validation-production-20260702-fable5-dict-1.0-rc2,1.0-rc2,6f4ff530a3620167c37dc0ddee927ac592ca4ea2410c663535674503f811e299,owner-redcap-candidate-0.4,project-owner-taxonomy-display-v1,Data Infrastructure & Methodology,"Data or methodology as the primary research object, rather than tools used for another question.",,,,,,,,,,,,,,,,,,,,,,,Methodological / Infrastructure Research,"Developing, testing, validating or improving research methods, measures, linkage approaches, infrastructure or data assets.",,,,,,,,,,,Demographic disparities / equity tag,Comparisons across demographic or equality-relevant groups are central; socioeconomic inequality alone or routine subgroup breakdowns do not qualify.,0,,,,,COVID-19 & Pandemic,"COVID-19 or pandemic conditions are a central research focus or lens, not merely the period covered by the data.",0,,,,,,,,,,,,,,,,0
OWNER_015,project_review,6,,,,,,,,,,,,,,,,,,REV-UE8P-7V9T,2025/128,2025/128,Evaluation of the N50K Programme,NMC: Nursing and Midwifery Council Register - UK,,20260601-cleaned-1308,dea-validation-production-20260702-fable5-dict-1.0-rc2,1.0-rc2,6f4ff530a3620167c37dc0ddee927ac592ca4ea2410c663535674503f811e299,owner-redcap-candidate-0.4,project-owner-taxonomy-display-v1,Health & Social Care,"Health, illness, mental health, wellbeing, mortality as a health outcome, healthcare services and social care.",,,,,Labour Market & Employment,"Work, employment, earnings, job quality, workforce dynamics, skills demand and labour-market transitions.",,,,,,,,,,,,,,,,,Policy Evaluation / Impact Analysis,"Assessing the implementation, effects or consequences of a specific named policy, programme, regulation or intervention.",,,,,,,,,,,Demographic disparities / equity tag,Comparisons across demographic or equality-relevant groups are central; socioeconomic inequality alone or routine subgroup breakdowns do not qualify.,0,,,,,COVID-19 & Pandemic,"COVID-19 or pandemic conditions are a central research focus or lens, not merely the period covered by the data.",0,,,,,,,,,,,,,,,,0
OWNER_015,project_review,7,,,,,,,,,,,,,,,,,,REV-9RKJ-5Z9A,2025/197,2025/197,Using the Scottish LEO to understand transitions from university to practice amongst nursing students.,"DfE, DWP, HMRC and Scottish Government: LEO Scotland",,20260601-cleaned-1308,dea-validation-production-20260702-fable5-dict-1.0-rc2,1.0-rc2,6f4ff530a3620167c37dc0ddee927ac592ca4ea2410c663535674503f811e299,owner-redcap-candidate-0.4,project-owner-taxonomy-display-v1,Education & Skills,"Education, learning, training, skills formation and transitions through education systems and into work.",,,,,Labour Market & Employment,"Work, employment, earnings, job quality, workforce dynamics, skills demand and labour-market transitions.",,,,,,,,,,,,,,,,,Life-Course / Trajectory Analysis,"Following people, households, firms or cases over time to understand trajectories, transitions or cumulative outcomes.",,,,,,,,,,,Demographic disparities / equity tag,Comparisons across demographic or equality-relevant groups are central; socioeconomic inequality alone or routine subgroup breakdowns do not qualify.,0,,,,,COVID-19 & Pandemic,"COVID-19 or pandemic conditions are a central research focus or lens, not merely the period covered by the data.",0,,,,,,,,,,,,,,,,0
OWNER_010,,,project-owner-information-v3.2,owner-consent-v3,owner-redcap-candidate-0.4,,,,,,,,,,,,,,,,,,,,,,,,,,,,,,,,,,,,,,,,,,,,,,,,,,,,,,,,,,,,,,,,,,,,,,,,,,,,,,,,,,,,,,,0,
OWNER_010,project_review,1,,,,,,,,,,,,,,,,,,REV-WJSK-6CWT,2021/138,2021/138,Construction of Input-Output Tables for the Economy of Shetland Islands,"Office for National Statistics: Business Structure Database , Annual Business Survey, Annual Population Survey",,20260601-cleaned-1308,dea-validation-production-20260702-fable5-dict-1.0-rc2,1.0-rc2,6f4ff530a3620167c37dc0ddee927ac592ca4ea2410c663535674503f811e299,owner-redcap-candidate-0.4,project-owner-taxonomy-display-v1,Business & Productivity,"Firms, business activity, innovation, productivity, entrepreneurship, trade, investment and business performance.",,,,,Data Infrastructure & Methodology,"Data or methodology as the primary research object, rather than tools used for another question.",,,,,,,,,,,,,,,,,Methodological / Infrastructure Research,"Developing, testing, validating or improving research methods, measures, linkage approaches, infrastructure or data assets.",,,,,,,,,,,Demographic disparities / equity tag,Comparisons across demographic or equality-relevant groups are central; socioeconomic inequality alone or routine subgroup breakdowns do not qualify.,0,,,,,COVID-19 & Pandemic,"COVID-19 or pandemic conditions are a central research focus or lens, not merely the period covered by the data.",0,,,,,,,,,,,,,,,,0
OWNER_010,project_review,2,,,,,,,,,,,,,,,,,,REV-84G8-AKPM,2021/145,2021/145,"Economic, Social and Environmental Multipliers for the Construction and Build Environment Activity in Scotland","Office for National Statistics: Annual Business Survey, Annual Population Survey, Annual Purchases Survey, Business Structure Database, Labour Force Survey",,20260601-cleaned-1308,dea-validation-production-20260702-fable5-dict-1.0-rc2,1.0-rc2,6f4ff530a3620167c37dc0ddee927ac592ca4ea2410c663535674503f811e299,owner-redcap-candidate-0.4,project-owner-taxonomy-display-v1,Business & Productivity,"Firms, business activity, innovation, productivity, entrepreneurship, trade, investment and business performance.",,,,,Environment & Agriculture,"Environment, climate, energy, agriculture, land use, pollution, decarbonisation and environmental impacts.",,,,,Labour Market & Employment,"Work, employment, earnings, job quality, workforce dynamics, skills demand and labour-market transitions.",,,,,,,,,,,Descriptive Monitoring,"Measuring and describing levels, distributions, patterns or trends across places, populations or time, without primarily testing an exposure–outcome relationship.",,,,,,,,,,,Demographic disparities / equity tag,Comparisons across demographic or equality-relevant groups are central; socioeconomic inequality alone or routine subgroup breakdowns do not qualify.,0,,,,,COVID-19 & Pandemic,"COVID-19 or pandemic conditions are a central research focus or lens, not merely the period covered by the data.",0,,,,,,,,,,,,,,,,0
OWNER_010,project_review,3,,,,,,,,,,,,,,,,,,REV-4GZJ-EJPH,2022/175,2022/175,Trade in Northern Ireland: Characteristics of Firms and Workers,"Northern Ireland Statistics and Research Agency: Northern Ireland Annual Business Inquiry, Broad Economy Sales and Exports Statistics, Business Register and Employment Survey",,20260601-cleaned-1308,dea-validation-production-20260702-fable5-dict-1.0-rc2,1.0-rc2,6f4ff530a3620167c37dc0ddee927ac592ca4ea2410c663535674503f811e299,owner-redcap-candidate-0.4,project-owner-taxonomy-display-v1,Business & Productivity,"Firms, business activity, innovation, productivity, entrepreneurship, trade, investment and business performance.",,,,,Labour Market & Employment,"Work, employment, earnings, job quality, workforce dynamics, skills demand and labour-market transitions.",,,,,,,,,,,,,,,,,Descriptive Monitoring,"Measuring and describing levels, distributions, patterns or trends across places, populations or time, without primarily testing an exposure–outcome relationship.",,,,,,,,,,,Demographic disparities / equity tag,Comparisons across demographic or equality-relevant groups are central; socioeconomic inequality alone or routine subgroup breakdowns do not qualify.,0,,,,,COVID-19 & Pandemic,"COVID-19 or pandemic conditions are a central research focus or lens, not merely the period covered by the data.",0,,,,,,,,,,,,,,,,0
OWNER_010,project_review,4,,,,,,,,,,,,,,,,,,REV-MPGR-UV9G,2023/069,2023/069,The economic and socio-economic impacts of trade on the UK labour market,"Office for National Statistics: Annual Business Survey - UK, Annual Purchases Survey - UK, International Trade in Services - UK, UK Manufacturers Sales by Product Survey, Annual Survey of Goods and Services - UK, Business Structure Database - UK, Annual Survey of Hours and Earnings - UK, Business Register Employment Survey - UK
Office for National Statistics, HM Revenue & Customs: Linked Trade-in-Goods/Inter-Departmental Business Register - UK",,20260601-cleaned-1308,dea-validation-production-20260702-fable5-dict-1.0-rc2,1.0-rc2,6f4ff530a3620167c37dc0ddee927ac592ca4ea2410c663535674503f811e299,owner-redcap-candidate-0.4,project-owner-taxonomy-display-v1,Labour Market & Employment,"Work, employment, earnings, job quality, workforce dynamics, skills demand and labour-market transitions.",,,,,Business & Productivity,"Firms, business activity, innovation, productivity, entrepreneurship, trade, investment and business performance.",,,,,,,,,,,,,,,,,Outcome Tracking,"Linking a naturally occurring exposure, condition or event to a later outcome, where the exposure is not a deliberate policy or programme.",,,,,,,,,,,Demographic disparities / equity tag,Comparisons across demographic or equality-relevant groups are central; socioeconomic inequality alone or routine subgroup breakdowns do not qualify.,0,,,,,COVID-19 & Pandemic,"COVID-19 or pandemic conditions are a central research focus or lens, not merely the period covered by the data.",0,,,,,,,,,,,,,,,,0
OWNER_010,project_review,5,,,,,,,,,,,,,,,,,,REV-WCC2-K53B,2023/070,2023/070,The economic and socio-economic impacts of trade on the UK labour market (Census Data),"Office for National Statistics: Annual Survey of Hours and Earnings linked to 2011 Census - England and Wales, International Trade in Services - UK
Office for National Statistics, HM Revenue & Customs: Linked Trade-in-Goods/Inter-Departmental Business Register - UK",,20260601-cleaned-1308,dea-validation-production-20260702-fable5-dict-1.0-rc2,1.0-rc2,6f4ff530a3620167c37dc0ddee927ac592ca4ea2410c663535674503f811e299,owner-redcap-candidate-0.4,project-owner-taxonomy-display-v1,Labour Market & Employment,"Work, employment, earnings, job quality, workforce dynamics, skills demand and labour-market transitions.",,,,,Business & Productivity,"Firms, business activity, innovation, productivity, entrepreneurship, trade, investment and business performance.",,,,,,,,,,,,,,,,,Outcome Tracking,"Linking a naturally occurring exposure, condition or event to a later outcome, where the exposure is not a deliberate policy or programme.",,,,,,,,,,,Demographic disparities / equity tag,Comparisons across demographic or equality-relevant groups are central; socioeconomic inequality alone or routine subgroup breakdowns do not qualify.,0,,,,,COVID-19 & Pandemic,"COVID-19 or pandemic conditions are a central research focus or lens, not merely the period covered by the data.",0,,,,,,,,,,,,,,,,0
OWNER_010,project_review,6,,,,,,,,,,,,,,,,,,REV-X2TJ-8YQN,2024/076,2024/076,ESCoE: Measuring the contribution of the voluntary sector,"Office for National Statistics: Labour Force Survey Person - UK, Bespoke National Council for Voluntary Organisation - UK",,20260601-cleaned-1308,dea-validation-production-20260702-fable5-dict-1.0-rc2,1.0-rc2,6f4ff530a3620167c37dc0ddee927ac592ca4ea2410c663535674503f811e299,owner-redcap-candidate-0.4,project-owner-taxonomy-display-v1,Business & Productivity,"Firms, business activity, innovation, productivity, entrepreneurship, trade, investment and business performance.",,,,,,,,,,,,,,,,,,,,,,,Descriptive Monitoring,"Measuring and describing levels, distributions, patterns or trends across places, populations or time, without primarily testing an exposure–outcome relationship.",,,,,Methodological / Infrastructure Research,"Developing, testing, validating or improving research methods, measures, linkage approaches, infrastructure or data assets.",,,,,Demographic disparities / equity tag,Comparisons across demographic or equality-relevant groups are central; socioeconomic inequality alone or routine subgroup breakdowns do not qualify.,0,,,,,COVID-19 & Pandemic,"COVID-19 or pandemic conditions are a central research focus or lens, not merely the period covered by the data.",0,,,,,,,,,,,,,,,,0
OWNER_010,project_review,7,,,,,,,,,,,,,,,,,,REV-AYJ5-JKAV,2025/267,2025/267,Labour market potential for progression and participation in Scotland,Office for National Statistics: Annual Population Survey,,20260601-cleaned-1308,dea-validation-production-20260702-fable5-dict-1.0-rc2,1.0-rc2,6f4ff530a3620167c37dc0ddee927ac592ca4ea2410c663535674503f811e299,owner-redcap-candidate-0.4,project-owner-taxonomy-display-v1,Labour Market & Employment,"Work, employment, earnings, job quality, workforce dynamics, skills demand and labour-market transitions.",,,,,,,,,,,,,,,,,,,,,,,Descriptive Monitoring,"Measuring and describing levels, distributions, patterns or trends across places, populations or time, without primarily testing an exposure–outcome relationship.",,,,,,,,,,,Demographic disparities / equity tag,Comparisons across demographic or equality-relevant groups are central; socioeconomic inequality alone or routine subgroup breakdowns do not qualify.,0,,,,,COVID-19 & Pandemic,"COVID-19 or pandemic conditions are a central research focus or lens, not merely the period covered by the data.",0,,,,,,,,,,,,,,,,0
OWNER_016,,,project-owner-information-v3.2,owner-consent-v3,owner-redcap-candidate-0.4,,,,,,,,,,,,,,,,,,,,,,,,,,,,,,,,,,,,,,,,,,,,,,,,,,,,,,,,,,,,,,,,,,,,,,,,,,,,,,,,,,,,,,,0,
OWNER_016,project_review,1,,,,,,,,,,,,,,,,,,REV-MPXP-DXHY,2021/022,2021/022,What Drives Differences in Labour Market Outcomes of Ethnic Minorities and Immigrants relative to White Natives in the UK,Office for National Statistics: Labour Force Survey,,20260601-cleaned-1308,dea-validation-production-20260702-fable5-dict-1.0-rc2,1.0-rc2,6f4ff530a3620167c37dc0ddee927ac592ca4ea2410c663535674503f811e299,owner-redcap-candidate-0.4,project-owner-taxonomy-display-v1,Labour Market & Employment,"Work, employment, earnings, job quality, workforce dynamics, skills demand and labour-market transitions.",,,,,,,,,,,,,,,,,,,,,,,Outcome Tracking,"Linking a naturally occurring exposure, condition or event to a later outcome, where the exposure is not a deliberate policy or programme.",,,,,,,,,,,Demographic disparities / equity tag,Comparisons across demographic or equality-relevant groups are central; socioeconomic inequality alone or routine subgroup breakdowns do not qualify.,1,,,,,COVID-19 & Pandemic,"COVID-19 or pandemic conditions are a central research focus or lens, not merely the period covered by the data.",0,,,,,,,,,,,,,,,,0
OWNER_016,project_review,2,,,,,,,,,,,,,,,,,,REV-94TD-4963,2021/140,2021/140,"Well-being, wages, hours of work, and income",Office for National Statistics: Annual Population Survey,,20260601-cleaned-1308,dea-validation-production-20260702-fable5-dict-1.0-rc2,1.0-rc2,6f4ff530a3620167c37dc0ddee927ac592ca4ea2410c663535674503f811e299,owner-redcap-candidate-0.4,project-owner-taxonomy-display-v1,Labour Market & Employment,"Work, employment, earnings, job quality, workforce dynamics, skills demand and labour-market transitions.",,,,,Health & Social Care,"Health, illness, mental health, wellbeing, mortality as a health outcome, healthcare services and social care.",,,,,,,,,,,,,,,,,Outcome Tracking,"Linking a naturally occurring exposure, condition or event to a later outcome, where the exposure is not a deliberate policy or programme.",,,,,,,,,,,Demographic disparities / equity tag,Comparisons across demographic or equality-relevant groups are central; socioeconomic inequality alone or routine subgroup breakdowns do not qualify.,0,,,,,COVID-19 & Pandemic,"COVID-19 or pandemic conditions are a central research focus or lens, not merely the period covered by the data.",0,,,,,,,,,,,,,,,,0
OWNER_016,project_review,3,,,,,,,,,,,,,,,,,,REV-CTYJ-QBYV,2023/013,2023/013,Study of the economic impact of international students' influx - A cultural industry perspective,Office for National Statistics: Quarterly Labour Force Survey,,20260601-cleaned-1308,dea-validation-production-20260702-fable5-dict-1.0-rc2,1.0-rc2,6f4ff530a3620167c37dc0ddee927ac592ca4ea2410c663535674503f811e299,owner-redcap-candidate-0.4,project-owner-taxonomy-display-v1,Migration & Demographics,"Population structure and change, migration, fertility, ageing and mortality as a demographic outcome.",,,,,Business & Productivity,"Firms, business activity, innovation, productivity, entrepreneurship, trade, investment and business performance.",,,,,,,,,,,,,,,,,Outcome Tracking,"Linking a naturally occurring exposure, condition or event to a later outcome, where the exposure is not a deliberate policy or programme.",,,,,,,,,,,Demographic disparities / equity tag,Comparisons across demographic or equality-relevant groups are central; socioeconomic inequality alone or routine subgroup breakdowns do not qualify.,0,,,,,COVID-19 & Pandemic,"COVID-19 or pandemic conditions are a central research focus or lens, not merely the period covered by the data.",0,,,,,,,,,,,,,,,,0
OWNER_016,project_review,4,,,,,,,,,,,,,,,,,,REV-H4WM-VK5T,2023/300,2023/300,"The Impact of Higher Education Expansion on Overeducation, Labour Market Outcomes and Income Distribution in the UK","Office for National Statistics: Labour Force Survey Household - UK, Labour Force Survey Longitudinal - UK, Labour Force Survey Person - UK
Institute for Economic and Social Research: Understanding Society - UK",,20260601-cleaned-1308,dea-validation-production-20260702-fable5-dict-1.0-rc2,1.0-rc2,6f4ff530a3620167c37dc0ddee927ac592ca4ea2410c663535674503f811e299,owner-redcap-candidate-0.4,project-owner-taxonomy-display-v1,Education & Skills,"Education, learning, training, skills formation and transitions through education systems and into work.",,,,,Labour Market & Employment,"Work, employment, earnings, job quality, workforce dynamics, skills demand and labour-market transitions.",,,,,"Poverty, Wealth & Living Standards","Material resources, poverty, wealth, debt, benefits, deprivation, cost of living and household income.",,,,,,,,,,,Policy Evaluation / Impact Analysis,"Assessing the implementation, effects or consequences of a specific named policy, programme, regulation or intervention.",,,,,,,,,,,Demographic disparities / equity tag,Comparisons across demographic or equality-relevant groups are central; socioeconomic inequality alone or routine subgroup breakdowns do not qualify.,0,,,,,COVID-19 & Pandemic,"COVID-19 or pandemic conditions are a central research focus or lens, not merely the period covered by the data.",0,,,,,,,,,,,,,,,,0
OWNER_016,project_review,5,,,,,,,,,,,,,,,,,,REV-8CHY-RW4E,2024/054,2024/054,"The Impact of Higher Education Expansion on Overeducation, Labour Market Outcomes and Income Distribution in the UK","Office for National Statistics: Labour Force Survey Household - UK, Labour Force Survey Longitudinal - UK, Labour Force Survey Person - UK
Institute for Economic and Social Research: Understanding Society - UK",,20260601-cleaned-1308,dea-validation-production-20260702-fable5-dict-1.0-rc2,1.0-rc2,6f4ff530a3620167c37dc0ddee927ac592ca4ea2410c663535674503f811e299,owner-redcap-candidate-0.4,project-owner-taxonomy-display-v1,Education & Skills,"Education, learning, training, skills formation and transitions through education systems and into work.",,,,,Labour Market & Employment,"Work, employment, earnings, job quality, workforce dynamics, skills demand and labour-market transitions.",,,,,,,,,,,,,,,,,Policy Evaluation / Impact Analysis,"Assessing the implementation, effects or consequences of a specific named policy, programme, regulation or intervention.",,,,,,,,,,,Demographic disparities / equity tag,Comparisons across demographic or equality-relevant groups are central; socioeconomic inequality alone or routine subgroup breakdowns do not qualify.,0,,,,,COVID-19 & Pandemic,"COVID-19 or pandemic conditions are a central research focus or lens, not merely the period covered by the data.",0,,,,,,,,,,,,,,,,0
OWNER_016,project_review,6,,,,,,,,,,,,,,,,,,REV-AWDM-V5NF,2025/119,2025/119,The impact of GCSE grading system on STEM subject takeup at ALevel and higher education - Evidence from the introduction of the GCSE number grades,Department for Education: Longitudinal Education,,20260601-cleaned-1308,dea-validation-production-20260702-fable5-dict-1.0-rc2,1.0-rc2,6f4ff530a3620167c37dc0ddee927ac592ca4ea2410c663535674503f811e299,owner-redcap-candidate-0.4,project-owner-taxonomy-display-v1,Education & Skills,"Education, learning, training, skills formation and transitions through education systems and into work.",,,,,,,,,,,,,,,,,,,,,,,Policy Evaluation / Impact Analysis,"Assessing the implementation, effects or consequences of a specific named policy, programme, regulation or intervention.",,,,,,,,,,,Demographic disparities / equity tag,Comparisons across demographic or equality-relevant groups are central; socioeconomic inequality alone or routine subgroup breakdowns do not qualify.,0,,,,,COVID-19 & Pandemic,"COVID-19 or pandemic conditions are a central research focus or lens, not merely the period covered by the data.",0,,,,,,,,,,,,,,,,0
OWNER_016,project_review,7,,,,,,,,,,,,,,,,,,REV-C59N-AWH5,2026/035,2026/035,Demand determinants and elasticities for English higher education,Department for Education: Longitudinal Education Outcomes SRS Iteration 2 Standard Extract - England,,20260601-cleaned-1308,dea-validation-production-20260702-fable5-dict-1.0-rc2,1.0-rc2,6f4ff530a3620167c37dc0ddee927ac592ca4ea2410c663535674503f811e299,owner-redcap-candidate-0.4,project-owner-taxonomy-display-v1,Education & Skills,"Education, learning, training, skills formation and transitions through education systems and into work.",,,,,,,,,,,,,,,,,,,,,,,Outcome Tracking,"Linking a naturally occurring exposure, condition or event to a later outcome, where the exposure is not a deliberate policy or programme.",,,,,,,,,,,Demographic disparities / equity tag,Comparisons across demographic or equality-relevant groups are central; socioeconomic inequality alone or routine subgroup breakdowns do not qualify.,0,,,,,COVID-19 & Pandemic,"COVID-19 or pandemic conditions are a central research focus or lens, not merely the period covered by the data.",0,,,,,,,,,,,,,,,,0
OWNER_019,,,project-owner-information-v3.2,owner-consent-v3,owner-redcap-candidate-0.4,,,,,,,,,,,,,,,,,,,,,,,,,,,,,,,,,,,,,,,,,,,,,,,,,,,,,,,,,,,,,,,,,,,,,,,,,,,,,,,,,,,,,,,0,
OWNER_019,project_review,1,,,,,,,,,,,,,,,,,,REV-QJDJ-PAH7,2020/061,2020/061,IFS Deaton Review: Geographic Inequalities and spatial mobility,"Office for National Statistics: Annual Population Survey, Annual Survey of Hours and Earnings, Census 1961, Census 1971, Census data 1981, Labour Force Survey , Labour Force Survey , New Earnings Survey, Census 2011
Institute for Social and Economic Research:
Understanding Society
Office for National Statistics: Census 2011",,20260601-cleaned-1308,dea-validation-production-20260702-fable5-dict-1.0-rc2,1.0-rc2,6f4ff530a3620167c37dc0ddee927ac592ca4ea2410c663535674503f811e299,owner-redcap-candidate-0.4,project-owner-taxonomy-display-v1,Labour Market & Employment,"Work, employment, earnings, job quality, workforce dynamics, skills demand and labour-market transitions.",,,,,Migration & Demographics,"Population structure and change, migration, fertility, ageing and mortality as a demographic outcome.",,,,,,,,,,,,,,,,,Descriptive Monitoring,"Measuring and describing levels, distributions, patterns or trends across places, populations or time, without primarily testing an exposure–outcome relationship.",,,,,,,,,,,Demographic disparities / equity tag,Comparisons across demographic or equality-relevant groups are central; socioeconomic inequality alone or routine subgroup breakdowns do not qualify.,0,,,,,COVID-19 & Pandemic,"COVID-19 or pandemic conditions are a central research focus or lens, not merely the period covered by the data.",0,,,,,,,,,,,,,,,,0
OWNER_019,project_review,2,,,,,,,,,,,,,,,,,,REV-UM4V-755S,2020/071,2020/071,"Modelling the effects of pandemic control measures and financial support on businesses, regions and households","Office for National Statistics: Annual Business Survey, Business Impact of COVID-19 Survey, Business Structure Database, Monthly Business Survey & Quarterly Survey of Financial Assets and Liabilities",,20260601-cleaned-1308,dea-validation-production-20260702-fable5-dict-1.0-rc2,1.0-rc2,6f4ff530a3620167c37dc0ddee927ac592ca4ea2410c663535674503f811e299,owner-redcap-candidate-0.4,project-owner-taxonomy-display-v1,Business & Productivity,"Firms, business activity, innovation, productivity, entrepreneurship, trade, investment and business performance.",,,,,"Poverty, Wealth & Living Standards","Material resources, poverty, wealth, debt, benefits, deprivation, cost of living and household income.",,,,,,,,,,,,,,,,,Policy Evaluation / Impact Analysis,"Assessing the implementation, effects or consequences of a specific named policy, programme, regulation or intervention.",,,,,,,,,,,Demographic disparities / equity tag,Comparisons across demographic or equality-relevant groups are central; socioeconomic inequality alone or routine subgroup breakdowns do not qualify.,0,,,,,COVID-19 & Pandemic,"COVID-19 or pandemic conditions are a central research focus or lens, not merely the period covered by the data.",1,,,,,,,,,,,,,,,,0
OWNER_019,project_review,3,,,,,,,,,,,,,,,,,,REV-Q2QZ-YNNE,2020/089,2020/089,Welfare and spending impact of COVID-19,Office for National Statistics: Living Costs and Food Survey,,20260601-cleaned-1308,dea-validation-production-20260702-fable5-dict-1.0-rc2,1.0-rc2,6f4ff530a3620167c37dc0ddee927ac592ca4ea2410c663535674503f811e299,owner-redcap-candidate-0.4,project-owner-taxonomy-display-v1,"Poverty, Wealth & Living Standards","Material resources, poverty, wealth, debt, benefits, deprivation, cost of living and household income.",,,,,,,,,,,,,,,,,,,,,,,Outcome Tracking,"Linking a naturally occurring exposure, condition or event to a later outcome, where the exposure is not a deliberate policy or programme.",,,,,,,,,,,Demographic disparities / equity tag,Comparisons across demographic or equality-relevant groups are central; socioeconomic inequality alone or routine subgroup breakdowns do not qualify.,0,,,,,COVID-19 & Pandemic,"COVID-19 or pandemic conditions are a central research focus or lens, not merely the period covered by the data.",1,,,,,,,,,,,,,,,,0
OWNER_019,project_review,4,,,,,,,,,,,,,,,,,,REV-HYPN-UDH5,2022/088,2022/088,Trade shocks and consumer prices,"Office for National Statistics: Business Structure Database UK, Consumer Prices Indices, Producer Price Index",,20260601-cleaned-1308,dea-validation-production-20260702-fable5-dict-1.0-rc2,1.0-rc2,6f4ff530a3620167c37dc0ddee927ac592ca4ea2410c663535674503f811e299,owner-redcap-candidate-0.4,project-owner-taxonomy-display-v1,Business & Productivity,"Firms, business activity, innovation, productivity, entrepreneurship, trade, investment and business performance.",,,,,,,,,,,,,,,,,,,,,,,Outcome Tracking,"Linking a naturally occurring exposure, condition or event to a later outcome, where the exposure is not a deliberate policy or programme.",,,,,,,,,,,Demographic disparities / equity tag,Comparisons across demographic or equality-relevant groups are central; socioeconomic inequality alone or routine subgroup breakdowns do not qualify.,0,,,,,COVID-19 & Pandemic,"COVID-19 or pandemic conditions are a central research focus or lens, not merely the period covered by the data.",0,,,,,,,,,,,,,,,,0
OWNER_019,project_review,5,,,,,,,,,,,,,,,,,,REV-4SN5-CZR7,2022/160,2022/160,Intergenerational transfers and the transmission of inequality,Office for National Statistics: ONS Longitudinal Study,,20260601-cleaned-1308,dea-validation-production-20260702-fable5-dict-1.0-rc2,1.0-rc2,6f4ff530a3620167c37dc0ddee927ac592ca4ea2410c663535674503f811e299,owner-redcap-candidate-0.4,project-owner-taxonomy-display-v1,"Poverty, Wealth & Living Standards","Material resources, poverty, wealth, debt, benefits, deprivation, cost of living and household income.",,,,,,,,,,,,,,,,,,,,,,,Life-Course / Trajectory Analysis,"Following people, households, firms or cases over time to understand trajectories, transitions or cumulative outcomes.",,,,,,,,,,,Demographic disparities / equity tag,Comparisons across demographic or equality-relevant groups are central; socioeconomic inequality alone or routine subgroup breakdowns do not qualify.,0,,,,,COVID-19 & Pandemic,"COVID-19 or pandemic conditions are a central research focus or lens, not merely the period covered by the data.",0,,,,,,,,,,,,,,,,0
OWNER_019,project_review,6,,,,,,,,,,,,,,,,,,REV-7AGB-MWYT,2023/211,2023/211,ESCoE: Local Consumption and National Sustainable Well-being,"Office for National Statistics: Annual Population Survey - UK, Labour Force Survey Person - UK, Living Costs and Food Survey - UK
Institute for Economic and Social Research: Understanding Society - UK",,20260601-cleaned-1308,dea-validation-production-20260702-fable5-dict-1.0-rc2,1.0-rc2,6f4ff530a3620167c37dc0ddee927ac592ca4ea2410c663535674503f811e299,owner-redcap-candidate-0.4,project-owner-taxonomy-display-v1,"Poverty, Wealth & Living Standards","Material resources, poverty, wealth, debt, benefits, deprivation, cost of living and household income.",,,,,Data Infrastructure & Methodology,"Data or methodology as the primary research object, rather than tools used for another question.",,,,,,,,,,,,,,,,,Methodological / Infrastructure Research,"Developing, testing, validating or improving research methods, measures, linkage approaches, infrastructure or data assets.",,,,,Descriptive Monitoring,"Measuring and describing levels, distributions, patterns or trends across places, populations or time, without primarily testing an exposure–outcome relationship.",,,,,Demographic disparities / equity tag,Comparisons across demographic or equality-relevant groups are central; socioeconomic inequality alone or routine subgroup breakdowns do not qualify.,0,,,,,COVID-19 & Pandemic,"COVID-19 or pandemic conditions are a central research focus or lens, not merely the period covered by the data.",0,,,,,,,,,,,,,,,,0
OWNER_019,project_review,7,,,,,,,,,,,,,,,,,,REV-AF9Q-7QN8,2026/027,2026/027,Economic Statistics Centre of Excellence (ESCoE): Advancing Labour Market Measurement with Generative Artificial Intelligence (AI),"Office for National Statistics: Labour Force Survey Person - UK, Annual Survey of Hours and Earnings linked to PAYE and Self-Assessment data - GB, Annual Survey of Hours and Earnings Longitudinal - UK, Annual Population Survey Longitudinal - UK",,20260601-cleaned-1308,dea-validation-production-20260702-fable5-dict-1.0-rc2,1.0-rc2,6f4ff530a3620167c37dc0ddee927ac592ca4ea2410c663535674503f811e299,owner-redcap-candidate-0.4,project-owner-taxonomy-display-v1,Data Infrastructure & Methodology,"Data or methodology as the primary research object, rather than tools used for another question.",,,,,Labour Market & Employment,"Work, employment, earnings, job quality, workforce dynamics, skills demand and labour-market transitions.",,,,,,,,,,,,,,,,,Methodological / Infrastructure Research,"Developing, testing, validating or improving research methods, measures, linkage approaches, infrastructure or data assets.",,,,,,,,,,,Demographic disparities / equity tag,Comparisons across demographic or equality-relevant groups are central; socioeconomic inequality alone or routine subgroup breakdowns do not qualify.,0,,,,,COVID-19 & Pandemic,"COVID-19 or pandemic conditions are a central research focus or lens, not merely the period covered by the data.",0,,,,,,,,,,,,,,,,0
OWNER_019,project_review,8,,,,,,,,,,,,,,,,,,REV-SKQ8-8AWZ,2026/076,2026/076,Explaining long-run trends in fertility,"Office for National Statistics: Census 1961, Census 1971",,20260601-cleaned-1308,dea-validation-production-20260702-fable5-dict-1.0-rc2,1.0-rc2,6f4ff530a3620167c37dc0ddee927ac592ca4ea2410c663535674503f811e299,owner-redcap-candidate-0.4,project-owner-taxonomy-display-v1,Migration & Demographics,"Population structure and change, migration, fertility, ageing and mortality as a demographic outcome.",,,,,,,,,,,,,,,,,,,,,,,Descriptive Monitoring,"Measuring and describing levels, distributions, patterns or trends across places, populations or time, without primarily testing an exposure–outcome relationship.",,,,,,,,,,,Demographic disparities / equity tag,Comparisons across demographic or equality-relevant groups are central; socioeconomic inequality alone or routine subgroup breakdowns do not qualify.,0,,,,,COVID-19 & Pandemic,"COVID-19 or pandemic conditions are a central research focus or lens, not merely the period covered by the data.",0,,,,,,,,,,,,,,,,0
OWNER_008,,,project-owner-information-v3.2,owner-consent-v3,owner-redcap-candidate-0.4,,,,,,,,,,,,,,,,,,,,,,,,,,,,,,,,,,,,,,,,,,,,,,,,,,,,,,,,,,,,,,,,,,,,,,,,,,,,,,,,,,,,,,,0,
OWNER_008,project_review,1,,,,,,,,,,,,,,,,,,REV-2RHW-MP8D,2020/092,2020/092,Understanding Recent Fertility in the UK and Improving Methodologies for Fertility Forecasting,Office for National Statistics: ONS Longitudinal Study of England and Wales,,20260601-cleaned-1308,dea-validation-production-20260702-fable5-dict-1.0-rc2,1.0-rc2,6f4ff530a3620167c37dc0ddee927ac592ca4ea2410c663535674503f811e299,owner-redcap-candidate-0.4,project-owner-taxonomy-display-v1,Migration & Demographics,"Population structure and change, migration, fertility, ageing and mortality as a demographic outcome.",,,,,Data Infrastructure & Methodology,"Data or methodology as the primary research object, rather than tools used for another question.",,,,,,,,,,,,,,,,,Descriptive Monitoring,"Measuring and describing levels, distributions, patterns or trends across places, populations or time, without primarily testing an exposure–outcome relationship.",,,,,Methodological / Infrastructure Research,"Developing, testing, validating or improving research methods, measures, linkage approaches, infrastructure or data assets.",,,,,Demographic disparities / equity tag,Comparisons across demographic or equality-relevant groups are central; socioeconomic inequality alone or routine subgroup breakdowns do not qualify.,0,,,,,COVID-19 & Pandemic,"COVID-19 or pandemic conditions are a central research focus or lens, not merely the period covered by the data.",0,,,,,,,,,,,,,,,,0
OWNER_008,project_review,2,,,,,,,,,,,,,,,,,,REV-TGM2-8MD9,2021/083,2021/083,Cancer diagnosis and outcomes amongst Pakistanis and their descendants in England and Wales,Office for National Statistics: Longitudinal Study of England and Wales,,20260601-cleaned-1308,dea-validation-production-20260702-fable5-dict-1.0-rc2,1.0-rc2,6f4ff530a3620167c37dc0ddee927ac592ca4ea2410c663535674503f811e299,owner-redcap-candidate-0.4,project-owner-taxonomy-display-v1,Health & Social Care,"Health, illness, mental health, wellbeing, mortality as a health outcome, healthcare services and social care.",,,,,,,,,,,,,,,,,,,,,,,Outcome Tracking,"Linking a naturally occurring exposure, condition or event to a later outcome, where the exposure is not a deliberate policy or programme.",,,,,,,,,,,Demographic disparities / equity tag,Comparisons across demographic or equality-relevant groups are central; socioeconomic inequality alone or routine subgroup breakdowns do not qualify.,1,,,,,COVID-19 & Pandemic,"COVID-19 or pandemic conditions are a central research focus or lens, not merely the period covered by the data.",0,,,,,,,,,,,,,,,,0
OWNER_008,project_review,3,,,,,,,,,,,,,,,,,,REV-T4QF-MXBV,2021/087,2021/087,Examining new spatial and social mobilities to understand the shaping of geographical inequalities across the UK,Office for National Statistics: Longitudinal Study of England and Wales,,20260601-cleaned-1308,dea-validation-production-20260702-fable5-dict-1.0-rc2,1.0-rc2,6f4ff530a3620167c37dc0ddee927ac592ca4ea2410c663535674503f811e299,owner-redcap-candidate-0.4,project-owner-taxonomy-display-v1,Migration & Demographics,"Population structure and change, migration, fertility, ageing and mortality as a demographic outcome.",,,,,Labour Market & Employment,"Work, employment, earnings, job quality, workforce dynamics, skills demand and labour-market transitions.",,,,,,,,,,,,,,,,,Life-Course / Trajectory Analysis,"Following people, households, firms or cases over time to understand trajectories, transitions or cumulative outcomes.",,,,,,,,,,,Demographic disparities / equity tag,Comparisons across demographic or equality-relevant groups are central; socioeconomic inequality alone or routine subgroup breakdowns do not qualify.,0,,,,,COVID-19 & Pandemic,"COVID-19 or pandemic conditions are a central research focus or lens, not merely the period covered by the data.",0,,,,,,,,,,,,,,,,0
OWNER_008,project_review,4,,,,,,,,,,,,,,,,,,REV-H7WF-KMES,2022/007,2022/007,Exploring Fertility Differentials in the 2011 Census,"Office for National Statistics: Secure Census 2011 England & Wales, Household Sample
Northern Ireland Statistics and Research Agency: Census 2011 NI, Household Sample
Scottish Government: Secure Census 2011 Scotland, Household Sample",,20260601-cleaned-1308,dea-validation-production-20260702-fable5-dict-1.0-rc2,1.0-rc2,6f4ff530a3620167c37dc0ddee927ac592ca4ea2410c663535674503f811e299,owner-redcap-candidate-0.4,project-owner-taxonomy-display-v1,Migration & Demographics,"Population structure and change, migration, fertility, ageing and mortality as a demographic outcome.",,,,,,,,,,,,,,,,,,,,,,,Descriptive Monitoring,"Measuring and describing levels, distributions, patterns or trends across places, populations or time, without primarily testing an exposure–outcome relationship.",,,,,,,,,,,Demographic disparities / equity tag,Comparisons across demographic or equality-relevant groups are central; socioeconomic inequality alone or routine subgroup breakdowns do not qualify.,0,,,,,COVID-19 & Pandemic,"COVID-19 or pandemic conditions are a central research focus or lens, not merely the period covered by the data.",0,,,,,,,,,,,,,,,,0
OWNER_008,project_review,5,,,,,,,,,,,,,,,,,,REV-6CM7-UTF7,2023/294,2023/294,Socio-demographic inequalities and the role of contextual factors in shaping housing trajectories of immigrants and their descendants in England and Wales,Office for National Statistics: ONS Longitudinal Study - England and Wales,,20260601-cleaned-1308,dea-validation-production-20260702-fable5-dict-1.0-rc2,1.0-rc2,6f4ff530a3620167c37dc0ddee927ac592ca4ea2410c663535674503f811e299,owner-redcap-candidate-0.4,project-owner-taxonomy-display-v1,Housing & Planning,"Housing, homelessness, tenure, residential conditions and mobility, neighbourhood change and planning systems.",,,,,Migration & Demographics,"Population structure and change, migration, fertility, ageing and mortality as a demographic outcome.",,,,,,,,,,,,,,,,,Life-Course / Trajectory Analysis,"Following people, households, firms or cases over time to understand trajectories, transitions or cumulative outcomes.",,,,,,,,,,,Demographic disparities / equity tag,Comparisons across demographic or equality-relevant groups are central; socioeconomic inequality alone or routine subgroup breakdowns do not qualify.,1,,,,,COVID-19 & Pandemic,"COVID-19 or pandemic conditions are a central research focus or lens, not merely the period covered by the data.",0,,,,,,,,,,,,,,,,0
OWNER_008,project_review,6,,,,,,,,,,,,,,,,,,REV-CHHX-Y8W4,2024/027,2024/027,Mortality of immigrants and their descendants in two destination contexts: Using administrative data to compare England and Wales to Norway,Office for National Statistics: ONS Longitudinal Study - England and Wales,,20260601-cleaned-1308,dea-validation-production-20260702-fable5-dict-1.0-rc2,1.0-rc2,6f4ff530a3620167c37dc0ddee927ac592ca4ea2410c663535674503f811e299,owner-redcap-candidate-0.4,project-owner-taxonomy-display-v1,Migration & Demographics,"Population structure and change, migration, fertility, ageing and mortality as a demographic outcome.",,,,,,,,,,,,,,,,,,,,,,,Outcome Tracking,"Linking a naturally occurring exposure, condition or event to a later outcome, where the exposure is not a deliberate policy or programme.",,,,,,,,,,,Demographic disparities / equity tag,Comparisons across demographic or equality-relevant groups are central; socioeconomic inequality alone or routine subgroup breakdowns do not qualify.,1,,,,,COVID-19 & Pandemic,"COVID-19 or pandemic conditions are a central research focus or lens, not merely the period covered by the data.",0,,,,,,,,,,,,,,,,0
OWNER_008,project_review,7,,,,,,,,,,,,,,,,,,REV-WCJH-8HRU,2024/146,2024/146,Socio-demographic inequalities and the role of contextual factors in shaping housing trajectories of immigrants and their descendants in England and Wales,Office for National Statistics: ONS Longitudinal Study - England and Wales,,20260601-cleaned-1308,dea-validation-production-20260702-fable5-dict-1.0-rc2,1.0-rc2,6f4ff530a3620167c37dc0ddee927ac592ca4ea2410c663535674503f811e299,owner-redcap-candidate-0.4,project-owner-taxonomy-display-v1,Housing & Planning,"Housing, homelessness, tenure, residential conditions and mobility, neighbourhood change and planning systems.",,,,,Migration & Demographics,"Population structure and change, migration, fertility, ageing and mortality as a demographic outcome.",,,,,,,,,,,,,,,,,Life-Course / Trajectory Analysis,"Following people, households, firms or cases over time to understand trajectories, transitions or cumulative outcomes.",,,,,,,,,,,Demographic disparities / equity tag,Comparisons across demographic or equality-relevant groups are central; socioeconomic inequality alone or routine subgroup breakdowns do not qualify.,1,,,,,COVID-19 & Pandemic,"COVID-19 or pandemic conditions are a central research focus or lens, not merely the period covered by the data.",0,,,,,,,,,,,,,,,,0
OWNER_013,,,project-owner-information-v3.2,owner-consent-v3,owner-redcap-candidate-0.4,,,,,,,,,,,,,,,,,,,,,,,,,,,,,,,,,,,,,,,,,,,,,,,,,,,,,,,,,,,,,,,,,,,,,,,,,,,,,,,,,,,,,,,0,
OWNER_013,project_review,1,,,,,,,,,,,,,,,,,,REV-GHSK-7XHJ,2020/083,2020/083,Religion and Labour Market Outcomes in England and Wales: 1991-2011,Office for National Statistics: Longitudinal Study of England and Wales,,20260601-cleaned-1308,dea-validation-production-20260702-fable5-dict-1.0-rc2,1.0-rc2,6f4ff530a3620167c37dc0ddee927ac592ca4ea2410c663535674503f811e299,owner-redcap-candidate-0.4,project-owner-taxonomy-display-v1,Labour Market & Employment,"Work, employment, earnings, job quality, workforce dynamics, skills demand and labour-market transitions.",,,,,,,,,,,,,,,,,,,,,,,Outcome Tracking,"Linking a naturally occurring exposure, condition or event to a later outcome, where the exposure is not a deliberate policy or programme.",,,,,,,,,,,Demographic disparities / equity tag,Comparisons across demographic or equality-relevant groups are central; socioeconomic inequality alone or routine subgroup breakdowns do not qualify.,1,,,,,COVID-19 & Pandemic,"COVID-19 or pandemic conditions are a central research focus or lens, not merely the period covered by the data.",0,,,,,,,,,,,,,,,,0
OWNER_013,project_review,2,,,,,,,,,,,,,,,,,,REV-2AV2-EB4Q,2022/072,2022/072,"Research into benefits, benefit reform and interactions with benefits",Office for National Statistics: Racial Disparity Audit Data,,20260601-cleaned-1308,dea-validation-production-20260702-fable5-dict-1.0-rc2,1.0-rc2,6f4ff530a3620167c37dc0ddee927ac592ca4ea2410c663535674503f811e299,owner-redcap-candidate-0.4,project-owner-taxonomy-display-v1,"Poverty, Wealth & Living Standards","Material resources, poverty, wealth, debt, benefits, deprivation, cost of living and household income.",,,,,,,,,,,,,,,,,,,,,,,Policy Evaluation / Impact Analysis,"Assessing the implementation, effects or consequences of a specific named policy, programme, regulation or intervention.",,,,,,,,,,,Demographic disparities / equity tag,Comparisons across demographic or equality-relevant groups are central; socioeconomic inequality alone or routine subgroup breakdowns do not qualify.,1,,,,,COVID-19 & Pandemic,"COVID-19 or pandemic conditions are a central research focus or lens, not merely the period covered by the data.",0,,,,,,,,,,,,,,,,0
OWNER_013,project_review,3,,,,,,,,,,,,,,,,,,REV-JGZS-Q9QJ,2022/133,2022/133,Catholic-Protestant Earnings Differentials in Northern Ireland 2011,Northern Ireland Statistics and Research Agency: Earnings and Employees Study,,20260601-cleaned-1308,dea-validation-production-20260702-fable5-dict-1.0-rc2,1.0-rc2,6f4ff530a3620167c37dc0ddee927ac592ca4ea2410c663535674503f811e299,owner-redcap-candidate-0.4,project-owner-taxonomy-display-v1,Labour Market & Employment,"Work, employment, earnings, job quality, workforce dynamics, skills demand and labour-market transitions.",,,,,,,,,,,,,,,,,,,,,,,Descriptive Monitoring,"Measuring and describing levels, distributions, patterns or trends across places, populations or time, without primarily testing an exposure–outcome relationship.",,,,,,,,,,,Demographic disparities / equity tag,Comparisons across demographic or equality-relevant groups are central; socioeconomic inequality alone or routine subgroup breakdowns do not qualify.,1,,,,,COVID-19 & Pandemic,"COVID-19 or pandemic conditions are a central research focus or lens, not merely the period covered by the data.",0,,,,,,,,,,,,,,,,0
OWNER_013,project_review,4,,,,,,,,,,,,,,,,,,REV-HB68-9QS4,2023/035,2023/035,School Exclusion and Educational and Labour Market Outcomes,"DfE, DWP and HMRC: Longitudinal Education Outcomes SRS Iteration 1 Standard Extract - England",,20260601-cleaned-1308,dea-validation-production-20260702-fable5-dict-1.0-rc2,1.0-rc2,6f4ff530a3620167c37dc0ddee927ac592ca4ea2410c663535674503f811e299,owner-redcap-candidate-0.4,project-owner-taxonomy-display-v1,Education & Skills,"Education, learning, training, skills formation and transitions through education systems and into work.",,,,,Labour Market & Employment,"Work, employment, earnings, job quality, workforce dynamics, skills demand and labour-market transitions.",,,,,,,,,,,,,,,,,Outcome Tracking,"Linking a naturally occurring exposure, condition or event to a later outcome, where the exposure is not a deliberate policy or programme.",,,,,,,,,,,Demographic disparities / equity tag,Comparisons across demographic or equality-relevant groups are central; socioeconomic inequality alone or routine subgroup breakdowns do not qualify.,0,,,,,COVID-19 & Pandemic,"COVID-19 or pandemic conditions are a central research focus or lens, not merely the period covered by the data.",0,,,,,,,,,,,,,,,,0
OWNER_013,project_review,5,,,,,,,,,,,,,,,,,,REV-YXT3-BJ8A,2024/107,2024/107,Universal Free School Meals and Education and Labour Market Outcomes,"DfE, DWP and HMRC: LEO via SRS Iteration 1 Standard Extract",,20260601-cleaned-1308,dea-validation-production-20260702-fable5-dict-1.0-rc2,1.0-rc2,6f4ff530a3620167c37dc0ddee927ac592ca4ea2410c663535674503f811e299,owner-redcap-candidate-0.4,project-owner-taxonomy-display-v1,Education & Skills,"Education, learning, training, skills formation and transitions through education systems and into work.",,,,,Labour Market & Employment,"Work, employment, earnings, job quality, workforce dynamics, skills demand and labour-market transitions.",,,,,,,,,,,,,,,,,Policy Evaluation / Impact Analysis,"Assessing the implementation, effects or consequences of a specific named policy, programme, regulation or intervention.",,,,,,,,,,,Demographic disparities / equity tag,Comparisons across demographic or equality-relevant groups are central; socioeconomic inequality alone or routine subgroup breakdowns do not qualify.,0,,,,,COVID-19 & Pandemic,"COVID-19 or pandemic conditions are a central research focus or lens, not merely the period covered by the data.",0,,,,,,,,,,,,,,,,0
OWNER_013,project_review,6,,,,,,,,,,,,,,,,,,REV-ETZR-X6BJ,2025/014,2025/014,Disaggregating Household Inequality and Poverty in Northern Ireland Using Linked Administrative Data,Northern Ireland Statistics and Research Agency: CGIAD 2019-2020,,20260601-cleaned-1308,dea-validation-production-20260702-fable5-dict-1.0-rc2,1.0-rc2,6f4ff530a3620167c37dc0ddee927ac592ca4ea2410c663535674503f811e299,owner-redcap-candidate-0.4,project-owner-taxonomy-display-v1,"Poverty, Wealth & Living Standards","Material resources, poverty, wealth, debt, benefits, deprivation, cost of living and household income.",,,,,,,,,,,,,,,,,,,,,,,Descriptive Monitoring,"Measuring and describing levels, distributions, patterns or trends across places, populations or time, without primarily testing an exposure–outcome relationship.",,,,,,,,,,,Demographic disparities / equity tag,Comparisons across demographic or equality-relevant groups are central; socioeconomic inequality alone or routine subgroup breakdowns do not qualify.,0,,,,,COVID-19 & Pandemic,"COVID-19 or pandemic conditions are a central research focus or lens, not merely the period covered by the data.",0,,,,,,,,,,,,,,,,0
OWNER_014,,,project-owner-information-v3.2,owner-consent-v3,owner-redcap-candidate-0.4,,,,,,,,,,,,,,,,,,,,,,,,,,,,,,,,,,,,,,,,,,,,,,,,,,,,,,,,,,,,,,,,,,,,,,,,,,,,,,,,,,,,,,,0,
OWNER_014,project_review,1,,,,,,,,,,,,,,,,,,REV-85RS-JC6K,2021/096,2021/096,Analysis of Urban Productivity Spillovers,"Office for National Statistics: Annual Business Survey, Annual Survey of Hours and Earnings, Business Structure Database: Longitudinal",,20260601-cleaned-1308,dea-validation-production-20260702-fable5-dict-1.0-rc2,1.0-rc2,6f4ff530a3620167c37dc0ddee927ac592ca4ea2410c663535674503f811e299,owner-redcap-candidate-0.4,project-owner-taxonomy-display-v1,Business & Productivity,"Firms, business activity, innovation, productivity, entrepreneurship, trade, investment and business performance.",,,,,,,,,,,,,,,,,,,,,,,Outcome Tracking,"Linking a naturally occurring exposure, condition or event to a later outcome, where the exposure is not a deliberate policy or programme.",,,,,,,,,,,Demographic disparities / equity tag,Comparisons across demographic or equality-relevant groups are central; socioeconomic inequality alone or routine subgroup breakdowns do not qualify.,0,,,,,COVID-19 & Pandemic,"COVID-19 or pandemic conditions are a central research focus or lens, not merely the period covered by the data.",0,,,,,,,,,,,,,,,,0
OWNER_014,project_review,2,,,,,,,,,,,,,,,,,,REV-7UUE-8ZAK,2021/101,2021/101,Impact of Catapult Network and UKRI support,"Office for National Statistics: Annual Business Survey, Business Expenditure on Research and Development, Business Structure Database
Department for Business, Energy & Industrial Strategy: UK Innovation Survey",,20260601-cleaned-1308,dea-validation-production-20260702-fable5-dict-1.0-rc2,1.0-rc2,6f4ff530a3620167c37dc0ddee927ac592ca4ea2410c663535674503f811e299,owner-redcap-candidate-0.4,project-owner-taxonomy-display-v1,Business & Productivity,"Firms, business activity, innovation, productivity, entrepreneurship, trade, investment and business performance.",,,,,,,,,,,,,,,,,,,,,,,Policy Evaluation / Impact Analysis,"Assessing the implementation, effects or consequences of a specific named policy, programme, regulation or intervention.",,,,,,,,,,,Demographic disparities / equity tag,Comparisons across demographic or equality-relevant groups are central; socioeconomic inequality alone or routine subgroup breakdowns do not qualify.,0,,,,,COVID-19 & Pandemic,"COVID-19 or pandemic conditions are a central research focus or lens, not merely the period covered by the data.",0,,,,,,,,,,,,,,,,0
OWNER_014,project_review,3,,,,,,,,,,,,,,,,,,REV-963N-BBCQ,2022/176,2022/176,"The local impact of skill deficiencies on performance, productivity and agglomeration","Office for National Statistics: Annual Business Survey, Business Structure Database, Employer Skills Survey, National Employer Skills Survey, Quarterly Labour Force Survey, Research and Development Expenditures and Subsidies, Firm Productivity, Employment Creation and Survival",,20260601-cleaned-1308,dea-validation-production-20260702-fable5-dict-1.0-rc2,1.0-rc2,6f4ff530a3620167c37dc0ddee927ac592ca4ea2410c663535674503f811e299,owner-redcap-candidate-0.4,project-owner-taxonomy-display-v1,Business & Productivity,"Firms, business activity, innovation, productivity, entrepreneurship, trade, investment and business performance.",,,,,Labour Market & Employment,"Work, employment, earnings, job quality, workforce dynamics, skills demand and labour-market transitions.",,,,,,,,,,,,,,,,,Outcome Tracking,"Linking a naturally occurring exposure, condition or event to a later outcome, where the exposure is not a deliberate policy or programme.",,,,,,,,,,,Demographic disparities / equity tag,Comparisons across demographic or equality-relevant groups are central; socioeconomic inequality alone or routine subgroup breakdowns do not qualify.,0,,,,,COVID-19 & Pandemic,"COVID-19 or pandemic conditions are a central research focus or lens, not merely the period covered by the data.",0,,,,,,,,,,,,,,,,0
OWNER_014,project_review,4,,,,,,,,,,,,,,,,,,REV-5K76-K2UQ,2024/057,2024/057,The Role of Trade Agreements in Facilitating Digital Trade,"Office for National Statistics: International Trade in Services - UK, Annual Business Survey - GB, Business Insights and Conditions Survey - UK, E-commerce and Digital Economy Survey - UK, Business Structure Database - UK",,20260601-cleaned-1308,dea-validation-production-20260702-fable5-dict-1.0-rc2,1.0-rc2,6f4ff530a3620167c37dc0ddee927ac592ca4ea2410c663535674503f811e299,owner-redcap-candidate-0.4,project-owner-taxonomy-display-v1,Business & Productivity,"Firms, business activity, innovation, productivity, entrepreneurship, trade, investment and business performance.",,,,,,,,,,,,,,,,,,,,,,,Policy Evaluation / Impact Analysis,"Assessing the implementation, effects or consequences of a specific named policy, programme, regulation or intervention.",,,,,,,,,,,Demographic disparities / equity tag,Comparisons across demographic or equality-relevant groups are central; socioeconomic inequality alone or routine subgroup breakdowns do not qualify.,0,,,,,COVID-19 & Pandemic,"COVID-19 or pandemic conditions are a central research focus or lens, not merely the period covered by the data.",0,,,,,,,,,,,,,,,,0
OWNER_014,project_review,5,,,,,,,,,,,,,,,,,,REV-3VZV-BZ6Y,2024/075,2024/075,Assessing the impacts of publicly funded research and innovation,"Office for National Statistics: Business Structure Database - UK, Annual Business Survey - GB
DBT: UK Innovation Survey",,20260601-cleaned-1308,dea-validation-production-20260702-fable5-dict-1.0-rc2,1.0-rc2,6f4ff530a3620167c37dc0ddee927ac592ca4ea2410c663535674503f811e299,owner-redcap-candidate-0.4,project-owner-taxonomy-display-v1,Business & Productivity,"Firms, business activity, innovation, productivity, entrepreneurship, trade, investment and business performance.",,,,,,,,,,,,,,,,,,,,,,,Policy Evaluation / Impact Analysis,"Assessing the implementation, effects or consequences of a specific named policy, programme, regulation or intervention.",,,,,,,,,,,Demographic disparities / equity tag,Comparisons across demographic or equality-relevant groups are central; socioeconomic inequality alone or routine subgroup breakdowns do not qualify.,0,,,,,COVID-19 & Pandemic,"COVID-19 or pandemic conditions are a central research focus or lens, not merely the period covered by the data.",0,,,,,,,,,,,,,,,,0
OWNER_014,project_review,6,,,,,,,,,,,,,,,,,,REV-39TV-HQDA,2024/137,2024/137,Characterising wage inequality in the UK,"DfE, DWP and HMRC: Longitudinal Education Outcomes SRS Iteration 2 Standard Extract - England",,20260601-cleaned-1308,dea-validation-production-20260702-fable5-dict-1.0-rc2,1.0-rc2,6f4ff530a3620167c37dc0ddee927ac592ca4ea2410c663535674503f811e299,owner-redcap-candidate-0.4,project-owner-taxonomy-display-v1,Labour Market & Employment,"Work, employment, earnings, job quality, workforce dynamics, skills demand and labour-market transitions.",,,,,,,,,,,,,,,,,,,,,,,Descriptive Monitoring,"Measuring and describing levels, distributions, patterns or trends across places, populations or time, without primarily testing an exposure–outcome relationship.",,,,,,,,,,,Demographic disparities / equity tag,Comparisons across demographic or equality-relevant groups are central; socioeconomic inequality alone or routine subgroup breakdowns do not qualify.,0,,,,,COVID-19 & Pandemic,"COVID-19 or pandemic conditions are a central research focus or lens, not merely the period covered by the data.",0,,,,,,,,,,,,,,,,0
OWNER_006,,,project-owner-information-v3.2,owner-consent-v3,owner-redcap-candidate-0.4,,,,,,,,,,,,,,,,,,,,,,,,,,,,,,,,,,,,,,,,,,,,,,,,,,,,,,,,,,,,,,,,,,,,,,,,,,,,,,,,,,,,,,,0,
OWNER_006,project_review,1,,,,,,,,,,,,,,,,,,REV-9EAU-B9MT,2022/127,2022/127,Estimating capital utilisation for productivity statistics,"Annual Population Survey, Labour Force Survey Person",,20260601-cleaned-1308,dea-validation-production-20260702-fable5-dict-1.0-rc2,1.0-rc2,6f4ff530a3620167c37dc0ddee927ac592ca4ea2410c663535674503f811e299,owner-redcap-candidate-0.4,project-owner-taxonomy-display-v1,Business & Productivity,"Firms, business activity, innovation, productivity, entrepreneurship, trade, investment and business performance.",,,,,Data Infrastructure & Methodology,"Data or methodology as the primary research object, rather than tools used for another question.",,,,,,,,,,,,,,,,,Methodological / Infrastructure Research,"Developing, testing, validating or improving research methods, measures, linkage approaches, infrastructure or data assets.",,,,,,,,,,,Demographic disparities / equity tag,Comparisons across demographic or equality-relevant groups are central; socioeconomic inequality alone or routine subgroup breakdowns do not qualify.,0,,,,,COVID-19 & Pandemic,"COVID-19 or pandemic conditions are a central research focus or lens, not merely the period covered by the data.",0,,,,,,,,,,,,,,,,0
OWNER_006,project_review,2,,,,,,,,,,,,,,,,,,REV-EXAD-8S9T,2022/170,2022/170,"Innovation, integration and structural change: evidence from ONS survey data","Office for National Statistics: Annual Respondents Database x, Annual Survey of Goods and Services, Business Enterprise Research and Development, Business Structure Database, Business Structure Database: Longitudinal, International Trade in Services, Linked Trade-in-Goods/Inter-Departmental Business Register, Management and Expectations Survey, Management Practices Survey, UK Innovation Survey, UK Manufacturers' Sales by Product Survey",,20260601-cleaned-1308,dea-validation-production-20260702-fable5-dict-1.0-rc2,1.0-rc2,6f4ff530a3620167c37dc0ddee927ac592ca4ea2410c663535674503f811e299,owner-redcap-candidate-0.4,project-owner-taxonomy-display-v1,Business & Productivity,"Firms, business activity, innovation, productivity, entrepreneurship, trade, investment and business performance.",,,,,,,,,,,,,,,,,,,,,,,Descriptive Monitoring,"Measuring and describing levels, distributions, patterns or trends across places, populations or time, without primarily testing an exposure–outcome relationship.",,,,,,,,,,,Demographic disparities / equity tag,Comparisons across demographic or equality-relevant groups are central; socioeconomic inequality alone or routine subgroup breakdowns do not qualify.,0,,,,,COVID-19 & Pandemic,"COVID-19 or pandemic conditions are a central research focus or lens, not merely the period covered by the data.",0,,,,,,,,,,,,,,,,0
OWNER_006,project_review,3,,,,,,,,,,,,,,,,,,REV-VZWE-VBXV,2022/203,2022/203,Feasibility study for civil society satellite account,"Office for National Statistics: Annual Business Survey, Annual Survey of Hours and Earnings, Business Structure Database, Labour Force Survey Person, Quarterly Acquisitions and Disposals of Capital Assets Survey, Small Business Survey",,20260601-cleaned-1308,dea-validation-production-20260702-fable5-dict-1.0-rc2,1.0-rc2,6f4ff530a3620167c37dc0ddee927ac592ca4ea2410c663535674503f811e299,owner-redcap-candidate-0.4,project-owner-taxonomy-display-v1,Data Infrastructure & Methodology,"Data or methodology as the primary research object, rather than tools used for another question.",,,,,,,,,,,,,,,,,,,,,,,Methodological / Infrastructure Research,"Developing, testing, validating or improving research methods, measures, linkage approaches, infrastructure or data assets.",,,,,,,,,,,Demographic disparities / equity tag,Comparisons across demographic or equality-relevant groups are central; socioeconomic inequality alone or routine subgroup breakdowns do not qualify.,0,,,,,COVID-19 & Pandemic,"COVID-19 or pandemic conditions are a central research focus or lens, not merely the period covered by the data.",0,,,,,,,,,,,,,,,,0
OWNER_006,project_review,4,,,,,,,,,,,,,,,,,,REV-3ERC-SBCC,2024/016,2024/016,"ESCoE 2.5 - Management practices, business uncertainty and their impact on productivity.","Office for National Statistics: Annual Business Survey - GB, Annual Respondents Database 2 - UK, Annual Respondents Database x - UK, Business Enterprise Research and Development - Great Britain, Business Structure Database - UK, E-commerce and Digital Economy Survey - UK, Labour Force Survey Household - UK, Labour Force Survey Longitudinal - UK, Labour Force Survey Person - UK, Management Practices Survey - Great Britain, Bespoke Management and Expectations Survey, Annual Purchases Survey - UK, Annual Survey of Hours and Earnings - UK, International Trade in Services - UK, Annual Population Survey - UK, Business Insights and Conditions Survey - UK
DBT: UK Innovation Survey
Department For Education: Employer Skills Survey and Investment in Training - UK",,20260601-cleaned-1308,dea-validation-production-20260702-fable5-dict-1.0-rc2,1.0-rc2,6f4ff530a3620167c37dc0ddee927ac592ca4ea2410c663535674503f811e299,owner-redcap-candidate-0.4,project-owner-taxonomy-display-v1,Business & Productivity,"Firms, business activity, innovation, productivity, entrepreneurship, trade, investment and business performance.",,,,,,,,,,,,,,,,,,,,,,,Outcome Tracking,"Linking a naturally occurring exposure, condition or event to a later outcome, where the exposure is not a deliberate policy or programme.",,,,,,,,,,,Demographic disparities / equity tag,Comparisons across demographic or equality-relevant groups are central; socioeconomic inequality alone or routine subgroup breakdowns do not qualify.,0,,,,,COVID-19 & Pandemic,"COVID-19 or pandemic conditions are a central research focus or lens, not merely the period covered by the data.",0,,,,,,,,,,,,,,,,0
OWNER_006,project_review,5,,,,,,,,,,,,,,,,,,REV-APUD-92K6,2024/229,2024/229,Reviewing assumptions in the measurement of intangible investment and capital stocks,"Office for National Statistics: Annual Survey of Goods and Services - UK, Annual Business Survey - GB, Annual Purchases Survey - UK, Investment in Intangible Assets Survey - UK
DBT: Workplace Employment Relations Survey - Great Britain
Department For Education: Employer Skills Survey and Investment in Training - UK",,20260601-cleaned-1308,dea-validation-production-20260702-fable5-dict-1.0-rc2,1.0-rc2,6f4ff530a3620167c37dc0ddee927ac592ca4ea2410c663535674503f811e299,owner-redcap-candidate-0.4,project-owner-taxonomy-display-v1,Business & Productivity,"Firms, business activity, innovation, productivity, entrepreneurship, trade, investment and business performance.",,,,,Data Infrastructure & Methodology,"Data or methodology as the primary research object, rather than tools used for another question.",,,,,,,,,,,,,,,,,Methodological / Infrastructure Research,"Developing, testing, validating or improving research methods, measures, linkage approaches, infrastructure or data assets.",,,,,,,,,,,Demographic disparities / equity tag,Comparisons across demographic or equality-relevant groups are central; socioeconomic inequality alone or routine subgroup breakdowns do not qualify.,0,,,,,COVID-19 & Pandemic,"COVID-19 or pandemic conditions are a central research focus or lens, not merely the period covered by the data.",0,,,,,,,,,,,,,,,,0
OWNER_006,project_review,6,,,,,,,,,,,,,,,,,,REV-SHT5-JH23,2025/255,2025/255,Developing estimates of hours worked for the UK using a component method,"Office for National Statistics: New Earnings Survey - GB, Labour Force Surv ey Person - UK, Labour Force Survey Longitudinal - UK, Annual Survey of Hours and Earnings - GB, Annual Survey of Hours and Earnings Longitudinal - GB",,20260601-cleaned-1308,dea-validation-production-20260702-fable5-dict-1.0-rc2,1.0-rc2,6f4ff530a3620167c37dc0ddee927ac592ca4ea2410c663535674503f811e299,owner-redcap-candidate-0.4,project-owner-taxonomy-display-v1,Labour Market & Employment,"Work, employment, earnings, job quality, workforce dynamics, skills demand and labour-market transitions.",,,,,Data Infrastructure & Methodology,"Data or methodology as the primary research object, rather than tools used for another question.",,,,,,,,,,,,,,,,,Methodological / Infrastructure Research,"Developing, testing, validating or improving research methods, measures, linkage approaches, infrastructure or data assets.",,,,,,,,,,,Demographic disparities / equity tag,Comparisons across demographic or equality-relevant groups are central; socioeconomic inequality alone or routine subgroup breakdowns do not qualify.,0,,,,,COVID-19 & Pandemic,"COVID-19 or pandemic conditions are a central research focus or lens, not merely the period covered by the data.",0,,,,,,,,,,,,,,,,0
OWNER_012,,,project-owner-information-v3.2,owner-consent-v3,owner-redcap-candidate-0.4,,,,,,,,,,,,,,,,,,,,,,,,,,,,,,,,,,,,,,,,,,,,,,,,,,,,,,,,,,,,,,,,,,,,,,,,,,,,,,,,,,,,,,,0,
OWNER_012,project_review,1,,,,,,,,,,,,,,,,,,REV-H954-S3EZ,2022/087,2022/087,Gender Gap in STEM over the Life Cycle,Office for National Statistics: Quarterly Labour Force Survey,,20260601-cleaned-1308,dea-validation-production-20260702-fable5-dict-1.0-rc2,1.0-rc2,6f4ff530a3620167c37dc0ddee927ac592ca4ea2410c663535674503f811e299,owner-redcap-candidate-0.4,project-owner-taxonomy-display-v1,Labour Market & Employment,"Work, employment, earnings, job quality, workforce dynamics, skills demand and labour-market transitions.",,,,,Education & Skills,"Education, learning, training, skills formation and transitions through education systems and into work.",,,,,,,,,,,,,,,,,Life-Course / Trajectory Analysis,"Following people, households, firms or cases over time to understand trajectories, transitions or cumulative outcomes.",,,,,,,,,,,Demographic disparities / equity tag,Comparisons across demographic or equality-relevant groups are central; socioeconomic inequality alone or routine subgroup breakdowns do not qualify.,1,,,,,COVID-19 & Pandemic,"COVID-19 or pandemic conditions are a central research focus or lens, not merely the period covered by the data.",0,,,,,,,,,,,,,,,,0
OWNER_012,project_review,2,,,,,,,,,,,,,,,,,,REV-3MBW-H48M,2024/082,2024/082,Student employment in higher education: the effect of 2012 Higher education reform on student employment.,Office for National Statistics: Labour Force Survey Person - UK,,20260601-cleaned-1308,dea-validation-production-20260702-fable5-dict-1.0-rc2,1.0-rc2,6f4ff530a3620167c37dc0ddee927ac592ca4ea2410c663535674503f811e299,owner-redcap-candidate-0.4,project-owner-taxonomy-display-v1,Education & Skills,"Education, learning, training, skills formation and transitions through education systems and into work.",,,,,Labour Market & Employment,"Work, employment, earnings, job quality, workforce dynamics, skills demand and labour-market transitions.",,,,,,,,,,,,,,,,,Policy Evaluation / Impact Analysis,"Assessing the implementation, effects or consequences of a specific named policy, programme, regulation or intervention.",,,,,,,,,,,Demographic disparities / equity tag,Comparisons across demographic or equality-relevant groups are central; socioeconomic inequality alone or routine subgroup breakdowns do not qualify.,0,,,,,COVID-19 & Pandemic,"COVID-19 or pandemic conditions are a central research focus or lens, not merely the period covered by the data.",0,,,,,,,,,,,,,,,,0
OWNER_012,project_review,3,,,,,,,,,,,,,,,,,,REV-XREF-YH3K,2024/121,2024/121,Explaining “Unexplained” Grade Inflation in the UK’s Universities,"DfE, DWP and HMRC: Longitudinal Education Outcomes SRS Iteration 2 Standard Extract - England",,20260601-cleaned-1308,dea-validation-production-20260702-fable5-dict-1.0-rc2,1.0-rc2,6f4ff530a3620167c37dc0ddee927ac592ca4ea2410c663535674503f811e299,owner-redcap-candidate-0.4,project-owner-taxonomy-display-v1,Education & Skills,"Education, learning, training, skills formation and transitions through education systems and into work.",,,,,,,,,,,,,,,,,,,,,,,Outcome Tracking,"Linking a naturally occurring exposure, condition or event to a later outcome, where the exposure is not a deliberate policy or programme.",,,,,,,,,,,Demographic disparities / equity tag,Comparisons across demographic or equality-relevant groups are central; socioeconomic inequality alone or routine subgroup breakdowns do not qualify.,0,,,,,COVID-19 & Pandemic,"COVID-19 or pandemic conditions are a central research focus or lens, not merely the period covered by the data.",0,,,,,,,,,,,,,,,,0
OWNER_012,project_review,4,,,,,,,,,,,,,,,,,,REV-EFUC-CPYX,2024/144,2024/144,Understanding SES and Gender Gaps in University Admissions: The Case of Application Behaviour and Teacher Predicted Grades,"Ofqual and DfE: UCAS Grading and Admissions
Qualifications Wales, DfE,
UCAS: GRading and Admissions Data England (GRADE)",,20260601-cleaned-1308,dea-validation-production-20260702-fable5-dict-1.0-rc2,1.0-rc2,6f4ff530a3620167c37dc0ddee927ac592ca4ea2410c663535674503f811e299,owner-redcap-candidate-0.4,project-owner-taxonomy-display-v1,Education & Skills,"Education, learning, training, skills formation and transitions through education systems and into work.",,,,,,,,,,,,,,,,,,,,,,,Outcome Tracking,"Linking a naturally occurring exposure, condition or event to a later outcome, where the exposure is not a deliberate policy or programme.",,,,,,,,,,,Demographic disparities / equity tag,Comparisons across demographic or equality-relevant groups are central; socioeconomic inequality alone or routine subgroup breakdowns do not qualify.,1,,,,,COVID-19 & Pandemic,"COVID-19 or pandemic conditions are a central research focus or lens, not merely the period covered by the data.",0,,,,,,,,,,,,,,,,0
OWNER_012,project_review,5,,,,,,,,,,,,,,,,,,REV-4TFT-B4RB,2024/157,2024/157,The effect of rank in math and English skills on later outcomes,"DfE, DWP and HMRC: Longitudinal Education Outcomes SRS Iteration 2 Standard Extract - England",,20260601-cleaned-1308,dea-validation-production-20260702-fable5-dict-1.0-rc2,1.0-rc2,6f4ff530a3620167c37dc0ddee927ac592ca4ea2410c663535674503f811e299,owner-redcap-candidate-0.4,project-owner-taxonomy-display-v1,Education & Skills,"Education, learning, training, skills formation and transitions through education systems and into work.",,,,,,,,,,,,,,,,,,,,,,,Outcome Tracking,"Linking a naturally occurring exposure, condition or event to a later outcome, where the exposure is not a deliberate policy or programme.",,,,,,,,,,,Demographic disparities / equity tag,Comparisons across demographic or equality-relevant groups are central; socioeconomic inequality alone or routine subgroup breakdowns do not qualify.,0,,,,,COVID-19 & Pandemic,"COVID-19 or pandemic conditions are a central research focus or lens, not merely the period covered by the data.",0,,,,,,,,,,,,,,,,0
OWNER_012,project_review,6,,,,,,,,,,,,,,,,,,REV-4XFU-5K7G,2025/240,2025/240,Brunel Regional Higher Education Audit: Small-Area Estimates from APS and LFS,"Office for National Statistics: Annual Population Survey, Labour Force Survey",,20260601-cleaned-1308,dea-validation-production-20260702-fable5-dict-1.0-rc2,1.0-rc2,6f4ff530a3620167c37dc0ddee927ac592ca4ea2410c663535674503f811e299,owner-redcap-candidate-0.4,project-owner-taxonomy-display-v1,Education & Skills,"Education, learning, training, skills formation and transitions through education systems and into work.",,,,,,,,,,,,,,,,,,,,,,,Descriptive Monitoring,"Measuring and describing levels, distributions, patterns or trends across places, populations or time, without primarily testing an exposure–outcome relationship.",,,,,Methodological / Infrastructure Research,"Developing, testing, validating or improving research methods, measures, linkage approaches, infrastructure or data assets.",,,,,Demographic disparities / equity tag,Comparisons across demographic or equality-relevant groups are central; socioeconomic inequality alone or routine subgroup breakdowns do not qualify.,0,,,,,COVID-19 & Pandemic,"COVID-19 or pandemic conditions are a central research focus or lens, not merely the period covered by the data.",0,,,,,,,,,,,,,,,,0
OWNER_020,,,project-owner-information-v3.2,owner-consent-v3,owner-redcap-candidate-0.4,,,,,,,,,,,,,,,,,,,,,,,,,,,,,,,,,,,,,,,,,,,,,,,,,,,,,,,,,,,,,,,,,,,,,,,,,,,,,,,,,,,,,,,0,
OWNER_020,project_review,1,,,,,,,,,,,,,,,,,,REV-NHYJ-SUUZ,2022/094,2022/094,Regional UK Gender Pay Gaps,Office for National Statistics: Annual Survey of Hours and Earnings UK,,20260601-cleaned-1308,dea-validation-production-20260702-fable5-dict-1.0-rc2,1.0-rc2,6f4ff530a3620167c37dc0ddee927ac592ca4ea2410c663535674503f811e299,owner-redcap-candidate-0.4,project-owner-taxonomy-display-v1,Labour Market & Employment,"Work, employment, earnings, job quality, workforce dynamics, skills demand and labour-market transitions.",,,,,,,,,,,,,,,,,,,,,,,Descriptive Monitoring,"Measuring and describing levels, distributions, patterns or trends across places, populations or time, without primarily testing an exposure–outcome relationship.",,,,,,,,,,,Demographic disparities / equity tag,Comparisons across demographic or equality-relevant groups are central; socioeconomic inequality alone or routine subgroup breakdowns do not qualify.,1,,,,,COVID-19 & Pandemic,"COVID-19 or pandemic conditions are a central research focus or lens, not merely the period covered by the data.",0,,,,,,,,,,,,,,,,0
OWNER_020,project_review,2,,,,,,,,,,,,,,,,,,REV-NXAY-JRNR,2022/194,2022/194,Gender Pay Inequality in UK Medicine,"Office for National Statistics: Annual Survey of Hours and Earnings, Annual Survey of Hours and Earnings Longitudinal",,20260601-cleaned-1308,dea-validation-production-20260702-fable5-dict-1.0-rc2,1.0-rc2,6f4ff530a3620167c37dc0ddee927ac592ca4ea2410c663535674503f811e299,owner-redcap-candidate-0.4,project-owner-taxonomy-display-v1,Labour Market & Employment,"Work, employment, earnings, job quality, workforce dynamics, skills demand and labour-market transitions.",,,,,,,,,,,,,,,,,,,,,,,Descriptive Monitoring,"Measuring and describing levels, distributions, patterns or trends across places, populations or time, without primarily testing an exposure–outcome relationship.",,,,,,,,,,,Demographic disparities / equity tag,Comparisons across demographic or equality-relevant groups are central; socioeconomic inequality alone or routine subgroup breakdowns do not qualify.,1,,,,,COVID-19 & Pandemic,"COVID-19 or pandemic conditions are a central research focus or lens, not merely the period covered by the data.",0,,,,,,,,,,,,,,,,0
OWNER_020,project_review,3,,,,,,,,,,,,,,,,,,REV-X59B-4EY7,2023/106,2023/106,The disability pay gap: Exploring the role of the firm,Office for National Statistics: Annual Survey of Hours and Earnings linked to 2011 Census - England and Wales,,20260601-cleaned-1308,dea-validation-production-20260702-fable5-dict-1.0-rc2,1.0-rc2,6f4ff530a3620167c37dc0ddee927ac592ca4ea2410c663535674503f811e299,owner-redcap-candidate-0.4,project-owner-taxonomy-display-v1,Labour Market & Employment,"Work, employment, earnings, job quality, workforce dynamics, skills demand and labour-market transitions.",,,,,,,,,,,,,,,,,,,,,,,Outcome Tracking,"Linking a naturally occurring exposure, condition or event to a later outcome, where the exposure is not a deliberate policy or programme.",,,,,,,,,,,Demographic disparities / equity tag,Comparisons across demographic or equality-relevant groups are central; socioeconomic inequality alone or routine subgroup breakdowns do not qualify.,1,,,,,COVID-19 & Pandemic,"COVID-19 or pandemic conditions are a central research focus or lens, not merely the period covered by the data.",0,,,,,,,,,,,,,,,,0
OWNER_020,project_review,4,,,,,,,,,,,,,,,,,,REV-BEA4-SRR3,2024/020,2024/020,Market concentration and economic policy in the UK,"Office for National Statistics: Annual Business Survey - GB, Annual Respondents Database x - UK",,20260601-cleaned-1308,dea-validation-production-20260702-fable5-dict-1.0-rc2,1.0-rc2,6f4ff530a3620167c37dc0ddee927ac592ca4ea2410c663535674503f811e299,owner-redcap-candidate-0.4,project-owner-taxonomy-display-v1,Business & Productivity,"Firms, business activity, innovation, productivity, entrepreneurship, trade, investment and business performance.",,,,,,,,,,,,,,,,,,,,,,,Descriptive Monitoring,"Measuring and describing levels, distributions, patterns or trends across places, populations or time, without primarily testing an exposure–outcome relationship.",,,,,,,,,,,Demographic disparities / equity tag,Comparisons across demographic or equality-relevant groups are central; socioeconomic inequality alone or routine subgroup breakdowns do not qualify.,0,,,,,COVID-19 & Pandemic,"COVID-19 or pandemic conditions are a central research focus or lens, not merely the period covered by the data.",0,,,,,,,,,,,,,,,,0
OWNER_020,project_review,5,,,,,,,,,,,,,,,,,,REV-63CF-65S3,2024/184,2024/184,Skill Gaps in the Semiconductor Industry,"Office for National Statistics: Annual Business Survey - GB, Annual Survey of Hours and Earnings - GB
Department For Education: Employer Skills Survey and Investment in Training - UK",,20260601-cleaned-1308,dea-validation-production-20260702-fable5-dict-1.0-rc2,1.0-rc2,6f4ff530a3620167c37dc0ddee927ac592ca4ea2410c663535674503f811e299,owner-redcap-candidate-0.4,project-owner-taxonomy-display-v1,Labour Market & Employment,"Work, employment, earnings, job quality, workforce dynamics, skills demand and labour-market transitions.",,,,,Business & Productivity,"Firms, business activity, innovation, productivity, entrepreneurship, trade, investment and business performance.",,,,,,,,,,,,,,,,,Descriptive Monitoring,"Measuring and describing levels, distributions, patterns or trends across places, populations or time, without primarily testing an exposure–outcome relationship.",,,,,,,,,,,Demographic disparities / equity tag,Comparisons across demographic or equality-relevant groups are central; socioeconomic inequality alone or routine subgroup breakdowns do not qualify.,0,,,,,COVID-19 & Pandemic,"COVID-19 or pandemic conditions are a central research focus or lens, not merely the period covered by the data.",0,,,,,,,,,,,,,,,,0
OWNER_020,project_review,6,,,,,,,,,,,,,,,,,,REV-H9SR-ZTWE,2024/254,2024/254,Beta test: A longitudinal analysis of Welsh and other language dynamics in England and Wales,Office for National Statistics: ONS Longitudinal Study - England and Wales,,20260601-cleaned-1308,dea-validation-production-20260702-fable5-dict-1.0-rc2,1.0-rc2,6f4ff530a3620167c37dc0ddee927ac592ca4ea2410c663535674503f811e299,owner-redcap-candidate-0.4,project-owner-taxonomy-display-v1,Migration & Demographics,"Population structure and change, migration, fertility, ageing and mortality as a demographic outcome.",,,,,,,,,,,,,,,,,,,,,,,Life-Course / Trajectory Analysis,"Following people, households, firms or cases over time to understand trajectories, transitions or cumulative outcomes.",,,,,Methodological / Infrastructure Research,"Developing, testing, validating or improving research methods, measures, linkage approaches, infrastructure or data assets.",,,,,Demographic disparities / equity tag,Comparisons across demographic or equality-relevant groups are central; socioeconomic inequality alone or routine subgroup breakdowns do not qualify.,0,,,,,COVID-19 & Pandemic,"COVID-19 or pandemic conditions are a central research focus or lens, not merely the period covered by the data.",0,,,,,,,,,,,,,,,,0
OWNER_018,,,project-owner-information-v3.2,owner-consent-v3,owner-redcap-candidate-0.4,,,,,,,,,,,,,,,,,,,,,,,,,,,,,,,,,,,,,,,,,,,,,,,,,,,,,,,,,,,,,,,,,,,,,,,,,,,,,,,,,,,,,,,0,
OWNER_018,project_review,1,,,,,,,,,,,,,,,,,,REV-55J2-4CJS,2020/038,2020/038,Evaluation of the Small Business Bonus Scheme in Scotland,"Office for National Statistics: Business Structure Database
Scottish Government: Valuation data of Scottish properties",,20260601-cleaned-1308,dea-validation-production-20260702-fable5-dict-1.0-rc2,1.0-rc2,6f4ff530a3620167c37dc0ddee927ac592ca4ea2410c663535674503f811e299,owner-redcap-candidate-0.4,project-owner-taxonomy-display-v1,Business & Productivity,"Firms, business activity, innovation, productivity, entrepreneurship, trade, investment and business performance.",,,,,Public Finance & Taxation,"Taxation, government revenue, public spending, fiscal transfers, tax reliefs and fiscal policy.",,,,,,,,,,,,,,,,,Policy Evaluation / Impact Analysis,"Assessing the implementation, effects or consequences of a specific named policy, programme, regulation or intervention.",,,,,,,,,,,Demographic disparities / equity tag,Comparisons across demographic or equality-relevant groups are central; socioeconomic inequality alone or routine subgroup breakdowns do not qualify.,0,,,,,COVID-19 & Pandemic,"COVID-19 or pandemic conditions are a central research focus or lens, not merely the period covered by the data.",0,,,,,,,,,,,,,,,,0
OWNER_018,project_review,2,,,,,,,,,,,,,,,,,,REV-T4VH-6YQY,2021/003,2021/003,UK Local Employment Multipliers,"Office for National Statistics: Annual Business Survey, Annual Survey of Hours and Earnings, Business Structure Database & Annual Population Survey",,20260601-cleaned-1308,dea-validation-production-20260702-fable5-dict-1.0-rc2,1.0-rc2,6f4ff530a3620167c37dc0ddee927ac592ca4ea2410c663535674503f811e299,owner-redcap-candidate-0.4,project-owner-taxonomy-display-v1,Labour Market & Employment,"Work, employment, earnings, job quality, workforce dynamics, skills demand and labour-market transitions.",,,,,,,,,,,,,,,,,,,,,,,Outcome Tracking,"Linking a naturally occurring exposure, condition or event to a later outcome, where the exposure is not a deliberate policy or programme.",,,,,,,,,,,Demographic disparities / equity tag,Comparisons across demographic or equality-relevant groups are central; socioeconomic inequality alone or routine subgroup breakdowns do not qualify.,0,,,,,COVID-19 & Pandemic,"COVID-19 or pandemic conditions are a central research focus or lens, not merely the period covered by the data.",0,,,,,,,,,,,,,,,,0
OWNER_018,project_review,3,,,,,,,,,,,,,,,,,,REV-Y6BH-YGBU,2022/023,2022/023,Universal Credit and Criminal Recidivism,"Ministry of Justice: MoJ Data First magistrates' court defendant case level dataset, MoJ Data First Prisoner Custodial Journey, MoJ Data First Linked Criminal Courts, Prisons, and Probation, MoJ Data First Crown Court Defendant, MoJ Data First Probation",,20260601-cleaned-1308,dea-validation-production-20260702-fable5-dict-1.0-rc2,1.0-rc2,6f4ff530a3620167c37dc0ddee927ac592ca4ea2410c663535674503f811e299,owner-redcap-candidate-0.4,project-owner-taxonomy-display-v1,Crime & Justice,"Crime, victimisation, public safety, policing, courts, sentencing, prisons, probation and justice outcomes.",,,,,"Poverty, Wealth & Living Standards","Material resources, poverty, wealth, debt, benefits, deprivation, cost of living and household income.",,,,,,,,,,,,,,,,,Policy Evaluation / Impact Analysis,"Assessing the implementation, effects or consequences of a specific named policy, programme, regulation or intervention.",,,,,,,,,,,Demographic disparities / equity tag,Comparisons across demographic or equality-relevant groups are central; socioeconomic inequality alone or routine subgroup breakdowns do not qualify.,0,,,,,COVID-19 & Pandemic,"COVID-19 or pandemic conditions are a central research focus or lens, not merely the period covered by the data.",0,,,,,,,,,,,,,,,,0
OWNER_018,project_review,4,,,,,,,,,,,,,,,,,,REV-UQPW-GXYM,2022/033,2022/033,The Impact of Universal Credit on Employment,Office for National Statistics: Labour Force Survey,,20260601-cleaned-1308,dea-validation-production-20260702-fable5-dict-1.0-rc2,1.0-rc2,6f4ff530a3620167c37dc0ddee927ac592ca4ea2410c663535674503f811e299,owner-redcap-candidate-0.4,project-owner-taxonomy-display-v1,Labour Market & Employment,"Work, employment, earnings, job quality, workforce dynamics, skills demand and labour-market transitions.",,,,,"Poverty, Wealth & Living Standards","Material resources, poverty, wealth, debt, benefits, deprivation, cost of living and household income.",,,,,,,,,,,,,,,,,Policy Evaluation / Impact Analysis,"Assessing the implementation, effects or consequences of a specific named policy, programme, regulation or intervention.",,,,,,,,,,,Demographic disparities / equity tag,Comparisons across demographic or equality-relevant groups are central; socioeconomic inequality alone or routine subgroup breakdowns do not qualify.,0,,,,,COVID-19 & Pandemic,"COVID-19 or pandemic conditions are a central research focus or lens, not merely the period covered by the data.",0,,,,,,,,,,,,,,,,0
OWNER_018,project_review,5,,,,,,,,,,,,,,,,,,REV-9Q46-WTNW,2024/170,2024/170,UK Local Employment Multipliers,"Office for National Statistics: Annual Business Survey - GB, Business Structure Database - UK, Annual Survey of Hours and Earnings - GB, Annual Population Survey - UK",,20260601-cleaned-1308,dea-validation-production-20260702-fable5-dict-1.0-rc2,1.0-rc2,6f4ff530a3620167c37dc0ddee927ac592ca4ea2410c663535674503f811e299,owner-redcap-candidate-0.4,project-owner-taxonomy-display-v1,Labour Market & Employment,"Work, employment, earnings, job quality, workforce dynamics, skills demand and labour-market transitions.",,,,,,,,,,,,,,,,,,,,,,,Outcome Tracking,"Linking a naturally occurring exposure, condition or event to a later outcome, where the exposure is not a deliberate policy or programme.",,,,,,,,,,,Demographic disparities / equity tag,Comparisons across demographic or equality-relevant groups are central; socioeconomic inequality alone or routine subgroup breakdowns do not qualify.,0,,,,,COVID-19 & Pandemic,"COVID-19 or pandemic conditions are a central research focus or lens, not merely the period covered by the data.",0,,,,,,,,,,,,,,,,0
OWNER_018,project_review,6,,,,,,,,,,,,,,,,,,REV-HHBY-D5KE,2025/234,2025/234,Devolved Tax and the Labour Market,"Office for National Statistics: Annual Survey of Hours and Earnings,",,20260601-cleaned-1308,dea-validation-production-20260702-fable5-dict-1.0-rc2,1.0-rc2,6f4ff530a3620167c37dc0ddee927ac592ca4ea2410c663535674503f811e299,owner-redcap-candidate-0.4,project-owner-taxonomy-display-v1,Public Finance & Taxation,"Taxation, government revenue, public spending, fiscal transfers, tax reliefs and fiscal policy.",,,,,Labour Market & Employment,"Work, employment, earnings, job quality, workforce dynamics, skills demand and labour-market transitions.",,,,,,,,,,,,,,,,,Policy Evaluation / Impact Analysis,"Assessing the implementation, effects or consequences of a specific named policy, programme, regulation or intervention.",,,,,,,,,,,Demographic disparities / equity tag,Comparisons across demographic or equality-relevant groups are central; socioeconomic inequality alone or routine subgroup breakdowns do not qualify.,0,,,,,COVID-19 & Pandemic,"COVID-19 or pandemic conditions are a central research focus or lens, not merely the period covered by the data.",0,,,,,,,,,,,,,,,,0
OWNER_005,,,project-owner-information-v3.2,owner-consent-v3,owner-redcap-candidate-0.4,,,,,,,,,,,,,,,,,,,,,,,,,,,,,,,,,,,,,,,,,,,,,,,,,,,,,,,,,,,,,,,,,,,,,,,,,,,,,,,,,,,,,,,0,
OWNER_005,project_review,1,,,,,,,,,,,,,,,,,,REV-Y3G6-R6P6,2022/002,2022/002,"Environmental quality, residential mobility and human capital in the United Kingdom",Office for National Statistics: Business Structure Database,,20260601-cleaned-1308,dea-validation-production-20260702-fable5-dict-1.0-rc2,1.0-rc2,6f4ff530a3620167c37dc0ddee927ac592ca4ea2410c663535674503f811e299,owner-redcap-candidate-0.4,project-owner-taxonomy-display-v1,Environment & Agriculture,"Environment, climate, energy, agriculture, land use, pollution, decarbonisation and environmental impacts.",,,,,Housing & Planning,"Housing, homelessness, tenure, residential conditions and mobility, neighbourhood change and planning systems.",,,,,,,,,,,,,,,,,Outcome Tracking,"Linking a naturally occurring exposure, condition or event to a later outcome, where the exposure is not a deliberate policy or programme.",,,,,,,,,,,Demographic disparities / equity tag,Comparisons across demographic or equality-relevant groups are central; socioeconomic inequality alone or routine subgroup breakdowns do not qualify.,0,,,,,COVID-19 & Pandemic,"COVID-19 or pandemic conditions are a central research focus or lens, not merely the period covered by the data.",0,,,,,,,,,,,,,,,,0
OWNER_005,project_review,2,,,,,,,,,,,,,,,,,,REV-598V-WK57,2022/018,2022/018,Knocking it down and Mixing it up: Spillover effects of Public Housing Regenerations,Office for National Statistics: Business Structure Database,,20260601-cleaned-1308,dea-validation-production-20260702-fable5-dict-1.0-rc2,1.0-rc2,6f4ff530a3620167c37dc0ddee927ac592ca4ea2410c663535674503f811e299,owner-redcap-candidate-0.4,project-owner-taxonomy-display-v1,Housing & Planning,"Housing, homelessness, tenure, residential conditions and mobility, neighbourhood change and planning systems.",,,,,Business & Productivity,"Firms, business activity, innovation, productivity, entrepreneurship, trade, investment and business performance.",,,,,,,,,,,,,,,,,Policy Evaluation / Impact Analysis,"Assessing the implementation, effects or consequences of a specific named policy, programme, regulation or intervention.",,,,,,,,,,,Demographic disparities / equity tag,Comparisons across demographic or equality-relevant groups are central; socioeconomic inequality alone or routine subgroup breakdowns do not qualify.,0,,,,,COVID-19 & Pandemic,"COVID-19 or pandemic conditions are a central research focus or lens, not merely the period covered by the data.",0,,,,,,,,,,,,,,,,0
OWNER_005,project_review,3,,,,,,,,,,,,,,,,,,REV-A5WX-B2CA,2023/032,2023/032,"Environmental quality, residential mobility, and human capital",Office for National Statistics: Business Structure Database,,20260601-cleaned-1308,dea-validation-production-20260702-fable5-dict-1.0-rc2,1.0-rc2,6f4ff530a3620167c37dc0ddee927ac592ca4ea2410c663535674503f811e299,owner-redcap-candidate-0.4,project-owner-taxonomy-display-v1,Environment & Agriculture,"Environment, climate, energy, agriculture, land use, pollution, decarbonisation and environmental impacts.",,,,,Housing & Planning,"Housing, homelessness, tenure, residential conditions and mobility, neighbourhood change and planning systems.",,,,,,,,,,,,,,,,,Outcome Tracking,"Linking a naturally occurring exposure, condition or event to a later outcome, where the exposure is not a deliberate policy or programme.",,,,,,,,,,,Demographic disparities / equity tag,Comparisons across demographic or equality-relevant groups are central; socioeconomic inequality alone or routine subgroup breakdowns do not qualify.,0,,,,,COVID-19 & Pandemic,"COVID-19 or pandemic conditions are a central research focus or lens, not merely the period covered by the data.",0,,,,,,,,,,,,,,,,0
OWNER_005,project_review,4,,,,,,,,,,,,,,,,,,REV-JBU3-9E52,2023/083,2023/083,"Effects of Austerity Policies on Public Goods, Local Amenities, and Individual Behaviour","Institute for Economic and Social Research:
Understanding Society - UK
Office for National Statistics: Business Structure Database - UK",,20260601-cleaned-1308,dea-validation-production-20260702-fable5-dict-1.0-rc2,1.0-rc2,6f4ff530a3620167c37dc0ddee927ac592ca4ea2410c663535674503f811e299,owner-redcap-candidate-0.4,project-owner-taxonomy-display-v1,Public Finance & Taxation,"Taxation, government revenue, public spending, fiscal transfers, tax reliefs and fiscal policy.",,,,,,,,,,,,,,,,,,,,,,,Policy Evaluation / Impact Analysis,"Assessing the implementation, effects or consequences of a specific named policy, programme, regulation or intervention.",,,,,,,,,,,Demographic disparities / equity tag,Comparisons across demographic or equality-relevant groups are central; socioeconomic inequality alone or routine subgroup breakdowns do not qualify.,0,,,,,COVID-19 & Pandemic,"COVID-19 or pandemic conditions are a central research focus or lens, not merely the period covered by the data.",0,,,,,,,,,,,,,,,,0
OWNER_005,project_review,5,,,,,,,,,,,,,,,,,,REV-KEGY-43HQ,2024/039,2024/039,"Environmental quality, residential mobility, and human capital",Office for National Statistics: Business Structure Database,,20260601-cleaned-1308,dea-validation-production-20260702-fable5-dict-1.0-rc2,1.0-rc2,6f4ff530a3620167c37dc0ddee927ac592ca4ea2410c663535674503f811e299,owner-redcap-candidate-0.4,project-owner-taxonomy-display-v1,Environment & Agriculture,"Environment, climate, energy, agriculture, land use, pollution, decarbonisation and environmental impacts.",,,,,Housing & Planning,"Housing, homelessness, tenure, residential conditions and mobility, neighbourhood change and planning systems.",,,,,Education & Skills,"Education, learning, training, skills formation and transitions through education systems and into work.",,,,,,,,,,,Outcome Tracking,"Linking a naturally occurring exposure, condition or event to a later outcome, where the exposure is not a deliberate policy or programme.",,,,,,,,,,,Demographic disparities / equity tag,Comparisons across demographic or equality-relevant groups are central; socioeconomic inequality alone or routine subgroup breakdowns do not qualify.,0,,,,,COVID-19 & Pandemic,"COVID-19 or pandemic conditions are a central research focus or lens, not merely the period covered by the data.",0,,,,,,,,,,,,,,,,0
OWNER_005,project_review,6,,,,,,,,,,,,,,,,,,REV-CNFA-YHHA,2024/222,2024/222,"Effects of Austerity Policies on Public Goods, Local Amenities, and Individual Behaviour","Institute for Economic and Social Research:
Understanding Society - UK
Office for National Statistics: Business Structure Database - UK",,20260601-cleaned-1308,dea-validation-production-20260702-fable5-dict-1.0-rc2,1.0-rc2,6f4ff530a3620167c37dc0ddee927ac592ca4ea2410c663535674503f811e299,owner-redcap-candidate-0.4,project-owner-taxonomy-display-v1,Public Finance & Taxation,"Taxation, government revenue, public spending, fiscal transfers, tax reliefs and fiscal policy.",,,,,,,,,,,,,,,,,,,,,,,Policy Evaluation / Impact Analysis,"Assessing the implementation, effects or consequences of a specific named policy, programme, regulation or intervention.",,,,,,,,,,,Demographic disparities / equity tag,Comparisons across demographic or equality-relevant groups are central; socioeconomic inequality alone or routine subgroup breakdowns do not qualify.,0,,,,,COVID-19 & Pandemic,"COVID-19 or pandemic conditions are a central research focus or lens, not merely the period covered by the data.",0,,,,,,,,,,,,,,,,0
OWNER_005,project_review,7,,,,,,,,,,,,,,,,,,REV-WKJW-N8HQ,2025/045,2025/045,Effects of Air Quality on health and human capital outcomes of children,NHS; DfE: Education and Child Health Insights from Linked Data - England,,20260601-cleaned-1308,dea-validation-production-20260702-fable5-dict-1.0-rc2,1.0-rc2,6f4ff530a3620167c37dc0ddee927ac592ca4ea2410c663535674503f811e299,owner-redcap-candidate-0.4,project-owner-taxonomy-display-v1,Environment & Agriculture,"Environment, climate, energy, agriculture, land use, pollution, decarbonisation and environmental impacts.",,,,,Health & Social Care,"Health, illness, mental health, wellbeing, mortality as a health outcome, healthcare services and social care.",,,,,Education & Skills,"Education, learning, training, skills formation and transitions through education systems and into work.",,,,,,,,,,,Outcome Tracking,"Linking a naturally occurring exposure, condition or event to a later outcome, where the exposure is not a deliberate policy or programme.",,,,,,,,,,,Demographic disparities / equity tag,Comparisons across demographic or equality-relevant groups are central; socioeconomic inequality alone or routine subgroup breakdowns do not qualify.,0,,,,,COVID-19 & Pandemic,"COVID-19 or pandemic conditions are a central research focus or lens, not merely the period covered by the data.",0,,,,,,,,,,,,,,,,0
OWNER_003,,,project-owner-information-v3.2,owner-consent-v3,owner-redcap-candidate-0.4,,,,,,,,,,,,,,,,,,,,,,,,,,,,,,,,,,,,,,,,,,,,,,,,,,,,,,,,,,,,,,,,,,,,,,,,,,,,,,,,,,,,,,,0,
OWNER_003,project_review,1,,,,,,,,,,,,,,,,,,REV-9UEU-236G,2019/013,2019/013,TechNation programme evaluation,Office for National Statistics: Business Structure Database,,20260601-cleaned-1308,dea-validation-production-20260702-fable5-dict-1.0-rc2,1.0-rc2,6f4ff530a3620167c37dc0ddee927ac592ca4ea2410c663535674503f811e299,owner-redcap-candidate-0.4,project-owner-taxonomy-display-v1,Business & Productivity,"Firms, business activity, innovation, productivity, entrepreneurship, trade, investment and business performance.",,,,,,,,,,,,,,,,,,,,,,,Policy Evaluation / Impact Analysis,"Assessing the implementation, effects or consequences of a specific named policy, programme, regulation or intervention.",,,,,,,,,,,Demographic disparities / equity tag,Comparisons across demographic or equality-relevant groups are central; socioeconomic inequality alone or routine subgroup breakdowns do not qualify.,0,,,,,COVID-19 & Pandemic,"COVID-19 or pandemic conditions are a central research focus or lens, not merely the period covered by the data.",0,,,,,,,,,,,,,,,,0
OWNER_003,project_review,2,,,,,,,,,,,,,,,,,,REV-UC43-QNTA,2020/068,2020/068,Analysis of the clustering of UK digital sectors,"Office for National Statistics: Annual Business Survey, Annual Population Survey Person & Business Structure Database",,20260601-cleaned-1308,dea-validation-production-20260702-fable5-dict-1.0-rc2,1.0-rc2,6f4ff530a3620167c37dc0ddee927ac592ca4ea2410c663535674503f811e299,owner-redcap-candidate-0.4,project-owner-taxonomy-display-v1,Business & Productivity,"Firms, business activity, innovation, productivity, entrepreneurship, trade, investment and business performance.",,,,,,,,,,,,,,,,,,,,,,,Descriptive Monitoring,"Measuring and describing levels, distributions, patterns or trends across places, populations or time, without primarily testing an exposure–outcome relationship.",,,,,,,,,,,Demographic disparities / equity tag,Comparisons across demographic or equality-relevant groups are central; socioeconomic inequality alone or routine subgroup breakdowns do not qualify.,0,,,,,COVID-19 & Pandemic,"COVID-19 or pandemic conditions are a central research focus or lens, not merely the period covered by the data.",0,,,,,,,,,,,,,,,,0
OWNER_003,project_review,3,,,,,,,,,,,,,,,,,,REV-G7CF-JAKN,2020/109,2020/109,Understanding the impact of data localisation,"Office for National Statistics: Annual Business Survey, Business Structure Database & International Trade in Services .",,20260601-cleaned-1308,dea-validation-production-20260702-fable5-dict-1.0-rc2,1.0-rc2,6f4ff530a3620167c37dc0ddee927ac592ca4ea2410c663535674503f811e299,owner-redcap-candidate-0.4,project-owner-taxonomy-display-v1,Business & Productivity,"Firms, business activity, innovation, productivity, entrepreneurship, trade, investment and business performance.",,,,,,,,,,,,,,,,,,,,,,,Policy Evaluation / Impact Analysis,"Assessing the implementation, effects or consequences of a specific named policy, programme, regulation or intervention.",,,,,,,,,,,Demographic disparities / equity tag,Comparisons across demographic or equality-relevant groups are central; socioeconomic inequality alone or routine subgroup breakdowns do not qualify.,0,,,,,COVID-19 & Pandemic,"COVID-19 or pandemic conditions are a central research focus or lens, not merely the period covered by the data.",0,,,,,,,,,,,,,,,,0
OWNER_003,project_review,4,,,,,,,,,,,,,,,,,,REV-WREE-JWDK,2023/016,2023/016,Evaluation of DCMS Grant Funding for Tech Nation,Office for National Statistics: Business Structure Database - UK,,20260601-cleaned-1308,dea-validation-production-20260702-fable5-dict-1.0-rc2,1.0-rc2,6f4ff530a3620167c37dc0ddee927ac592ca4ea2410c663535674503f811e299,owner-redcap-candidate-0.4,project-owner-taxonomy-display-v1,Business & Productivity,"Firms, business activity, innovation, productivity, entrepreneurship, trade, investment and business performance.",,,,,,,,,,,,,,,,,,,,,,,Policy Evaluation / Impact Analysis,"Assessing the implementation, effects or consequences of a specific named policy, programme, regulation or intervention.",,,,,,,,,,,Demographic disparities / equity tag,Comparisons across demographic or equality-relevant groups are central; socioeconomic inequality alone or routine subgroup breakdowns do not qualify.,0,,,,,COVID-19 & Pandemic,"COVID-19 or pandemic conditions are a central research focus or lens, not merely the period covered by the data.",0,,,,,,,,,,,,,,,,0
OWNER_003,project_review,5,,,,,,,,,,,,,,,,,,REV-ACYN-95NH,2025/022,2025/022,Evaluation of Department for Business and Trade's Enhanced International Trade Advisors (EITA) Programme,"Office for National Statistics: Business Structure Database - UK, Annual Business Survey - GB, Annual International Trade in Services - UK
IPO: Patents, Designs and Trade Marks from
Intellectual Property Office - UK
Office for National Statistics, HM Revenue & Customs: Linked Trade-in-Goods/Inter-Departmental Business Register - UK",,20260601-cleaned-1308,dea-validation-production-20260702-fable5-dict-1.0-rc2,1.0-rc2,6f4ff530a3620167c37dc0ddee927ac592ca4ea2410c663535674503f811e299,owner-redcap-candidate-0.4,project-owner-taxonomy-display-v1,Business & Productivity,"Firms, business activity, innovation, productivity, entrepreneurship, trade, investment and business performance.",,,,,,,,,,,,,,,,,,,,,,,Policy Evaluation / Impact Analysis,"Assessing the implementation, effects or consequences of a specific named policy, programme, regulation or intervention.",,,,,,,,,,,Demographic disparities / equity tag,Comparisons across demographic or equality-relevant groups are central; socioeconomic inequality alone or routine subgroup breakdowns do not qualify.,0,,,,,COVID-19 & Pandemic,"COVID-19 or pandemic conditions are a central research focus or lens, not merely the period covered by the data.",0,,,,,,,,,,,,,,,,0
OWNER_003,project_review,6,,,,,,,,,,,,,,,,,,REV-BR64-Z2DT,2025/083,2025/083,Evaluation of DBT export promotion activities,"Office for National Statistics: Business Structure Database - UK, Annual Business Survey - GB, Annual International Trade in Services - UK
Office for National Statistics, HM Revenue & Customs: Linked Trade-in-Goods/Inter-Departmental Business Register - UK
IPO: Patents, Designs and Trade Marks from
Intellectual Property Office - UK
DBT: UK Innovation Survey",,20260601-cleaned-1308,dea-validation-production-20260702-fable5-dict-1.0-rc2,1.0-rc2,6f4ff530a3620167c37dc0ddee927ac592ca4ea2410c663535674503f811e299,owner-redcap-candidate-0.4,project-owner-taxonomy-display-v1,Business & Productivity,"Firms, business activity, innovation, productivity, entrepreneurship, trade, investment and business performance.",,,,,,,,,,,,,,,,,,,,,,,Policy Evaluation / Impact Analysis,"Assessing the implementation, effects or consequences of a specific named policy, programme, regulation or intervention.",,,,,,,,,,,Demographic disparities / equity tag,Comparisons across demographic or equality-relevant groups are central; socioeconomic inequality alone or routine subgroup breakdowns do not qualify.,0,,,,,COVID-19 & Pandemic,"COVID-19 or pandemic conditions are a central research focus or lens, not merely the period covered by the data.",0,,,,,,,,,,,,,,,,0
OWNER_003,project_review,7,,,,,,,,,,,,,,,,,,REV-66BG-Q5YV,2026/029,2026/029,Offshore Renewable Energy Catapult evaluation 23-28,"Office for National Statistics: Business Structure Database, Business Enterprise Research Development - GB",,20260601-cleaned-1308,dea-validation-production-20260702-fable5-dict-1.0-rc2,1.0-rc2,6f4ff530a3620167c37dc0ddee927ac592ca4ea2410c663535674503f811e299,owner-redcap-candidate-0.4,project-owner-taxonomy-display-v1,Business & Productivity,"Firms, business activity, innovation, productivity, entrepreneurship, trade, investment and business performance.",,,,,,,,,,,,,,,,,,,,,,,Policy Evaluation / Impact Analysis,"Assessing the implementation, effects or consequences of a specific named policy, programme, regulation or intervention.",,,,,,,,,,,Demographic disparities / equity tag,Comparisons across demographic or equality-relevant groups are central; socioeconomic inequality alone or routine subgroup breakdowns do not qualify.,0,,,,,COVID-19 & Pandemic,"COVID-19 or pandemic conditions are a central research focus or lens, not merely the period covered by the data.",0,,,,,,,,,,,,,,,,0
OWNER_017,,,project-owner-information-v3.2,owner-consent-v3,owner-redcap-candidate-0.4,,,,,,,,,,,,,,,,,,,,,,,,,,,,,,,,,,,,,,,,,,,,,,,,,,,,,,,,,,,,,,,,,,,,,,,,,,,,,,,,,,,,,,,0,
OWNER_017,project_review,1,,,,,,,,,,,,,,,,,,REV-VHX2-V4M6,2020/074,2020/074,Health of Older People in Places : an asset for economic and social improvement for all,Office for National Statistics: Longitudinal Study of England and Wales,,20260601-cleaned-1308,dea-validation-production-20260702-fable5-dict-1.0-rc2,1.0-rc2,6f4ff530a3620167c37dc0ddee927ac592ca4ea2410c663535674503f811e299,owner-redcap-candidate-0.4,project-owner-taxonomy-display-v1,Health & Social Care,"Health, illness, mental health, wellbeing, mortality as a health outcome, healthcare services and social care.",,,,,,,,,,,,,,,,,,,,,,,Descriptive Monitoring,"Measuring and describing levels, distributions, patterns or trends across places, populations or time, without primarily testing an exposure–outcome relationship.",,,,,,,,,,,Demographic disparities / equity tag,Comparisons across demographic or equality-relevant groups are central; socioeconomic inequality alone or routine subgroup breakdowns do not qualify.,0,,,,,COVID-19 & Pandemic,"COVID-19 or pandemic conditions are a central research focus or lens, not merely the period covered by the data.",0,,,,,,,,,,,,,,,,0
OWNER_017,project_review,2,,,,,,,,,,,,,,,,,,REV-GVRF-A9TT,2022/166,2022/166,"Assessing the Contributions of the Workplace and Employment History, the Local Area, and Individual Health and Social Factors from Childhood and Adulthood to Cancer Incidence and Mortality",Office for National Statistics: Longitudinal Study,,20260601-cleaned-1308,dea-validation-production-20260702-fable5-dict-1.0-rc2,1.0-rc2,6f4ff530a3620167c37dc0ddee927ac592ca4ea2410c663535674503f811e299,owner-redcap-candidate-0.4,project-owner-taxonomy-display-v1,Health & Social Care,"Health, illness, mental health, wellbeing, mortality as a health outcome, healthcare services and social care.",,,,,,,,,,,,,,,,,,,,,,,Outcome Tracking,"Linking a naturally occurring exposure, condition or event to a later outcome, where the exposure is not a deliberate policy or programme.",,,,,Life-Course / Trajectory Analysis,"Following people, households, firms or cases over time to understand trajectories, transitions or cumulative outcomes.",,,,,Demographic disparities / equity tag,Comparisons across demographic or equality-relevant groups are central; socioeconomic inequality alone or routine subgroup breakdowns do not qualify.,0,,,,,COVID-19 & Pandemic,"COVID-19 or pandemic conditions are a central research focus or lens, not merely the period covered by the data.",0,,,,,,,,,,,,,,,,0
OWNER_017,project_review,3,,,,,,,,,,,,,,,,,,REV-AHFB-H2EG,2024/018,2024/018,"Workplace Location Deprivation: Relationship with Health, Cancer and Mortality",Office for National Statistics: ONS Longitudinal Study - England and Wales,,20260601-cleaned-1308,dea-validation-production-20260702-fable5-dict-1.0-rc2,1.0-rc2,6f4ff530a3620167c37dc0ddee927ac592ca4ea2410c663535674503f811e299,owner-redcap-candidate-0.4,project-owner-taxonomy-display-v1,Health & Social Care,"Health, illness, mental health, wellbeing, mortality as a health outcome, healthcare services and social care.",,,,,,,,,,,,,,,,,,,,,,,Outcome Tracking,"Linking a naturally occurring exposure, condition or event to a later outcome, where the exposure is not a deliberate policy or programme.",,,,,,,,,,,Demographic disparities / equity tag,Comparisons across demographic or equality-relevant groups are central; socioeconomic inequality alone or routine subgroup breakdowns do not qualify.,0,,,,,COVID-19 & Pandemic,"COVID-19 or pandemic conditions are a central research focus or lens, not merely the period covered by the data.",0,,,,,,,,,,,,,,,,0
OWNER_017,project_review,4,,,,,,,,,,,,,,,,,,REV-9ZQE-FPTH,2024/173,2024/173,The risk of mortality and cancer in people commuting using the London Underground,Office for National Statistics (ONS): ONS Longitudinal Study (LS),,20260601-cleaned-1308,dea-validation-production-20260702-fable5-dict-1.0-rc2,1.0-rc2,6f4ff530a3620167c37dc0ddee927ac592ca4ea2410c663535674503f811e299,owner-redcap-candidate-0.4,project-owner-taxonomy-display-v1,Health & Social Care,"Health, illness, mental health, wellbeing, mortality as a health outcome, healthcare services and social care.",,,,,,,,,,,,,,,,,,,,,,,Outcome Tracking,"Linking a naturally occurring exposure, condition or event to a later outcome, where the exposure is not a deliberate policy or programme.",,,,,,,,,,,Demographic disparities / equity tag,Comparisons across demographic or equality-relevant groups are central; socioeconomic inequality alone or routine subgroup breakdowns do not qualify.,0,,,,,COVID-19 & Pandemic,"COVID-19 or pandemic conditions are a central research focus or lens, not merely the period covered by the data.",0,,,,,,,,,,,,,,,,0
OWNER_017,project_review,5,,,,,,,,,,,,,,,,,,REV-5VM2-94EV,2024/221,2024/221,"Beta-testing indicators for veteran status, gender identity and sexual orientation from the 2021 census for England and Wales using the ONS Longitudinal Study",Office for National Statistics: ONS Longitudinal Study - England and Wales,,20260601-cleaned-1308,dea-validation-production-20260702-fable5-dict-1.0-rc2,1.0-rc2,6f4ff530a3620167c37dc0ddee927ac592ca4ea2410c663535674503f811e299,owner-redcap-candidate-0.4,project-owner-taxonomy-display-v1,Data Infrastructure & Methodology,"Data or methodology as the primary research object, rather than tools used for another question.",,,,,,,,,,,,,,,,,,,,,,,Methodological / Infrastructure Research,"Developing, testing, validating or improving research methods, measures, linkage approaches, infrastructure or data assets.",,,,,,,,,,,Demographic disparities / equity tag,Comparisons across demographic or equality-relevant groups are central; socioeconomic inequality alone or routine subgroup breakdowns do not qualify.,0,,,,,COVID-19 & Pandemic,"COVID-19 or pandemic conditions are a central research focus or lens, not merely the period covered by the data.",0,,,,,,,,,,,,,,,,0
OWNER_017,project_review,6,,,,,,,,,,,,,,,,,,REV-J3HX-3XDA,2025/121,2025/121,Sense-checking a reconstructed ONS Longitudinal Study (LS) data dictionary,"Office for National Statistics: Longitudinal Study 1971, 1981, 1991, 2001, 2011, and 2021",,20260601-cleaned-1308,dea-validation-production-20260702-fable5-dict-1.0-rc2,1.0-rc2,6f4ff530a3620167c37dc0ddee927ac592ca4ea2410c663535674503f811e299,owner-redcap-candidate-0.4,project-owner-taxonomy-display-v1,Data Infrastructure & Methodology,"Data or methodology as the primary research object, rather than tools used for another question.",,,,,,,,,,,,,,,,,,,,,,,Methodological / Infrastructure Research,"Developing, testing, validating or improving research methods, measures, linkage approaches, infrastructure or data assets.",,,,,,,,,,,Demographic disparities / equity tag,Comparisons across demographic or equality-relevant groups are central; socioeconomic inequality alone or routine subgroup breakdowns do not qualify.,0,,,,,COVID-19 & Pandemic,"COVID-19 or pandemic conditions are a central research focus or lens, not merely the period covered by the data.",0,,,,,,,,,,,,,,,,0
