candidate_key,eligible_record_id,incidence_type,potential_review_status,candidate_eligible_record_count,burden_diagnostic
CAND_001841cba60155f75107,2019/010,NAMED_PERSON_ON_ELIGIBLE_RECORD,POTENTIAL_NOT_PRODUCTION_ASSIGNMENT,1,
CAND_003d20f102aebbb39ebf,2023/030,NAMED_PERSON_ON_ELIGIBLE_RECORD,POTENTIAL_NOT_PRODUCTION_ASSIGNMENT,2,
CAND_003d20f102aebbb39ebf,2025/080,NAMED_PERSON_ON_ELIGIBLE_RECORD,POTENTIAL_NOT_PRODUCTION_ASSIGNMENT,2,
CAND_0049b6c211f2562f8db6,2025/169,NAMED_PERSON_ON_ELIGIBLE_RECORD,POTENTIAL_NOT_PRODUCTION_ASSIGNMENT,1,
CAND_007b045eca45bf9bbb75,2024/192,NAMED_PERSON_ON_ELIGIBLE_RECORD,POTENTIAL_NOT_PRODUCTION_ASSIGNMENT,2,
CAND_007b045eca45bf9bbb75,2025/066,NAMED_PERSON_ON_ELIGIBLE_RECORD,POTENTIAL_NOT_PRODUCTION_ASSIGNMENT,2,
CAND_0082db47050f1da0db5a,2021/087,NAMED_PERSON_ON_ELIGIBLE_RECORD,POTENTIAL_NOT_PRODUCTION_ASSIGNMENT,1,
CAND_008b9e3879274cefe052,2022/081,NAMED_PERSON_ON_ELIGIBLE_RECORD,POTENTIAL_NOT_PRODUCTION_ASSIGNMENT,1,
CAND_008befe6b5d349cbd011,2020/027,NAMED_PERSON_ON_ELIGIBLE_RECORD,POTENTIAL_NOT_PRODUCTION_ASSIGNMENT,1,
CAND_0097de876a559f0ac5aa,2020/047,NAMED_PERSON_ON_ELIGIBLE_RECORD,POTENTIAL_NOT_PRODUCTION_ASSIGNMENT,2,
CAND_0097de876a559f0ac5aa,2025/224,NAMED_PERSON_ON_ELIGIBLE_RECORD,POTENTIAL_NOT_PRODUCTION_ASSIGNMENT,2,
CAND_009f5bc661f0c0afd67c,2024/193,NAMED_PERSON_ON_ELIGIBLE_RECORD,POTENTIAL_NOT_PRODUCTION_ASSIGNMENT,1,
CAND_00c221b3a1778168e505,2025/067,NAMED_PERSON_ON_ELIGIBLE_RECORD,POTENTIAL_NOT_PRODUCTION_ASSIGNMENT,1,
CAND_00d809643947c10f9650,2020/027,NAMED_PERSON_ON_ELIGIBLE_RECORD,POTENTIAL_NOT_PRODUCTION_ASSIGNMENT,1,
CAND_00f52fd37f6691f105a1,2021/082,NAMED_PERSON_ON_ELIGIBLE_RECORD,POTENTIAL_NOT_PRODUCTION_ASSIGNMENT,7,
CAND_00f52fd37f6691f105a1,2022/047,NAMED_PERSON_ON_ELIGIBLE_RECORD,POTENTIAL_NOT_PRODUCTION_ASSIGNMENT,7,
CAND_00f52fd37f6691f105a1,2023/083,NAMED_PERSON_ON_ELIGIBLE_RECORD,POTENTIAL_NOT_PRODUCTION_ASSIGNMENT,7,
CAND_00f52fd37f6691f105a1,2023/221,NAMED_PERSON_ON_ELIGIBLE_RECORD,POTENTIAL_NOT_PRODUCTION_ASSIGNMENT,7,
CAND_00f52fd37f6691f105a1,2024/077,NAMED_PERSON_ON_ELIGIBLE_RECORD,POTENTIAL_NOT_PRODUCTION_ASSIGNMENT,7,
CAND_00f52fd37f6691f105a1,2024/078,NAMED_PERSON_ON_ELIGIBLE_RECORD,POTENTIAL_NOT_PRODUCTION_ASSIGNMENT,7,
CAND_00f52fd37f6691f105a1,2024/222,NAMED_PERSON_ON_ELIGIBLE_RECORD,POTENTIAL_NOT_PRODUCTION_ASSIGNMENT,7,
CAND_0116b514df31884128f0,2022/070,NAMED_PERSON_ON_ELIGIBLE_RECORD,POTENTIAL_NOT_PRODUCTION_ASSIGNMENT,1,
CAND_011c3c57f4e045648464,2024/052,NAMED_PERSON_ON_ELIGIBLE_RECORD,POTENTIAL_NOT_PRODUCTION_ASSIGNMENT,1,
CAND_01273e1b5aedb18357e4,2022/153,NAMED_PERSON_ON_ELIGIBLE_RECORD,POTENTIAL_NOT_PRODUCTION_ASSIGNMENT,1,
CAND_019527f92c3c38b62ef6,2025/223,NAMED_PERSON_ON_ELIGIBLE_RECORD,POTENTIAL_NOT_PRODUCTION_ASSIGNMENT,1,
CAND_022a0f62b1c0d1d7aea4,2023/062,NAMED_PERSON_ON_ELIGIBLE_RECORD,POTENTIAL_NOT_PRODUCTION_ASSIGNMENT,1,
CAND_025285377e2f1e395519,2024/173,NAMED_PERSON_ON_ELIGIBLE_RECORD,POTENTIAL_NOT_PRODUCTION_ASSIGNMENT,1,
CAND_025e11916f30fa20a358,2021/022,NAMED_PERSON_ON_ELIGIBLE_RECORD,POTENTIAL_NOT_PRODUCTION_ASSIGNMENT,7,
CAND_025e11916f30fa20a358,2021/140,NAMED_PERSON_ON_ELIGIBLE_RECORD,POTENTIAL_NOT_PRODUCTION_ASSIGNMENT,7,
CAND_025e11916f30fa20a358,2023/013,NAMED_PERSON_ON_ELIGIBLE_RECORD,POTENTIAL_NOT_PRODUCTION_ASSIGNMENT,7,
CAND_025e11916f30fa20a358,2023/300,NAMED_PERSON_ON_ELIGIBLE_RECORD,POTENTIAL_NOT_PRODUCTION_ASSIGNMENT,7,
CAND_025e11916f30fa20a358,2024/054,NAMED_PERSON_ON_ELIGIBLE_RECORD,POTENTIAL_NOT_PRODUCTION_ASSIGNMENT,7,
CAND_025e11916f30fa20a358,2025/119,NAMED_PERSON_ON_ELIGIBLE_RECORD,POTENTIAL_NOT_PRODUCTION_ASSIGNMENT,7,
CAND_025e11916f30fa20a358,2026/035,NAMED_PERSON_ON_ELIGIBLE_RECORD,POTENTIAL_NOT_PRODUCTION_ASSIGNMENT,7,
CAND_0264f68794137674bacd,2023/220,NAMED_PERSON_ON_ELIGIBLE_RECORD,POTENTIAL_NOT_PRODUCTION_ASSIGNMENT,1,
CAND_02660b028ac9512f3738,2022/161,NAMED_PERSON_ON_ELIGIBLE_RECORD,POTENTIAL_NOT_PRODUCTION_ASSIGNMENT,2,
CAND_02660b028ac9512f3738,2025/019,NAMED_PERSON_ON_ELIGIBLE_RECORD,POTENTIAL_NOT_PRODUCTION_ASSIGNMENT,2,
CAND_02697fc99bdeac18dbc7,2025/072,NAMED_PERSON_ON_ELIGIBLE_RECORD,POTENTIAL_NOT_PRODUCTION_ASSIGNMENT,1,
CAND_02fee7fb02cd1fc396fe,2022/027,NAMED_PERSON_ON_ELIGIBLE_RECORD,POTENTIAL_NOT_PRODUCTION_ASSIGNMENT,1,
CAND_034573a675a0f8393736,2020/104,NAMED_PERSON_ON_ELIGIBLE_RECORD,POTENTIAL_NOT_PRODUCTION_ASSIGNMENT,1,
CAND_034b8b12cfa64e635bc6,2019/005,NAMED_PERSON_ON_ELIGIBLE_RECORD,POTENTIAL_NOT_PRODUCTION_ASSIGNMENT,1,
CAND_03801e3f4d4923b6e5f2,2023/042,NAMED_PERSON_ON_ELIGIBLE_RECORD,POTENTIAL_NOT_PRODUCTION_ASSIGNMENT,1,
CAND_03d8e774b736b29912bf,2023/291,NAMED_PERSON_ON_ELIGIBLE_RECORD,POTENTIAL_NOT_PRODUCTION_ASSIGNMENT,1,
CAND_03e4c75684a51d7478cb,2021/115,NAMED_PERSON_ON_ELIGIBLE_RECORD,POTENTIAL_NOT_PRODUCTION_ASSIGNMENT,3,
CAND_03e4c75684a51d7478cb,2022/081,NAMED_PERSON_ON_ELIGIBLE_RECORD,POTENTIAL_NOT_PRODUCTION_ASSIGNMENT,3,
CAND_03e4c75684a51d7478cb,2024/169,NAMED_PERSON_ON_ELIGIBLE_RECORD,POTENTIAL_NOT_PRODUCTION_ASSIGNMENT,3,
CAND_03e9d72d426f0a67add2,2025/114,NAMED_PERSON_ON_ELIGIBLE_RECORD,POTENTIAL_NOT_PRODUCTION_ASSIGNMENT,1,
CAND_0406de93a548c638ac34,2022/070,NAMED_PERSON_ON_ELIGIBLE_RECORD,POTENTIAL_NOT_PRODUCTION_ASSIGNMENT,1,
CAND_04192000702985449c76,2021/028,NAMED_PERSON_ON_ELIGIBLE_RECORD,POTENTIAL_NOT_PRODUCTION_ASSIGNMENT,1,
CAND_042330d34241d3fbebcb,2025/129,NAMED_PERSON_ON_ELIGIBLE_RECORD,POTENTIAL_NOT_PRODUCTION_ASSIGNMENT,1,
CAND_042485ca420b4a0febb4,2020/027,NAMED_PERSON_ON_ELIGIBLE_RECORD,POTENTIAL_NOT_PRODUCTION_ASSIGNMENT,1,
CAND_042888acdbf90238d552,2025/096,NAMED_PERSON_ON_ELIGIBLE_RECORD,POTENTIAL_NOT_PRODUCTION_ASSIGNMENT,1,
CAND_043de2506644d9cd7f3d,2023/289,NAMED_PERSON_ON_ELIGIBLE_RECORD,POTENTIAL_NOT_PRODUCTION_ASSIGNMENT,1,
CAND_0463e251dcddb1017d6e,2020/040,NAMED_PERSON_ON_ELIGIBLE_RECORD,POTENTIAL_NOT_PRODUCTION_ASSIGNMENT,1,
CAND_04700179308094ff127b,2020/063,NAMED_PERSON_ON_ELIGIBLE_RECORD,POTENTIAL_NOT_PRODUCTION_ASSIGNMENT,1,
CAND_0476f61c208f3523584c,2023/204,NAMED_PERSON_ON_ELIGIBLE_RECORD,POTENTIAL_NOT_PRODUCTION_ASSIGNMENT,1,
CAND_04df184efd5a7f7dd945,2023/102,NAMED_PERSON_ON_ELIGIBLE_RECORD,POTENTIAL_NOT_PRODUCTION_ASSIGNMENT,1,
CAND_04f5f4f97ac61401a9b3,2022/120,NAMED_PERSON_ON_ELIGIBLE_RECORD,POTENTIAL_NOT_PRODUCTION_ASSIGNMENT,1,
CAND_0510dbf777f346364a54,2021/166,NAMED_PERSON_ON_ELIGIBLE_RECORD,POTENTIAL_NOT_PRODUCTION_ASSIGNMENT,1,
CAND_052146a645a336cedb67,2024/094,NAMED_PERSON_ON_ELIGIBLE_RECORD,POTENTIAL_NOT_PRODUCTION_ASSIGNMENT,1,
CAND_055f0cda178191e3e070,2020/036,NAMED_PERSON_ON_ELIGIBLE_RECORD,POTENTIAL_NOT_PRODUCTION_ASSIGNMENT,1,
CAND_0585e066b52771a5342a,2023/055,NAMED_PERSON_ON_ELIGIBLE_RECORD,POTENTIAL_NOT_PRODUCTION_ASSIGNMENT,2,
CAND_0585e066b52771a5342a,2024/013,NAMED_PERSON_ON_ELIGIBLE_RECORD,POTENTIAL_NOT_PRODUCTION_ASSIGNMENT,2,
CAND_05a36778d13849b82325,2024/141,NAMED_PERSON_ON_ELIGIBLE_RECORD,POTENTIAL_NOT_PRODUCTION_ASSIGNMENT,1,
CAND_05b052f9ce1392bb9618,2025/112,NAMED_PERSON_ON_ELIGIBLE_RECORD,POTENTIAL_NOT_PRODUCTION_ASSIGNMENT,1,
CAND_05f2280a81fbca072e8f,2022/063,NAMED_PERSON_ON_ELIGIBLE_RECORD,POTENTIAL_NOT_PRODUCTION_ASSIGNMENT,1,
CAND_0605e57a13001f42a84c,2020/012,NAMED_PERSON_ON_ELIGIBLE_RECORD,POTENTIAL_NOT_PRODUCTION_ASSIGNMENT,8,
CAND_0605e57a13001f42a84c,2020/018,NAMED_PERSON_ON_ELIGIBLE_RECORD,POTENTIAL_NOT_PRODUCTION_ASSIGNMENT,8,
CAND_0605e57a13001f42a84c,2020/050,NAMED_PERSON_ON_ELIGIBLE_RECORD,POTENTIAL_NOT_PRODUCTION_ASSIGNMENT,8,
CAND_0605e57a13001f42a84c,2020/061,NAMED_PERSON_ON_ELIGIBLE_RECORD,POTENTIAL_NOT_PRODUCTION_ASSIGNMENT,8,
CAND_0605e57a13001f42a84c,2022/197,NAMED_PERSON_ON_ELIGIBLE_RECORD,POTENTIAL_NOT_PRODUCTION_ASSIGNMENT,8,
CAND_0605e57a13001f42a84c,2023/164,NAMED_PERSON_ON_ELIGIBLE_RECORD,POTENTIAL_NOT_PRODUCTION_ASSIGNMENT,8,
CAND_0605e57a13001f42a84c,2023/170,NAMED_PERSON_ON_ELIGIBLE_RECORD,POTENTIAL_NOT_PRODUCTION_ASSIGNMENT,8,
CAND_0605e57a13001f42a84c,2023/174,NAMED_PERSON_ON_ELIGIBLE_RECORD,POTENTIAL_NOT_PRODUCTION_ASSIGNMENT,8,
CAND_060616f6dc663aa59be6,2022/131,NAMED_PERSON_ON_ELIGIBLE_RECORD,POTENTIAL_NOT_PRODUCTION_ASSIGNMENT,4,
CAND_060616f6dc663aa59be6,2022/183,NAMED_PERSON_ON_ELIGIBLE_RECORD,POTENTIAL_NOT_PRODUCTION_ASSIGNMENT,4,
CAND_060616f6dc663aa59be6,2022/189,NAMED_PERSON_ON_ELIGIBLE_RECORD,POTENTIAL_NOT_PRODUCTION_ASSIGNMENT,4,
CAND_060616f6dc663aa59be6,2023/220,NAMED_PERSON_ON_ELIGIBLE_RECORD,POTENTIAL_NOT_PRODUCTION_ASSIGNMENT,4,
CAND_0631812b9af6464a7728,2024/259,NAMED_PERSON_ON_ELIGIBLE_RECORD,POTENTIAL_NOT_PRODUCTION_ASSIGNMENT,1,
CAND_0633899fda77d417daf5,2025/020,NAMED_PERSON_ON_ELIGIBLE_RECORD,POTENTIAL_NOT_PRODUCTION_ASSIGNMENT,1,
CAND_0638fc627dc018381e1e,2021/098,NAMED_PERSON_ON_ELIGIBLE_RECORD,POTENTIAL_NOT_PRODUCTION_ASSIGNMENT,6,
CAND_0638fc627dc018381e1e,2021/138,NAMED_PERSON_ON_ELIGIBLE_RECORD,POTENTIAL_NOT_PRODUCTION_ASSIGNMENT,6,
CAND_0638fc627dc018381e1e,2021/145,NAMED_PERSON_ON_ELIGIBLE_RECORD,POTENTIAL_NOT_PRODUCTION_ASSIGNMENT,6,
CAND_0638fc627dc018381e1e,2022/175,NAMED_PERSON_ON_ELIGIBLE_RECORD,POTENTIAL_NOT_PRODUCTION_ASSIGNMENT,6,
CAND_0638fc627dc018381e1e,2023/069,NAMED_PERSON_ON_ELIGIBLE_RECORD,POTENTIAL_NOT_PRODUCTION_ASSIGNMENT,6,
CAND_0638fc627dc018381e1e,2023/070,NAMED_PERSON_ON_ELIGIBLE_RECORD,POTENTIAL_NOT_PRODUCTION_ASSIGNMENT,6,
CAND_0642bd2f3151f5031534,2021/105,NAMED_PERSON_ON_ELIGIBLE_RECORD,POTENTIAL_NOT_PRODUCTION_ASSIGNMENT,1,
CAND_0662b5ef10e2bb6b9251,2025/124,NAMED_PERSON_ON_ELIGIBLE_RECORD,POTENTIAL_NOT_PRODUCTION_ASSIGNMENT,1,
CAND_066739e92d29bacb40e3,2021/124,NAMED_PERSON_ON_ELIGIBLE_RECORD,POTENTIAL_NOT_PRODUCTION_ASSIGNMENT,2,
CAND_066739e92d29bacb40e3,2025/076,NAMED_PERSON_ON_ELIGIBLE_RECORD,POTENTIAL_NOT_PRODUCTION_ASSIGNMENT,2,
CAND_067631d187f477ca53e5,2024/036,NAMED_PERSON_ON_ELIGIBLE_RECORD,POTENTIAL_NOT_PRODUCTION_ASSIGNMENT,2,
CAND_067631d187f477ca53e5,2024/050,NAMED_PERSON_ON_ELIGIBLE_RECORD,POTENTIAL_NOT_PRODUCTION_ASSIGNMENT,2,
CAND_068e5f6a72352a1ece02,2023/010,NAMED_PERSON_ON_ELIGIBLE_RECORD,POTENTIAL_NOT_PRODUCTION_ASSIGNMENT,5,
CAND_068e5f6a72352a1ece02,2025/016,NAMED_PERSON_ON_ELIGIBLE_RECORD,POTENTIAL_NOT_PRODUCTION_ASSIGNMENT,5,
CAND_068e5f6a72352a1ece02,2025/026,NAMED_PERSON_ON_ELIGIBLE_RECORD,POTENTIAL_NOT_PRODUCTION_ASSIGNMENT,5,
CAND_068e5f6a72352a1ece02,2025/228,NAMED_PERSON_ON_ELIGIBLE_RECORD,POTENTIAL_NOT_PRODUCTION_ASSIGNMENT,5,
CAND_068e5f6a72352a1ece02,2026/054,NAMED_PERSON_ON_ELIGIBLE_RECORD,POTENTIAL_NOT_PRODUCTION_ASSIGNMENT,5,
CAND_069d97229618d112820b,2020/104,NAMED_PERSON_ON_ELIGIBLE_RECORD,POTENTIAL_NOT_PRODUCTION_ASSIGNMENT,1,
CAND_06b0f1f6256052038247,2020/063,NAMED_PERSON_ON_ELIGIBLE_RECORD,POTENTIAL_NOT_PRODUCTION_ASSIGNMENT,1,
CAND_06c1b885bfba97ed9757,2023/173,NAMED_PERSON_ON_ELIGIBLE_RECORD,POTENTIAL_NOT_PRODUCTION_ASSIGNMENT,1,
CAND_06ca19d8dacfe00354c2,2026/080,NAMED_PERSON_ON_ELIGIBLE_RECORD,POTENTIAL_NOT_PRODUCTION_ASSIGNMENT,1,
CAND_06e48a0d2c121c68b12a,2022/120,NAMED_PERSON_ON_ELIGIBLE_RECORD,POTENTIAL_NOT_PRODUCTION_ASSIGNMENT,1,
CAND_06e840dcf3518b206c64,2025/232,NAMED_PERSON_ON_ELIGIBLE_RECORD,POTENTIAL_NOT_PRODUCTION_ASSIGNMENT,1,
CAND_0704120ff5d384f06277,2026/089,NAMED_PERSON_ON_ELIGIBLE_RECORD,POTENTIAL_NOT_PRODUCTION_ASSIGNMENT,1,
CAND_07137e6484578d6627e6,2021/151,NAMED_PERSON_ON_ELIGIBLE_RECORD,POTENTIAL_NOT_PRODUCTION_ASSIGNMENT,1,
CAND_0722c0fa600f62a5264f,2020/104,NAMED_PERSON_ON_ELIGIBLE_RECORD,POTENTIAL_NOT_PRODUCTION_ASSIGNMENT,2,
CAND_0722c0fa600f62a5264f,2025/021,NAMED_PERSON_ON_ELIGIBLE_RECORD,POTENTIAL_NOT_PRODUCTION_ASSIGNMENT,2,
CAND_073b0d5745dd9c5bb264,2024/147,NAMED_PERSON_ON_ELIGIBLE_RECORD,POTENTIAL_NOT_PRODUCTION_ASSIGNMENT,1,
CAND_074ff5800579339fbef9,2025/250,NAMED_PERSON_ON_ELIGIBLE_RECORD,POTENTIAL_NOT_PRODUCTION_ASSIGNMENT,1,
CAND_078352faa04c413b286a,2022/038,NAMED_PERSON_ON_ELIGIBLE_RECORD,POTENTIAL_NOT_PRODUCTION_ASSIGNMENT,1,
CAND_078eb97349258edbdae1,2024/013,NAMED_PERSON_ON_ELIGIBLE_RECORD,POTENTIAL_NOT_PRODUCTION_ASSIGNMENT,1,
CAND_0792dac799ebba722052,2024/189,NAMED_PERSON_ON_ELIGIBLE_RECORD,POTENTIAL_NOT_PRODUCTION_ASSIGNMENT,1,
CAND_07a0de26d91c18ce539c,2022/115,NAMED_PERSON_ON_ELIGIBLE_RECORD,POTENTIAL_NOT_PRODUCTION_ASSIGNMENT,2,
CAND_07a0de26d91c18ce539c,2023/273,NAMED_PERSON_ON_ELIGIBLE_RECORD,POTENTIAL_NOT_PRODUCTION_ASSIGNMENT,2,
CAND_07a59d7f81b794bdb204,2024/142,NAMED_PERSON_ON_ELIGIBLE_RECORD,POTENTIAL_NOT_PRODUCTION_ASSIGNMENT,1,
CAND_07af985cb9f327d1d204,2023/009,NAMED_PERSON_ON_ELIGIBLE_RECORD,POTENTIAL_NOT_PRODUCTION_ASSIGNMENT,1,
CAND_07bb3c99981ca6aa71d4,2021/021,NAMED_PERSON_ON_ELIGIBLE_RECORD,POTENTIAL_NOT_PRODUCTION_ASSIGNMENT,1,
CAND_07cd198d2af08fa31ecb,2021/138,NAMED_PERSON_ON_ELIGIBLE_RECORD,POTENTIAL_NOT_PRODUCTION_ASSIGNMENT,7,
CAND_07cd198d2af08fa31ecb,2021/145,NAMED_PERSON_ON_ELIGIBLE_RECORD,POTENTIAL_NOT_PRODUCTION_ASSIGNMENT,7,
CAND_07cd198d2af08fa31ecb,2022/175,NAMED_PERSON_ON_ELIGIBLE_RECORD,POTENTIAL_NOT_PRODUCTION_ASSIGNMENT,7,
CAND_07cd198d2af08fa31ecb,2023/069,NAMED_PERSON_ON_ELIGIBLE_RECORD,POTENTIAL_NOT_PRODUCTION_ASSIGNMENT,7,
CAND_07cd198d2af08fa31ecb,2023/070,NAMED_PERSON_ON_ELIGIBLE_RECORD,POTENTIAL_NOT_PRODUCTION_ASSIGNMENT,7,
CAND_07cd198d2af08fa31ecb,2024/076,NAMED_PERSON_ON_ELIGIBLE_RECORD,POTENTIAL_NOT_PRODUCTION_ASSIGNMENT,7,
CAND_07cd198d2af08fa31ecb,2025/267,NAMED_PERSON_ON_ELIGIBLE_RECORD,POTENTIAL_NOT_PRODUCTION_ASSIGNMENT,7,
CAND_08083801b884518801a6,2020/129,NAMED_PERSON_ON_ELIGIBLE_RECORD,POTENTIAL_NOT_PRODUCTION_ASSIGNMENT,1,
CAND_08274aa85532815eb604,2022/083,NAMED_PERSON_ON_ELIGIBLE_RECORD,POTENTIAL_NOT_PRODUCTION_ASSIGNMENT,1,
CAND_082cefb733f8a717aa10,2021/147,NAMED_PERSON_ON_ELIGIBLE_RECORD,POTENTIAL_NOT_PRODUCTION_ASSIGNMENT,1,
CAND_0837162bb68a715a9b87,2025/094,NAMED_PERSON_ON_ELIGIBLE_RECORD,POTENTIAL_NOT_PRODUCTION_ASSIGNMENT,1,
CAND_085ed0de8365e65e1a1c,2024/096,NAMED_PERSON_ON_ELIGIBLE_RECORD,POTENTIAL_NOT_PRODUCTION_ASSIGNMENT,1,
CAND_087cf9752bb93357b81c,2020/104,NAMED_PERSON_ON_ELIGIBLE_RECORD,POTENTIAL_NOT_PRODUCTION_ASSIGNMENT,1,
CAND_08dabb15461e41dbccff,2025/016,NAMED_PERSON_ON_ELIGIBLE_RECORD,POTENTIAL_NOT_PRODUCTION_ASSIGNMENT,2,
CAND_08dabb15461e41dbccff,2025/026,NAMED_PERSON_ON_ELIGIBLE_RECORD,POTENTIAL_NOT_PRODUCTION_ASSIGNMENT,2,
CAND_08ed94e3546de607150e,2020/104,NAMED_PERSON_ON_ELIGIBLE_RECORD,POTENTIAL_NOT_PRODUCTION_ASSIGNMENT,1,
CAND_08f38355ed5d41dadf9b,2025/218,NAMED_PERSON_ON_ELIGIBLE_RECORD,POTENTIAL_NOT_PRODUCTION_ASSIGNMENT,1,
CAND_0906924b281e64ed9b23,2022/131,NAMED_PERSON_ON_ELIGIBLE_RECORD,POTENTIAL_NOT_PRODUCTION_ASSIGNMENT,3,
CAND_0906924b281e64ed9b23,2022/183,NAMED_PERSON_ON_ELIGIBLE_RECORD,POTENTIAL_NOT_PRODUCTION_ASSIGNMENT,3,
CAND_0906924b281e64ed9b23,2022/189,NAMED_PERSON_ON_ELIGIBLE_RECORD,POTENTIAL_NOT_PRODUCTION_ASSIGNMENT,3,
CAND_0910ec2939f62ade1755,2025/065,NAMED_PERSON_ON_ELIGIBLE_RECORD,POTENTIAL_NOT_PRODUCTION_ASSIGNMENT,1,
CAND_091208584031d334d771,2020/027,NAMED_PERSON_ON_ELIGIBLE_RECORD,POTENTIAL_NOT_PRODUCTION_ASSIGNMENT,1,
CAND_093978c9cdd71f6268fe,2025/189,NAMED_PERSON_ON_ELIGIBLE_RECORD,POTENTIAL_NOT_PRODUCTION_ASSIGNMENT,1,
CAND_09481062c707796c4929,2025/084,NAMED_PERSON_ON_ELIGIBLE_RECORD,POTENTIAL_NOT_PRODUCTION_ASSIGNMENT,1,
CAND_09658bbe07860d212389,2021/100,NAMED_PERSON_ON_ELIGIBLE_RECORD,POTENTIAL_NOT_PRODUCTION_ASSIGNMENT,1,
CAND_096dd6dbac2a4e1522ea,2021/147,NAMED_PERSON_ON_ELIGIBLE_RECORD,POTENTIAL_NOT_PRODUCTION_ASSIGNMENT,1,
CAND_097b9abec26a78db5945,2020/006,NAMED_PERSON_ON_ELIGIBLE_RECORD,POTENTIAL_NOT_PRODUCTION_ASSIGNMENT,1,
CAND_0981a18f4813c586074b,2026/064,NAMED_PERSON_ON_ELIGIBLE_RECORD,POTENTIAL_NOT_PRODUCTION_ASSIGNMENT,1,
CAND_09b2b040e8f732a11bde,2023/253,NAMED_PERSON_ON_ELIGIBLE_RECORD,POTENTIAL_NOT_PRODUCTION_ASSIGNMENT,1,
CAND_09b351ebb8fbfea4eef7,2020/047,NAMED_PERSON_ON_ELIGIBLE_RECORD,POTENTIAL_NOT_PRODUCTION_ASSIGNMENT,3,
CAND_09b351ebb8fbfea4eef7,2023/162,NAMED_PERSON_ON_ELIGIBLE_RECORD,POTENTIAL_NOT_PRODUCTION_ASSIGNMENT,3,
CAND_09b351ebb8fbfea4eef7,2023/166,NAMED_PERSON_ON_ELIGIBLE_RECORD,POTENTIAL_NOT_PRODUCTION_ASSIGNMENT,3,
CAND_09b985ad1ecf7743792e,2025/073,NAMED_PERSON_ON_ELIGIBLE_RECORD,POTENTIAL_NOT_PRODUCTION_ASSIGNMENT,1,
CAND_09cf03e69f9f02e989a4,2025/216,NAMED_PERSON_ON_ELIGIBLE_RECORD,POTENTIAL_NOT_PRODUCTION_ASSIGNMENT,1,
CAND_0a088baa7725fc3130db,2020/020,NAMED_PERSON_ON_ELIGIBLE_RECORD,POTENTIAL_NOT_PRODUCTION_ASSIGNMENT,1,
CAND_0a387638d7b35af8c9e0,2023/132,NAMED_PERSON_ON_ELIGIBLE_RECORD,POTENTIAL_NOT_PRODUCTION_ASSIGNMENT,1,
CAND_0a4c061bd013dcc1ab45,2025/189,NAMED_PERSON_ON_ELIGIBLE_RECORD,POTENTIAL_NOT_PRODUCTION_ASSIGNMENT,1,
CAND_0a6198fdbfe77b6d6b1f,2022/030,NAMED_PERSON_ON_ELIGIBLE_RECORD,POTENTIAL_NOT_PRODUCTION_ASSIGNMENT,1,
CAND_0a6731f081b702289220,2023/298,NAMED_PERSON_ON_ELIGIBLE_RECORD,POTENTIAL_NOT_PRODUCTION_ASSIGNMENT,1,
CAND_0a7d318d654a5877235f,2026/049,NAMED_PERSON_ON_ELIGIBLE_RECORD,POTENTIAL_NOT_PRODUCTION_ASSIGNMENT,1,
CAND_0a8bfff523843c2ed3e1,2025/014,NAMED_PERSON_ON_ELIGIBLE_RECORD,POTENTIAL_NOT_PRODUCTION_ASSIGNMENT,1,
CAND_0a8d71e8bc27c5f470a3,2023/235,NAMED_PERSON_ON_ELIGIBLE_RECORD,POTENTIAL_NOT_PRODUCTION_ASSIGNMENT,1,
CAND_0aaa3fe87bdca22f5f19,2023/291,NAMED_PERSON_ON_ELIGIBLE_RECORD,POTENTIAL_NOT_PRODUCTION_ASSIGNMENT,1,
CAND_0ab02b457b02c10c3abd,2020/027,NAMED_PERSON_ON_ELIGIBLE_RECORD,POTENTIAL_NOT_PRODUCTION_ASSIGNMENT,1,
CAND_0ab0840993cc3114846c,2020/047,NAMED_PERSON_ON_ELIGIBLE_RECORD,POTENTIAL_NOT_PRODUCTION_ASSIGNMENT,2,
CAND_0ab0840993cc3114846c,2024/118,NAMED_PERSON_ON_ELIGIBLE_RECORD,POTENTIAL_NOT_PRODUCTION_ASSIGNMENT,2,
CAND_0abe82748dbde27f9ea0,2021/161,NAMED_PERSON_ON_ELIGIBLE_RECORD,POTENTIAL_NOT_PRODUCTION_ASSIGNMENT,1,
CAND_0aec4b520c69b4949244,2025/021,NAMED_PERSON_ON_ELIGIBLE_RECORD,POTENTIAL_NOT_PRODUCTION_ASSIGNMENT,1,
CAND_0b02a75721786e8e4624,2021/163,NAMED_PERSON_ON_ELIGIBLE_RECORD,POTENTIAL_NOT_PRODUCTION_ASSIGNMENT,1,
CAND_0b3556f3bd8b1b1658a0,2025/046,NAMED_PERSON_ON_ELIGIBLE_RECORD,POTENTIAL_NOT_PRODUCTION_ASSIGNMENT,2,
CAND_0b3556f3bd8b1b1658a0,2025/103,NAMED_PERSON_ON_ELIGIBLE_RECORD,POTENTIAL_NOT_PRODUCTION_ASSIGNMENT,2,
CAND_0b3aa3fc6ebc4a6fa141,2026/064,NAMED_PERSON_ON_ELIGIBLE_RECORD,POTENTIAL_NOT_PRODUCTION_ASSIGNMENT,1,
CAND_0b3c43f1785a24eebbe5,2020/069,NAMED_PERSON_ON_ELIGIBLE_RECORD,POTENTIAL_NOT_PRODUCTION_ASSIGNMENT,2,
CAND_0b3c43f1785a24eebbe5,2025/162,NAMED_PERSON_ON_ELIGIBLE_RECORD,POTENTIAL_NOT_PRODUCTION_ASSIGNMENT,2,
CAND_0b54378960ff52936abd,2024/096,NAMED_PERSON_ON_ELIGIBLE_RECORD,POTENTIAL_NOT_PRODUCTION_ASSIGNMENT,1,
CAND_0b75b5bbe2c3e58d9e4c,2026/030,NAMED_PERSON_ON_ELIGIBLE_RECORD,POTENTIAL_NOT_PRODUCTION_ASSIGNMENT,1,
CAND_0b7aa220e9d6e52384f7,2020/017,NAMED_PERSON_ON_ELIGIBLE_RECORD,POTENTIAL_NOT_PRODUCTION_ASSIGNMENT,2,
CAND_0b7aa220e9d6e52384f7,2020/093,NAMED_PERSON_ON_ELIGIBLE_RECORD,POTENTIAL_NOT_PRODUCTION_ASSIGNMENT,2,
CAND_0b8f428da26f30349ccb,2024/091,NAMED_PERSON_ON_ELIGIBLE_RECORD,POTENTIAL_NOT_PRODUCTION_ASSIGNMENT,1,
CAND_0b96423aaf5ea87de373,2021/037,NAMED_PERSON_ON_ELIGIBLE_RECORD,POTENTIAL_NOT_PRODUCTION_ASSIGNMENT,1,
CAND_0b9e5fb5edf294bff2b4,2020/104,NAMED_PERSON_ON_ELIGIBLE_RECORD,POTENTIAL_NOT_PRODUCTION_ASSIGNMENT,1,
CAND_0ba2d0e26717c5a911df,2020/027,NAMED_PERSON_ON_ELIGIBLE_RECORD,POTENTIAL_NOT_PRODUCTION_ASSIGNMENT,1,
CAND_0bb09ff8edf5795c748b,2021/162,NAMED_PERSON_ON_ELIGIBLE_RECORD,POTENTIAL_NOT_PRODUCTION_ASSIGNMENT,2,
CAND_0bb09ff8edf5795c748b,2024/174,NAMED_PERSON_ON_ELIGIBLE_RECORD,POTENTIAL_NOT_PRODUCTION_ASSIGNMENT,2,
CAND_0bbfcc538b2e7229d8f2,2024/206,NAMED_PERSON_ON_ELIGIBLE_RECORD,POTENTIAL_NOT_PRODUCTION_ASSIGNMENT,1,
CAND_0bc08c9f6575eba9cea1,2026/059,NAMED_PERSON_ON_ELIGIBLE_RECORD,POTENTIAL_NOT_PRODUCTION_ASSIGNMENT,1,
CAND_0befa53b146d631b1c7a,2026/072,NAMED_PERSON_ON_ELIGIBLE_RECORD,POTENTIAL_NOT_PRODUCTION_ASSIGNMENT,1,
CAND_0bfd37b07c91c2018f20,2025/224,NAMED_PERSON_ON_ELIGIBLE_RECORD,POTENTIAL_NOT_PRODUCTION_ASSIGNMENT,2,
CAND_0bfd37b07c91c2018f20,2026/082,NAMED_PERSON_ON_ELIGIBLE_RECORD,POTENTIAL_NOT_PRODUCTION_ASSIGNMENT,2,
CAND_0c2f1c1bb4b420353073,2024/246,NAMED_PERSON_ON_ELIGIBLE_RECORD,POTENTIAL_NOT_PRODUCTION_ASSIGNMENT,2,
CAND_0c2f1c1bb4b420353073,2025/077,NAMED_PERSON_ON_ELIGIBLE_RECORD,POTENTIAL_NOT_PRODUCTION_ASSIGNMENT,2,
CAND_0c2f5d2a26cc27beeb45,2021/046,NAMED_PERSON_ON_ELIGIBLE_RECORD,POTENTIAL_NOT_PRODUCTION_ASSIGNMENT,1,
CAND_0c328416b1e329b2a679,2021/151,NAMED_PERSON_ON_ELIGIBLE_RECORD,POTENTIAL_NOT_PRODUCTION_ASSIGNMENT,1,
CAND_0c353967b78420b003c8,2022/161,NAMED_PERSON_ON_ELIGIBLE_RECORD,POTENTIAL_NOT_PRODUCTION_ASSIGNMENT,2,
CAND_0c353967b78420b003c8,2025/019,NAMED_PERSON_ON_ELIGIBLE_RECORD,POTENTIAL_NOT_PRODUCTION_ASSIGNMENT,2,
CAND_0c4b3335e16e40635c22,2024/138,NAMED_PERSON_ON_ELIGIBLE_RECORD,POTENTIAL_NOT_PRODUCTION_ASSIGNMENT,1,
CAND_0cd50c1e7243d6c5406e,2020/104,NAMED_PERSON_ON_ELIGIBLE_RECORD,POTENTIAL_NOT_PRODUCTION_ASSIGNMENT,1,
CAND_0d4eecdb2bca448111e0,2024/071,NAMED_PERSON_ON_ELIGIBLE_RECORD,POTENTIAL_NOT_PRODUCTION_ASSIGNMENT,4,
CAND_0d4eecdb2bca448111e0,2024/122,NAMED_PERSON_ON_ELIGIBLE_RECORD,POTENTIAL_NOT_PRODUCTION_ASSIGNMENT,4,
CAND_0d4eecdb2bca448111e0,2025/013,NAMED_PERSON_ON_ELIGIBLE_RECORD,POTENTIAL_NOT_PRODUCTION_ASSIGNMENT,4,
CAND_0d4eecdb2bca448111e0,2025/017,NAMED_PERSON_ON_ELIGIBLE_RECORD,POTENTIAL_NOT_PRODUCTION_ASSIGNMENT,4,
CAND_0d8524989c7986912845,2020/104,NAMED_PERSON_ON_ELIGIBLE_RECORD,POTENTIAL_NOT_PRODUCTION_ASSIGNMENT,1,
CAND_0d9848b4beae32804086,2025/170,NAMED_PERSON_ON_ELIGIBLE_RECORD,POTENTIAL_NOT_PRODUCTION_ASSIGNMENT,3,
CAND_0d9848b4beae32804086,2025/176,NAMED_PERSON_ON_ELIGIBLE_RECORD,POTENTIAL_NOT_PRODUCTION_ASSIGNMENT,3,
CAND_0d9848b4beae32804086,2025/191,NAMED_PERSON_ON_ELIGIBLE_RECORD,POTENTIAL_NOT_PRODUCTION_ASSIGNMENT,3,
CAND_0dbea34a1134da1fe457,2025/067,NAMED_PERSON_ON_ELIGIBLE_RECORD,POTENTIAL_NOT_PRODUCTION_ASSIGNMENT,1,
CAND_0df149cd8a73224d9cd5,2020/063,NAMED_PERSON_ON_ELIGIBLE_RECORD,POTENTIAL_NOT_PRODUCTION_ASSIGNMENT,1,
CAND_0e0af5d29a5d4086ed4d,2021/132,NAMED_PERSON_ON_ELIGIBLE_RECORD,POTENTIAL_NOT_PRODUCTION_ASSIGNMENT,2,
CAND_0e0af5d29a5d4086ed4d,2025/180,NAMED_PERSON_ON_ELIGIBLE_RECORD,POTENTIAL_NOT_PRODUCTION_ASSIGNMENT,2,
CAND_0e27d69b3909968f2dc6,2023/009,NAMED_PERSON_ON_ELIGIBLE_RECORD,POTENTIAL_NOT_PRODUCTION_ASSIGNMENT,2,
CAND_0e27d69b3909968f2dc6,2023/050,NAMED_PERSON_ON_ELIGIBLE_RECORD,POTENTIAL_NOT_PRODUCTION_ASSIGNMENT,2,
CAND_0e3659f0cd3fc36d87a8,2020/027,NAMED_PERSON_ON_ELIGIBLE_RECORD,POTENTIAL_NOT_PRODUCTION_ASSIGNMENT,1,
CAND_0e4fce52f0427dc2f6cc,2019/020,NAMED_PERSON_ON_ELIGIBLE_RECORD,POTENTIAL_NOT_PRODUCTION_ASSIGNMENT,1,
CAND_0e697125b7f0e0f73dac,2022/169,NAMED_PERSON_ON_ELIGIBLE_RECORD,POTENTIAL_NOT_PRODUCTION_ASSIGNMENT,1,
CAND_0e6ed4c7a2c921ab802c,2021/087,NAMED_PERSON_ON_ELIGIBLE_RECORD,POTENTIAL_NOT_PRODUCTION_ASSIGNMENT,1,
CAND_0e7ac2f055632897ebfe,2023/040,NAMED_PERSON_ON_ELIGIBLE_RECORD,POTENTIAL_NOT_PRODUCTION_ASSIGNMENT,1,
CAND_0e8b3a384c6b46ac20a9,2021/121,NAMED_PERSON_ON_ELIGIBLE_RECORD,POTENTIAL_NOT_PRODUCTION_ASSIGNMENT,1,
CAND_0e8df1c832b70409287b,2021/163,NAMED_PERSON_ON_ELIGIBLE_RECORD,POTENTIAL_NOT_PRODUCTION_ASSIGNMENT,1,
CAND_0e94312a7d59424afe6a,2021/052,NAMED_PERSON_ON_ELIGIBLE_RECORD,POTENTIAL_NOT_PRODUCTION_ASSIGNMENT,1,
CAND_0e990164af15f4ecc1ea,2021/045,NAMED_PERSON_ON_ELIGIBLE_RECORD,POTENTIAL_NOT_PRODUCTION_ASSIGNMENT,2,
CAND_0e990164af15f4ecc1ea,2024/125,NAMED_PERSON_ON_ELIGIBLE_RECORD,POTENTIAL_NOT_PRODUCTION_ASSIGNMENT,2,
CAND_0ea4040c3f01d6fce072,2022/095,NAMED_PERSON_ON_ELIGIBLE_RECORD,POTENTIAL_NOT_PRODUCTION_ASSIGNMENT,1,
CAND_0ec9bd802eded001e3b2,2022/063,NAMED_PERSON_ON_ELIGIBLE_RECORD,POTENTIAL_NOT_PRODUCTION_ASSIGNMENT,2,
CAND_0ec9bd802eded001e3b2,2023/034,NAMED_PERSON_ON_ELIGIBLE_RECORD,POTENTIAL_NOT_PRODUCTION_ASSIGNMENT,2,
CAND_0f2409499736946a4738,2020/008,NAMED_PERSON_ON_ELIGIBLE_RECORD,POTENTIAL_NOT_PRODUCTION_ASSIGNMENT,3,
CAND_0f2409499736946a4738,2021/119,NAMED_PERSON_ON_ELIGIBLE_RECORD,POTENTIAL_NOT_PRODUCTION_ASSIGNMENT,3,
CAND_0f2409499736946a4738,2022/157,NAMED_PERSON_ON_ELIGIBLE_RECORD,POTENTIAL_NOT_PRODUCTION_ASSIGNMENT,3,
CAND_0f43f0d42c31d43d9ccf,2023/001,NAMED_PERSON_ON_ELIGIBLE_RECORD,POTENTIAL_NOT_PRODUCTION_ASSIGNMENT,1,
CAND_0f492d809cb1fb0b0be7,2020/029,NAMED_PERSON_ON_ELIGIBLE_RECORD,POTENTIAL_NOT_PRODUCTION_ASSIGNMENT,5,
CAND_0f492d809cb1fb0b0be7,2023/151,NAMED_PERSON_ON_ELIGIBLE_RECORD,POTENTIAL_NOT_PRODUCTION_ASSIGNMENT,5,
CAND_0f492d809cb1fb0b0be7,2025/085,NAMED_PERSON_ON_ELIGIBLE_RECORD,POTENTIAL_NOT_PRODUCTION_ASSIGNMENT,5,
CAND_0f492d809cb1fb0b0be7,2025/162,NAMED_PERSON_ON_ELIGIBLE_RECORD,POTENTIAL_NOT_PRODUCTION_ASSIGNMENT,5,
CAND_0f492d809cb1fb0b0be7,2025/194,NAMED_PERSON_ON_ELIGIBLE_RECORD,POTENTIAL_NOT_PRODUCTION_ASSIGNMENT,5,
CAND_0f4c93a4c203a971e062,2020/129,NAMED_PERSON_ON_ELIGIBLE_RECORD,POTENTIAL_NOT_PRODUCTION_ASSIGNMENT,2,
CAND_0f4c93a4c203a971e062,2023/004,NAMED_PERSON_ON_ELIGIBLE_RECORD,POTENTIAL_NOT_PRODUCTION_ASSIGNMENT,2,
CAND_0f763778818d5b402d3f,2020/024,NAMED_PERSON_ON_ELIGIBLE_RECORD,POTENTIAL_NOT_PRODUCTION_ASSIGNMENT,1,
CAND_0fb704be052a7890211b,2025/054,NAMED_PERSON_ON_ELIGIBLE_RECORD,POTENTIAL_NOT_PRODUCTION_ASSIGNMENT,2,
CAND_0fb704be052a7890211b,2026/064,NAMED_PERSON_ON_ELIGIBLE_RECORD,POTENTIAL_NOT_PRODUCTION_ASSIGNMENT,2,
CAND_0fd99cfe6366652bc3ed,2022/140,NAMED_PERSON_ON_ELIGIBLE_RECORD,POTENTIAL_NOT_PRODUCTION_ASSIGNMENT,2,
CAND_0fd99cfe6366652bc3ed,2024/203,NAMED_PERSON_ON_ELIGIBLE_RECORD,POTENTIAL_NOT_PRODUCTION_ASSIGNMENT,2,
CAND_1007a21e38b573e04229,2020/104,NAMED_PERSON_ON_ELIGIBLE_RECORD,POTENTIAL_NOT_PRODUCTION_ASSIGNMENT,1,
CAND_10362a0b4108c82e0415,2019/018,NAMED_PERSON_ON_ELIGIBLE_RECORD,POTENTIAL_NOT_PRODUCTION_ASSIGNMENT,1,
CAND_104a1741eb5ba8315cb0,2021/037,NAMED_PERSON_ON_ELIGIBLE_RECORD,POTENTIAL_NOT_PRODUCTION_ASSIGNMENT,2,
CAND_104a1741eb5ba8315cb0,2022/008,NAMED_PERSON_ON_ELIGIBLE_RECORD,POTENTIAL_NOT_PRODUCTION_ASSIGNMENT,2,
CAND_104eafea5c1c33a2b722,2023/016,NAMED_PERSON_ON_ELIGIBLE_RECORD,POTENTIAL_NOT_PRODUCTION_ASSIGNMENT,1,
CAND_10528fda076f5994066d,2020/099,NAMED_PERSON_ON_ELIGIBLE_RECORD,POTENTIAL_NOT_PRODUCTION_ASSIGNMENT,1,
CAND_10628a2a108b6458e221,2025/129,NAMED_PERSON_ON_ELIGIBLE_RECORD,POTENTIAL_NOT_PRODUCTION_ASSIGNMENT,1,
CAND_10640657aa6779bdd110,2019/022,NAMED_PERSON_ON_ELIGIBLE_RECORD,POTENTIAL_NOT_PRODUCTION_ASSIGNMENT,1,
CAND_1090b115d491725ae530,2021/167,NAMED_PERSON_ON_ELIGIBLE_RECORD,POTENTIAL_NOT_PRODUCTION_ASSIGNMENT,1,
CAND_1095dcf324735847ced9,2020/046,NAMED_PERSON_ON_ELIGIBLE_RECORD,POTENTIAL_NOT_PRODUCTION_ASSIGNMENT,3,
CAND_1095dcf324735847ced9,2023/031,NAMED_PERSON_ON_ELIGIBLE_RECORD,POTENTIAL_NOT_PRODUCTION_ASSIGNMENT,3,
CAND_1095dcf324735847ced9,2023/060,NAMED_PERSON_ON_ELIGIBLE_RECORD,POTENTIAL_NOT_PRODUCTION_ASSIGNMENT,3,
CAND_109d779a24b3042fe49b,2020/102 CLOSED,NAMED_PERSON_ON_ELIGIBLE_RECORD,POTENTIAL_NOT_PRODUCTION_ASSIGNMENT,1,
CAND_10aa7fe5da12aa751a29,2020/027,NAMED_PERSON_ON_ELIGIBLE_RECORD,POTENTIAL_NOT_PRODUCTION_ASSIGNMENT,1,
CAND_10b7fc3eaa11644176a7,2022/012,NAMED_PERSON_ON_ELIGIBLE_RECORD,POTENTIAL_NOT_PRODUCTION_ASSIGNMENT,2,
CAND_10b7fc3eaa11644176a7,2024/051,NAMED_PERSON_ON_ELIGIBLE_RECORD,POTENTIAL_NOT_PRODUCTION_ASSIGNMENT,2,
CAND_10c7ec9ce7bf75fed771,2020/027,NAMED_PERSON_ON_ELIGIBLE_RECORD,POTENTIAL_NOT_PRODUCTION_ASSIGNMENT,1,
CAND_10d0399d248ed2a033d4,2021/141,NAMED_PERSON_ON_ELIGIBLE_RECORD,POTENTIAL_NOT_PRODUCTION_ASSIGNMENT,1,
CAND_10d9a1959701321fbafb,2024/259,NAMED_PERSON_ON_ELIGIBLE_RECORD,POTENTIAL_NOT_PRODUCTION_ASSIGNMENT,1,
CAND_111ec8d7c9faf64c2227,2025/093,NAMED_PERSON_ON_ELIGIBLE_RECORD,POTENTIAL_NOT_PRODUCTION_ASSIGNMENT,1,
CAND_1130f4c980a8763c11c0,2024/251,NAMED_PERSON_ON_ELIGIBLE_RECORD,POTENTIAL_NOT_PRODUCTION_ASSIGNMENT,1,
CAND_1134317f434b015a87af,2025/149,NAMED_PERSON_ON_ELIGIBLE_RECORD,POTENTIAL_NOT_PRODUCTION_ASSIGNMENT,1,
CAND_11379eced1c9b2de54d6,2023/313,NAMED_PERSON_ON_ELIGIBLE_RECORD,POTENTIAL_NOT_PRODUCTION_ASSIGNMENT,1,
CAND_11504d3cca6390b4cd5d,2020/027,NAMED_PERSON_ON_ELIGIBLE_RECORD,POTENTIAL_NOT_PRODUCTION_ASSIGNMENT,2,
CAND_11504d3cca6390b4cd5d,2020/104,NAMED_PERSON_ON_ELIGIBLE_RECORD,POTENTIAL_NOT_PRODUCTION_ASSIGNMENT,2,
CAND_11578e6b70eeeddca410,2023/299,NAMED_PERSON_ON_ELIGIBLE_RECORD,POTENTIAL_NOT_PRODUCTION_ASSIGNMENT,1,
CAND_115cb9c3fb5d21219548,2024/072,NAMED_PERSON_ON_ELIGIBLE_RECORD,POTENTIAL_NOT_PRODUCTION_ASSIGNMENT,1,
CAND_1172cab9801859a4f254,2023/064,NAMED_PERSON_ON_ELIGIBLE_RECORD,POTENTIAL_NOT_PRODUCTION_ASSIGNMENT,1,
CAND_1182de31d83d519e2e1c,2026/002,NAMED_PERSON_ON_ELIGIBLE_RECORD,POTENTIAL_NOT_PRODUCTION_ASSIGNMENT,1,
CAND_118fc218e9c3182c47f0,2025/067,NAMED_PERSON_ON_ELIGIBLE_RECORD,POTENTIAL_NOT_PRODUCTION_ASSIGNMENT,1,
CAND_1197025a670068a86a49,2020/047,NAMED_PERSON_ON_ELIGIBLE_RECORD,POTENTIAL_NOT_PRODUCTION_ASSIGNMENT,3,
CAND_1197025a670068a86a49,2020/118,NAMED_PERSON_ON_ELIGIBLE_RECORD,POTENTIAL_NOT_PRODUCTION_ASSIGNMENT,3,
CAND_1197025a670068a86a49,2024/088,NAMED_PERSON_ON_ELIGIBLE_RECORD,POTENTIAL_NOT_PRODUCTION_ASSIGNMENT,3,
CAND_11b0f2501bd4ec7be020,2026/076,NAMED_PERSON_ON_ELIGIBLE_RECORD,POTENTIAL_NOT_PRODUCTION_ASSIGNMENT,1,
CAND_11d4971949b785789ea3,2020/047,NAMED_PERSON_ON_ELIGIBLE_RECORD,POTENTIAL_NOT_PRODUCTION_ASSIGNMENT,1,
CAND_11da874b585225106a4f,2021/058,NAMED_PERSON_ON_ELIGIBLE_RECORD,POTENTIAL_NOT_PRODUCTION_ASSIGNMENT,2,
CAND_11da874b585225106a4f,2023/234,NAMED_PERSON_ON_ELIGIBLE_RECORD,POTENTIAL_NOT_PRODUCTION_ASSIGNMENT,2,
CAND_11fd512ba67f10a79ed7,2025/105,NAMED_PERSON_ON_ELIGIBLE_RECORD,POTENTIAL_NOT_PRODUCTION_ASSIGNMENT,1,
CAND_122e856ad7e132516bb4,2020/027,NAMED_PERSON_ON_ELIGIBLE_RECORD,POTENTIAL_NOT_PRODUCTION_ASSIGNMENT,2,
CAND_122e856ad7e132516bb4,2023/228,NAMED_PERSON_ON_ELIGIBLE_RECORD,POTENTIAL_NOT_PRODUCTION_ASSIGNMENT,2,
CAND_1293b8f32b1dc4eae35e,2026/002,NAMED_PERSON_ON_ELIGIBLE_RECORD,POTENTIAL_NOT_PRODUCTION_ASSIGNMENT,1,
CAND_129cb6e43b9def23ea44,2025/083,NAMED_PERSON_ON_ELIGIBLE_RECORD,POTENTIAL_NOT_PRODUCTION_ASSIGNMENT,1,
CAND_129f97a0b8053a3ebf76,2020/047,NAMED_PERSON_ON_ELIGIBLE_RECORD,POTENTIAL_NOT_PRODUCTION_ASSIGNMENT,1,
CAND_12a0a38764f51e7e05a9,2022/114,NAMED_PERSON_ON_ELIGIBLE_RECORD,POTENTIAL_NOT_PRODUCTION_ASSIGNMENT,1,
CAND_1300d14061e0a3cd88d6,2026/061,NAMED_PERSON_ON_ELIGIBLE_RECORD,POTENTIAL_NOT_PRODUCTION_ASSIGNMENT,1,
CAND_139ac15e9056b52901a9,2019/023,NAMED_PERSON_ON_ELIGIBLE_RECORD,POTENTIAL_NOT_PRODUCTION_ASSIGNMENT,1,
CAND_13fc25b67d160f73f6d5,2022/138,NAMED_PERSON_ON_ELIGIBLE_RECORD,POTENTIAL_NOT_PRODUCTION_ASSIGNMENT,4,
CAND_13fc25b67d160f73f6d5,2023/242,NAMED_PERSON_ON_ELIGIBLE_RECORD,POTENTIAL_NOT_PRODUCTION_ASSIGNMENT,4,
CAND_13fc25b67d160f73f6d5,2023/277,NAMED_PERSON_ON_ELIGIBLE_RECORD,POTENTIAL_NOT_PRODUCTION_ASSIGNMENT,4,
CAND_13fc25b67d160f73f6d5,2024/083,NAMED_PERSON_ON_ELIGIBLE_RECORD,POTENTIAL_NOT_PRODUCTION_ASSIGNMENT,4,
CAND_140965e5f41a47ceb5df,2025/120,NAMED_PERSON_ON_ELIGIBLE_RECORD,POTENTIAL_NOT_PRODUCTION_ASSIGNMENT,1,
CAND_1419277f654015b3ed7c,2022/005,NAMED_PERSON_ON_ELIGIBLE_RECORD,POTENTIAL_NOT_PRODUCTION_ASSIGNMENT,1,
CAND_1437eef06068b290abfc,2025/085,NAMED_PERSON_ON_ELIGIBLE_RECORD,POTENTIAL_NOT_PRODUCTION_ASSIGNMENT,1,
CAND_1441199e7367c24f689c,2023/256,NAMED_PERSON_ON_ELIGIBLE_RECORD,POTENTIAL_NOT_PRODUCTION_ASSIGNMENT,1,
CAND_1447c7bac503fd818d38,2024/086,NAMED_PERSON_ON_ELIGIBLE_RECORD,POTENTIAL_NOT_PRODUCTION_ASSIGNMENT,1,
CAND_14528e089dfbbda9ddfb,2020/027,NAMED_PERSON_ON_ELIGIBLE_RECORD,POTENTIAL_NOT_PRODUCTION_ASSIGNMENT,1,
CAND_14697ba40b02f65fdd6a,2021/176,NAMED_PERSON_ON_ELIGIBLE_RECORD,POTENTIAL_NOT_PRODUCTION_ASSIGNMENT,1,
CAND_148f3c0753c3b3b88d63,2025/055,NAMED_PERSON_ON_ELIGIBLE_RECORD,POTENTIAL_NOT_PRODUCTION_ASSIGNMENT,1,
CAND_149757c449fff8669b25,2024/237,NAMED_PERSON_ON_ELIGIBLE_RECORD,POTENTIAL_NOT_PRODUCTION_ASSIGNMENT,1,
CAND_14ce06a33fff628232f2,2021/032,NAMED_PERSON_ON_ELIGIBLE_RECORD,POTENTIAL_NOT_PRODUCTION_ASSIGNMENT,3,
CAND_14ce06a33fff628232f2,2021/099,NAMED_PERSON_ON_ELIGIBLE_RECORD,POTENTIAL_NOT_PRODUCTION_ASSIGNMENT,3,
CAND_14ce06a33fff628232f2,2021/172,NAMED_PERSON_ON_ELIGIBLE_RECORD,POTENTIAL_NOT_PRODUCTION_ASSIGNMENT,3,
CAND_14ecb4235568197a817a,2023/084,NAMED_PERSON_ON_ELIGIBLE_RECORD,POTENTIAL_NOT_PRODUCTION_ASSIGNMENT,1,
CAND_15028df69d76efe8ffde,2021/161,NAMED_PERSON_ON_ELIGIBLE_RECORD,POTENTIAL_NOT_PRODUCTION_ASSIGNMENT,1,
CAND_1518c0e09539814efa2d,2024/016,NAMED_PERSON_ON_ELIGIBLE_RECORD,POTENTIAL_NOT_PRODUCTION_ASSIGNMENT,1,
CAND_153ad556e1b7449d0db8,2020/046,NAMED_PERSON_ON_ELIGIBLE_RECORD,POTENTIAL_NOT_PRODUCTION_ASSIGNMENT,3,
CAND_153ad556e1b7449d0db8,2023/031,NAMED_PERSON_ON_ELIGIBLE_RECORD,POTENTIAL_NOT_PRODUCTION_ASSIGNMENT,3,
CAND_153ad556e1b7449d0db8,2023/060,NAMED_PERSON_ON_ELIGIBLE_RECORD,POTENTIAL_NOT_PRODUCTION_ASSIGNMENT,3,
CAND_154a8fc7ebaeefe7d4d0,2020/047,NAMED_PERSON_ON_ELIGIBLE_RECORD,POTENTIAL_NOT_PRODUCTION_ASSIGNMENT,1,
CAND_15895a70aa652c9e5fd9,2020/112,NAMED_PERSON_ON_ELIGIBLE_RECORD,POTENTIAL_NOT_PRODUCTION_ASSIGNMENT,1,
CAND_15c342cd09c4182bcbc1,2024/055,NAMED_PERSON_ON_ELIGIBLE_RECORD,POTENTIAL_NOT_PRODUCTION_ASSIGNMENT,2,
CAND_15c342cd09c4182bcbc1,2024/143,NAMED_PERSON_ON_ELIGIBLE_RECORD,POTENTIAL_NOT_PRODUCTION_ASSIGNMENT,2,
CAND_15ecc18d67c87329a809,2020/056,NAMED_PERSON_ON_ELIGIBLE_RECORD,POTENTIAL_NOT_PRODUCTION_ASSIGNMENT,1,
CAND_15f027165254d9ae0645,2021/109,NAMED_PERSON_ON_ELIGIBLE_RECORD,POTENTIAL_NOT_PRODUCTION_ASSIGNMENT,1,
CAND_15f571341a84902ca1cb,2023/167,NAMED_PERSON_ON_ELIGIBLE_RECORD,POTENTIAL_NOT_PRODUCTION_ASSIGNMENT,1,
CAND_15f673d82ca3b967088a,2023/209,NAMED_PERSON_ON_ELIGIBLE_RECORD,POTENTIAL_NOT_PRODUCTION_ASSIGNMENT,1,
CAND_1612923ba9450de9246f,2023/248,NAMED_PERSON_ON_ELIGIBLE_RECORD,POTENTIAL_NOT_PRODUCTION_ASSIGNMENT,1,
CAND_1616e122df76ef843a89,2025/071,NAMED_PERSON_ON_ELIGIBLE_RECORD,POTENTIAL_NOT_PRODUCTION_ASSIGNMENT,1,
CAND_165186090cc11194ebe6,2026/034,NAMED_PERSON_ON_ELIGIBLE_RECORD,POTENTIAL_NOT_PRODUCTION_ASSIGNMENT,1,
CAND_166a442f4f85bc5f9e44,2020/104,NAMED_PERSON_ON_ELIGIBLE_RECORD,POTENTIAL_NOT_PRODUCTION_ASSIGNMENT,1,
CAND_1677468d6a02fdd13188,2024/131,NAMED_PERSON_ON_ELIGIBLE_RECORD,POTENTIAL_NOT_PRODUCTION_ASSIGNMENT,1,
CAND_1682dd4d50c02b403ad1,2021/074,NAMED_PERSON_ON_ELIGIBLE_RECORD,POTENTIAL_NOT_PRODUCTION_ASSIGNMENT,8,
CAND_1682dd4d50c02b403ad1,2022/048,NAMED_PERSON_ON_ELIGIBLE_RECORD,POTENTIAL_NOT_PRODUCTION_ASSIGNMENT,8,
CAND_1682dd4d50c02b403ad1,2024/043,NAMED_PERSON_ON_ELIGIBLE_RECORD,POTENTIAL_NOT_PRODUCTION_ASSIGNMENT,8,
CAND_1682dd4d50c02b403ad1,2024/071,NAMED_PERSON_ON_ELIGIBLE_RECORD,POTENTIAL_NOT_PRODUCTION_ASSIGNMENT,8,
CAND_1682dd4d50c02b403ad1,2024/122,NAMED_PERSON_ON_ELIGIBLE_RECORD,POTENTIAL_NOT_PRODUCTION_ASSIGNMENT,8,
CAND_1682dd4d50c02b403ad1,2025/013,NAMED_PERSON_ON_ELIGIBLE_RECORD,POTENTIAL_NOT_PRODUCTION_ASSIGNMENT,8,
CAND_1682dd4d50c02b403ad1,2025/017,NAMED_PERSON_ON_ELIGIBLE_RECORD,POTENTIAL_NOT_PRODUCTION_ASSIGNMENT,8,
CAND_1682dd4d50c02b403ad1,2025/064,NAMED_PERSON_ON_ELIGIBLE_RECORD,POTENTIAL_NOT_PRODUCTION_ASSIGNMENT,8,
CAND_16e7cf79f5577785bc35,2020/027,NAMED_PERSON_ON_ELIGIBLE_RECORD,POTENTIAL_NOT_PRODUCTION_ASSIGNMENT,1,
CAND_16f11f54d5da703296ae,2024/024,NAMED_PERSON_ON_ELIGIBLE_RECORD,POTENTIAL_NOT_PRODUCTION_ASSIGNMENT,1,
CAND_17302181a159589556eb,2024/003,NAMED_PERSON_ON_ELIGIBLE_RECORD,POTENTIAL_NOT_PRODUCTION_ASSIGNMENT,1,
CAND_17979a0d46bfc3cb3233,2020/048,NAMED_PERSON_ON_ELIGIBLE_RECORD,POTENTIAL_NOT_PRODUCTION_ASSIGNMENT,1,
CAND_17da33cbf83f49320dd7,2020/081,NAMED_PERSON_ON_ELIGIBLE_RECORD,POTENTIAL_NOT_PRODUCTION_ASSIGNMENT,2,
CAND_17da33cbf83f49320dd7,2022/005,NAMED_PERSON_ON_ELIGIBLE_RECORD,POTENTIAL_NOT_PRODUCTION_ASSIGNMENT,2,
CAND_17e34eb7b881cf179068,2021/023,NAMED_PERSON_ON_ELIGIBLE_RECORD,POTENTIAL_NOT_PRODUCTION_ASSIGNMENT,1,
CAND_17f107d26ec8364e9e8a,2025/120,NAMED_PERSON_ON_ELIGIBLE_RECORD,POTENTIAL_NOT_PRODUCTION_ASSIGNMENT,1,
CAND_1811d1181d0b8cfa0bd5,2021/075,NAMED_PERSON_ON_ELIGIBLE_RECORD,POTENTIAL_NOT_PRODUCTION_ASSIGNMENT,1,
CAND_1813b50e40fea61b938b,2025/216,NAMED_PERSON_ON_ELIGIBLE_RECORD,POTENTIAL_NOT_PRODUCTION_ASSIGNMENT,1,
CAND_18499464fa4f7468ea92,2025/261,NAMED_PERSON_ON_ELIGIBLE_RECORD,POTENTIAL_NOT_PRODUCTION_ASSIGNMENT,1,
CAND_186b5be6778f358d4581,2024/121,NAMED_PERSON_ON_ELIGIBLE_RECORD,POTENTIAL_NOT_PRODUCTION_ASSIGNMENT,1,
CAND_18a1c111b364176cd5dc,2022/177,NAMED_PERSON_ON_ELIGIBLE_RECORD,POTENTIAL_NOT_PRODUCTION_ASSIGNMENT,1,
CAND_18b389cb6837d03a2b06,2022/160,NAMED_PERSON_ON_ELIGIBLE_RECORD,POTENTIAL_NOT_PRODUCTION_ASSIGNMENT,2,
CAND_18b389cb6837d03a2b06,2023/005,NAMED_PERSON_ON_ELIGIBLE_RECORD,POTENTIAL_NOT_PRODUCTION_ASSIGNMENT,2,
CAND_18d958b7940114bfad6e,2024/079,NAMED_PERSON_ON_ELIGIBLE_RECORD,POTENTIAL_NOT_PRODUCTION_ASSIGNMENT,1,
CAND_18fc16f69490acede667,2024/056,NAMED_PERSON_ON_ELIGIBLE_RECORD,POTENTIAL_NOT_PRODUCTION_ASSIGNMENT,1,
CAND_1974b63d8978a933cf7a,2020/027,NAMED_PERSON_ON_ELIGIBLE_RECORD,POTENTIAL_NOT_PRODUCTION_ASSIGNMENT,2,
CAND_1974b63d8978a933cf7a,2020/104,NAMED_PERSON_ON_ELIGIBLE_RECORD,POTENTIAL_NOT_PRODUCTION_ASSIGNMENT,2,
CAND_198a933ced7fec3cfbfc,2020/020,NAMED_PERSON_ON_ELIGIBLE_RECORD,POTENTIAL_NOT_PRODUCTION_ASSIGNMENT,7,
CAND_198a933ced7fec3cfbfc,2020/063,NAMED_PERSON_ON_ELIGIBLE_RECORD,POTENTIAL_NOT_PRODUCTION_ASSIGNMENT,7,
CAND_198a933ced7fec3cfbfc,2020/104,NAMED_PERSON_ON_ELIGIBLE_RECORD,POTENTIAL_NOT_PRODUCTION_ASSIGNMENT,7,
CAND_198a933ced7fec3cfbfc,2023/243,NAMED_PERSON_ON_ELIGIBLE_RECORD,POTENTIAL_NOT_PRODUCTION_ASSIGNMENT,7,
CAND_198a933ced7fec3cfbfc,2024/003,NAMED_PERSON_ON_ELIGIBLE_RECORD,POTENTIAL_NOT_PRODUCTION_ASSIGNMENT,7,
CAND_198a933ced7fec3cfbfc,2024/016,NAMED_PERSON_ON_ELIGIBLE_RECORD,POTENTIAL_NOT_PRODUCTION_ASSIGNMENT,7,
CAND_198a933ced7fec3cfbfc,2025/040,NAMED_PERSON_ON_ELIGIBLE_RECORD,POTENTIAL_NOT_PRODUCTION_ASSIGNMENT,7,
CAND_19aaed8ea3c40c373aa8,2025/207,NAMED_PERSON_ON_ELIGIBLE_RECORD,POTENTIAL_NOT_PRODUCTION_ASSIGNMENT,1,
CAND_19dcb690632311cb3d6e,2024/094,NAMED_PERSON_ON_ELIGIBLE_RECORD,POTENTIAL_NOT_PRODUCTION_ASSIGNMENT,1,
CAND_19e86939553cf1aebb6a,2021/037,NAMED_PERSON_ON_ELIGIBLE_RECORD,POTENTIAL_NOT_PRODUCTION_ASSIGNMENT,1,
CAND_19edc34f41dc7156c91f,2024/139,NAMED_PERSON_ON_ELIGIBLE_RECORD,POTENTIAL_NOT_PRODUCTION_ASSIGNMENT,1,
CAND_1a08b92b9fde8e4f444b,2020/117,NAMED_PERSON_ON_ELIGIBLE_RECORD,POTENTIAL_NOT_PRODUCTION_ASSIGNMENT,3,
CAND_1a08b92b9fde8e4f444b,2024/254,NAMED_PERSON_ON_ELIGIBLE_RECORD,POTENTIAL_NOT_PRODUCTION_ASSIGNMENT,3,
CAND_1a08b92b9fde8e4f444b,2025/061,NAMED_PERSON_ON_ELIGIBLE_RECORD,POTENTIAL_NOT_PRODUCTION_ASSIGNMENT,3,
CAND_1a0c94f3f02b0c152496,2025/155,NAMED_PERSON_ON_ELIGIBLE_RECORD,POTENTIAL_NOT_PRODUCTION_ASSIGNMENT,1,
CAND_1a130cce4545993b52a7,2025/134,NAMED_PERSON_ON_ELIGIBLE_RECORD,POTENTIAL_NOT_PRODUCTION_ASSIGNMENT,1,
CAND_1a1e2fecaf1473ca615c,2025/126,NAMED_PERSON_ON_ELIGIBLE_RECORD,POTENTIAL_NOT_PRODUCTION_ASSIGNMENT,1,
CAND_1a2292116885b016b247,2024/246,NAMED_PERSON_ON_ELIGIBLE_RECORD,POTENTIAL_NOT_PRODUCTION_ASSIGNMENT,1,
CAND_1a67c56443d50bf77f59,2019/017,NAMED_PERSON_ON_ELIGIBLE_RECORD,POTENTIAL_NOT_PRODUCTION_ASSIGNMENT,3,
CAND_1a67c56443d50bf77f59,2019/018,NAMED_PERSON_ON_ELIGIBLE_RECORD,POTENTIAL_NOT_PRODUCTION_ASSIGNMENT,3,
CAND_1a67c56443d50bf77f59,2021/092,NAMED_PERSON_ON_ELIGIBLE_RECORD,POTENTIAL_NOT_PRODUCTION_ASSIGNMENT,3,
CAND_1a82e73636b4089f8158,2020/027,NAMED_PERSON_ON_ELIGIBLE_RECORD,POTENTIAL_NOT_PRODUCTION_ASSIGNMENT,1,
CAND_1a9462d48b3fe32f653e,2023/075,NAMED_PERSON_ON_ELIGIBLE_RECORD,POTENTIAL_NOT_PRODUCTION_ASSIGNMENT,2,
CAND_1a9462d48b3fe32f653e,2025/059,NAMED_PERSON_ON_ELIGIBLE_RECORD,POTENTIAL_NOT_PRODUCTION_ASSIGNMENT,2,
CAND_1a9fa02efe0f02db7976,2022/066,NAMED_PERSON_ON_ELIGIBLE_RECORD,POTENTIAL_NOT_PRODUCTION_ASSIGNMENT,1,
CAND_1aa3f38da416343ff8f0,2023/221,NAMED_PERSON_ON_ELIGIBLE_RECORD,POTENTIAL_NOT_PRODUCTION_ASSIGNMENT,1,
CAND_1aabfa95f4c4e26b7d6c,2023/198,NAMED_PERSON_ON_ELIGIBLE_RECORD,POTENTIAL_NOT_PRODUCTION_ASSIGNMENT,1,
CAND_1ad5e72d58633b659dac,2021/031,NAMED_PERSON_ON_ELIGIBLE_RECORD,POTENTIAL_NOT_PRODUCTION_ASSIGNMENT,1,
CAND_1b02c16f81db0c62dfb0,2023/175,NAMED_PERSON_ON_ELIGIBLE_RECORD,POTENTIAL_NOT_PRODUCTION_ASSIGNMENT,3,
CAND_1b02c16f81db0c62dfb0,2024/169,NAMED_PERSON_ON_ELIGIBLE_RECORD,POTENTIAL_NOT_PRODUCTION_ASSIGNMENT,3,
CAND_1b02c16f81db0c62dfb0,2025/118,NAMED_PERSON_ON_ELIGIBLE_RECORD,POTENTIAL_NOT_PRODUCTION_ASSIGNMENT,3,
CAND_1b0deea78d909d21aa8e,2025/084,NAMED_PERSON_ON_ELIGIBLE_RECORD,POTENTIAL_NOT_PRODUCTION_ASSIGNMENT,1,
CAND_1b706ebfbec03ef2f575,2020/126,NAMED_PERSON_ON_ELIGIBLE_RECORD,POTENTIAL_NOT_PRODUCTION_ASSIGNMENT,1,
CAND_1b7ce37e8d60f507f3f6,2020/039,NAMED_PERSON_ON_ELIGIBLE_RECORD,POTENTIAL_NOT_PRODUCTION_ASSIGNMENT,1,
CAND_1ba4c393e69a49d95178,2025/151,NAMED_PERSON_ON_ELIGIBLE_RECORD,POTENTIAL_NOT_PRODUCTION_ASSIGNMENT,1,
CAND_1bc294d1ea055de38b85,2019/018,NAMED_PERSON_ON_ELIGIBLE_RECORD,POTENTIAL_NOT_PRODUCTION_ASSIGNMENT,1,
CAND_1bd3980ce44c451ff138,2022/127,NAMED_PERSON_ON_ELIGIBLE_RECORD,POTENTIAL_NOT_PRODUCTION_ASSIGNMENT,6,
CAND_1bd3980ce44c451ff138,2022/170,NAMED_PERSON_ON_ELIGIBLE_RECORD,POTENTIAL_NOT_PRODUCTION_ASSIGNMENT,6,
CAND_1bd3980ce44c451ff138,2022/203,NAMED_PERSON_ON_ELIGIBLE_RECORD,POTENTIAL_NOT_PRODUCTION_ASSIGNMENT,6,
CAND_1bd3980ce44c451ff138,2024/016,NAMED_PERSON_ON_ELIGIBLE_RECORD,POTENTIAL_NOT_PRODUCTION_ASSIGNMENT,6,
CAND_1bd3980ce44c451ff138,2024/229,NAMED_PERSON_ON_ELIGIBLE_RECORD,POTENTIAL_NOT_PRODUCTION_ASSIGNMENT,6,
CAND_1bd3980ce44c451ff138,2025/255,NAMED_PERSON_ON_ELIGIBLE_RECORD,POTENTIAL_NOT_PRODUCTION_ASSIGNMENT,6,
CAND_1c79ccdf1a0b97aaad3f,2021/135,NAMED_PERSON_ON_ELIGIBLE_RECORD,POTENTIAL_NOT_PRODUCTION_ASSIGNMENT,1,
CAND_1cadefde11f7eee0782b,2026/066,NAMED_PERSON_ON_ELIGIBLE_RECORD,POTENTIAL_NOT_PRODUCTION_ASSIGNMENT,1,
CAND_1cb91e1aa42b54a64d7e,2023/024,NAMED_PERSON_ON_ELIGIBLE_RECORD,POTENTIAL_NOT_PRODUCTION_ASSIGNMENT,1,
CAND_1cecf392e17112795bed,2020/017,NAMED_PERSON_ON_ELIGIBLE_RECORD,POTENTIAL_NOT_PRODUCTION_ASSIGNMENT,1,
CAND_1cf8765172a0396729da,2024/012,NAMED_PERSON_ON_ELIGIBLE_RECORD,POTENTIAL_NOT_PRODUCTION_ASSIGNMENT,1,
CAND_1d23b7fc4c065207b7cb,2020/090,NAMED_PERSON_ON_ELIGIBLE_RECORD,POTENTIAL_NOT_PRODUCTION_ASSIGNMENT,1,
CAND_1d5aead7e9948d3b8438,2020/044,NAMED_PERSON_ON_ELIGIBLE_RECORD,POTENTIAL_NOT_PRODUCTION_ASSIGNMENT,1,
CAND_1d7c6eb47927d1846f14,2024/063,NAMED_PERSON_ON_ELIGIBLE_RECORD,POTENTIAL_NOT_PRODUCTION_ASSIGNMENT,1,
CAND_1dceb8020887d3987316,2023/178,NAMED_PERSON_ON_ELIGIBLE_RECORD,POTENTIAL_NOT_PRODUCTION_ASSIGNMENT,1,
CAND_1df0b6d5946245d1fb3f,2024/062,NAMED_PERSON_ON_ELIGIBLE_RECORD,POTENTIAL_NOT_PRODUCTION_ASSIGNMENT,1,
CAND_1e0b3a2c090edde777c2,2020/027,NAMED_PERSON_ON_ELIGIBLE_RECORD,POTENTIAL_NOT_PRODUCTION_ASSIGNMENT,1,
CAND_1e6c5d0fed3dbb8fee5b,2025/049,NAMED_PERSON_ON_ELIGIBLE_RECORD,POTENTIAL_NOT_PRODUCTION_ASSIGNMENT,1,
CAND_1e90426933a19c2abfda,2022/030,NAMED_PERSON_ON_ELIGIBLE_RECORD,POTENTIAL_NOT_PRODUCTION_ASSIGNMENT,7,
CAND_1e90426933a19c2abfda,2023/004,NAMED_PERSON_ON_ELIGIBLE_RECORD,POTENTIAL_NOT_PRODUCTION_ASSIGNMENT,7,
CAND_1e90426933a19c2abfda,2024/208,NAMED_PERSON_ON_ELIGIBLE_RECORD,POTENTIAL_NOT_PRODUCTION_ASSIGNMENT,7,
CAND_1e90426933a19c2abfda,2025/183,NAMED_PERSON_ON_ELIGIBLE_RECORD,POTENTIAL_NOT_PRODUCTION_ASSIGNMENT,7,
CAND_1e90426933a19c2abfda,2025/188,NAMED_PERSON_ON_ELIGIBLE_RECORD,POTENTIAL_NOT_PRODUCTION_ASSIGNMENT,7,
CAND_1e90426933a19c2abfda,2025/200,NAMED_PERSON_ON_ELIGIBLE_RECORD,POTENTIAL_NOT_PRODUCTION_ASSIGNMENT,7,
CAND_1e90426933a19c2abfda,2026/007,NAMED_PERSON_ON_ELIGIBLE_RECORD,POTENTIAL_NOT_PRODUCTION_ASSIGNMENT,7,
CAND_1e9613bbe0e5145e83ed,2024/091,NAMED_PERSON_ON_ELIGIBLE_RECORD,POTENTIAL_NOT_PRODUCTION_ASSIGNMENT,1,
CAND_1ea2133bf5a07d678aaf,2022/204,NAMED_PERSON_ON_ELIGIBLE_RECORD,POTENTIAL_NOT_PRODUCTION_ASSIGNMENT,1,
CAND_1ea67b5bf44ee8b53306,2025/123,NAMED_PERSON_ON_ELIGIBLE_RECORD,POTENTIAL_NOT_PRODUCTION_ASSIGNMENT,2,
CAND_1ea67b5bf44ee8b53306,2025/156,NAMED_PERSON_ON_ELIGIBLE_RECORD,POTENTIAL_NOT_PRODUCTION_ASSIGNMENT,2,
CAND_1ebf316f03ca0fe47cb7,2023/110,NAMED_PERSON_ON_ELIGIBLE_RECORD,POTENTIAL_NOT_PRODUCTION_ASSIGNMENT,1,
CAND_1ee2e262d5ba19fd166a,2022/168,NAMED_PERSON_ON_ELIGIBLE_RECORD,POTENTIAL_NOT_PRODUCTION_ASSIGNMENT,2,
CAND_1ee2e262d5ba19fd166a,2022/170,NAMED_PERSON_ON_ELIGIBLE_RECORD,POTENTIAL_NOT_PRODUCTION_ASSIGNMENT,2,
CAND_1efe87c618991af69a93,2020/027,NAMED_PERSON_ON_ELIGIBLE_RECORD,POTENTIAL_NOT_PRODUCTION_ASSIGNMENT,1,
CAND_1f14b2f0388ce97343d0,2024/095/a,NAMED_PERSON_ON_ELIGIBLE_RECORD,POTENTIAL_NOT_PRODUCTION_ASSIGNMENT,1,
CAND_1f39dc0cf987fb70cab0,2025/041,NAMED_PERSON_ON_ELIGIBLE_RECORD,POTENTIAL_NOT_PRODUCTION_ASSIGNMENT,2,
CAND_1f39dc0cf987fb70cab0,2025/042,NAMED_PERSON_ON_ELIGIBLE_RECORD,POTENTIAL_NOT_PRODUCTION_ASSIGNMENT,2,
CAND_1f51a83d62b8bc71a87a,2026/037,NAMED_PERSON_ON_ELIGIBLE_RECORD,POTENTIAL_NOT_PRODUCTION_ASSIGNMENT,1,
CAND_1f6012404c878606b26e,2020/120,NAMED_PERSON_ON_ELIGIBLE_RECORD,POTENTIAL_NOT_PRODUCTION_ASSIGNMENT,1,
CAND_1f7ec5010fbecea2633a,2022/125,NAMED_PERSON_ON_ELIGIBLE_RECORD,POTENTIAL_NOT_PRODUCTION_ASSIGNMENT,1,
CAND_1f832eea3464ef586103,2023/300,NAMED_PERSON_ON_ELIGIBLE_RECORD,POTENTIAL_NOT_PRODUCTION_ASSIGNMENT,3,
CAND_1f832eea3464ef586103,2024/054,NAMED_PERSON_ON_ELIGIBLE_RECORD,POTENTIAL_NOT_PRODUCTION_ASSIGNMENT,3,
CAND_1f832eea3464ef586103,2025/119,NAMED_PERSON_ON_ELIGIBLE_RECORD,POTENTIAL_NOT_PRODUCTION_ASSIGNMENT,3,
CAND_1f871a347cab6cbc741c,2021/011,NAMED_PERSON_ON_ELIGIBLE_RECORD,POTENTIAL_NOT_PRODUCTION_ASSIGNMENT,1,
CAND_1f98efb8c38e67d18074,2025/150,NAMED_PERSON_ON_ELIGIBLE_RECORD,POTENTIAL_NOT_PRODUCTION_ASSIGNMENT,1,
CAND_1f9cc723524a1e28a416,2022/119,NAMED_PERSON_ON_ELIGIBLE_RECORD,POTENTIAL_NOT_PRODUCTION_ASSIGNMENT,1,
CAND_1fecd0c557e0ee8c1b28,2023/063,NAMED_PERSON_ON_ELIGIBLE_RECORD,POTENTIAL_NOT_PRODUCTION_ASSIGNMENT,1,
CAND_201332c2a7bbaff8ca68,2022/191,NAMED_PERSON_ON_ELIGIBLE_RECORD,POTENTIAL_NOT_PRODUCTION_ASSIGNMENT,1,
CAND_204ff5b6999804658f47,2022/124,NAMED_PERSON_ON_ELIGIBLE_RECORD,POTENTIAL_NOT_PRODUCTION_ASSIGNMENT,1,
CAND_20524d8c69821621e064,2021/183,NAMED_PERSON_ON_ELIGIBLE_RECORD,POTENTIAL_NOT_PRODUCTION_ASSIGNMENT,1,
CAND_205f27342da2078ca2f4,2023/174,NAMED_PERSON_ON_ELIGIBLE_RECORD,POTENTIAL_NOT_PRODUCTION_ASSIGNMENT,2,
CAND_205f27342da2078ca2f4,2023/175,NAMED_PERSON_ON_ELIGIBLE_RECORD,POTENTIAL_NOT_PRODUCTION_ASSIGNMENT,2,
CAND_20695d5ba5bfa8cdbc53,2023/241,NAMED_PERSON_ON_ELIGIBLE_RECORD,POTENTIAL_NOT_PRODUCTION_ASSIGNMENT,1,
CAND_20a9453002db261445e3,2024/122,NAMED_PERSON_ON_ELIGIBLE_RECORD,POTENTIAL_NOT_PRODUCTION_ASSIGNMENT,1,
CAND_20b3c677bd1e64e05014,2026/009,NAMED_PERSON_ON_ELIGIBLE_RECORD,POTENTIAL_NOT_PRODUCTION_ASSIGNMENT,1,
CAND_20db63df87bca0504d58,2023/178,NAMED_PERSON_ON_ELIGIBLE_RECORD,POTENTIAL_NOT_PRODUCTION_ASSIGNMENT,1,
CAND_20deb9243e74b2e8633c,2026/004,NAMED_PERSON_ON_ELIGIBLE_RECORD,POTENTIAL_NOT_PRODUCTION_ASSIGNMENT,1,
CAND_20f5444ba97a040ca0b7,2025/199,NAMED_PERSON_ON_ELIGIBLE_RECORD,POTENTIAL_NOT_PRODUCTION_ASSIGNMENT,1,
CAND_2100d0bc9525e6704c5b,2020/007,NAMED_PERSON_ON_ELIGIBLE_RECORD,POTENTIAL_NOT_PRODUCTION_ASSIGNMENT,1,
CAND_2113d9481a188d5b7f31,2024/152,NAMED_PERSON_ON_ELIGIBLE_RECORD,POTENTIAL_NOT_PRODUCTION_ASSIGNMENT,2,
CAND_2113d9481a188d5b7f31,2025/250,NAMED_PERSON_ON_ELIGIBLE_RECORD,POTENTIAL_NOT_PRODUCTION_ASSIGNMENT,2,
CAND_2135c3406251272d4a35,2023/176,NAMED_PERSON_ON_ELIGIBLE_RECORD,POTENTIAL_NOT_PRODUCTION_ASSIGNMENT,1,
CAND_2149bdfefc44c008623e,2025/165,NAMED_PERSON_ON_ELIGIBLE_RECORD,POTENTIAL_NOT_PRODUCTION_ASSIGNMENT,1,
CAND_2155f86f0bd485370e1d,2022/025,NAMED_PERSON_ON_ELIGIBLE_RECORD,POTENTIAL_NOT_PRODUCTION_ASSIGNMENT,1,
CAND_21882c2690f1e91af1f7,2026/087,NAMED_PERSON_ON_ELIGIBLE_RECORD,POTENTIAL_NOT_PRODUCTION_ASSIGNMENT,1,
CAND_2194acfaeefda3ea1a8e,2023/235,NAMED_PERSON_ON_ELIGIBLE_RECORD,POTENTIAL_NOT_PRODUCTION_ASSIGNMENT,2,
CAND_2194acfaeefda3ea1a8e,2024/093,NAMED_PERSON_ON_ELIGIBLE_RECORD,POTENTIAL_NOT_PRODUCTION_ASSIGNMENT,2,
CAND_21ae7185d807e589e497,2023/075,NAMED_PERSON_ON_ELIGIBLE_RECORD,POTENTIAL_NOT_PRODUCTION_ASSIGNMENT,1,
CAND_21c0c7ef3f2cd2c022f2,2020/121,NAMED_PERSON_ON_ELIGIBLE_RECORD,POTENTIAL_NOT_PRODUCTION_ASSIGNMENT,7,
CAND_21c0c7ef3f2cd2c022f2,2022/065,NAMED_PERSON_ON_ELIGIBLE_RECORD,POTENTIAL_NOT_PRODUCTION_ASSIGNMENT,7,
CAND_21c0c7ef3f2cd2c022f2,2022/077,NAMED_PERSON_ON_ELIGIBLE_RECORD,POTENTIAL_NOT_PRODUCTION_ASSIGNMENT,7,
CAND_21c0c7ef3f2cd2c022f2,2022/107,NAMED_PERSON_ON_ELIGIBLE_RECORD,POTENTIAL_NOT_PRODUCTION_ASSIGNMENT,7,
CAND_21c0c7ef3f2cd2c022f2,2022/186,NAMED_PERSON_ON_ELIGIBLE_RECORD,POTENTIAL_NOT_PRODUCTION_ASSIGNMENT,7,
CAND_21c0c7ef3f2cd2c022f2,2023/252,NAMED_PERSON_ON_ELIGIBLE_RECORD,POTENTIAL_NOT_PRODUCTION_ASSIGNMENT,7,
CAND_21c0c7ef3f2cd2c022f2,2025/187,NAMED_PERSON_ON_ELIGIBLE_RECORD,POTENTIAL_NOT_PRODUCTION_ASSIGNMENT,7,
CAND_21ccbccf1f17e9497808,2023/235,NAMED_PERSON_ON_ELIGIBLE_RECORD,POTENTIAL_NOT_PRODUCTION_ASSIGNMENT,3,
CAND_21ccbccf1f17e9497808,2025/145,NAMED_PERSON_ON_ELIGIBLE_RECORD,POTENTIAL_NOT_PRODUCTION_ASSIGNMENT,3,
CAND_21ccbccf1f17e9497808,2025/187,NAMED_PERSON_ON_ELIGIBLE_RECORD,POTENTIAL_NOT_PRODUCTION_ASSIGNMENT,3,
CAND_225e0afee7563236cf55,2021/153,NAMED_PERSON_ON_ELIGIBLE_RECORD,POTENTIAL_NOT_PRODUCTION_ASSIGNMENT,1,
CAND_22643c58428822e0027c,2020/047,NAMED_PERSON_ON_ELIGIBLE_RECORD,POTENTIAL_NOT_PRODUCTION_ASSIGNMENT,1,
CAND_2272112da792e21ae868,2024/134,NAMED_PERSON_ON_ELIGIBLE_RECORD,POTENTIAL_NOT_PRODUCTION_ASSIGNMENT,1,
CAND_22a970806b9c5bc96d54,2026/079,NAMED_PERSON_ON_ELIGIBLE_RECORD,POTENTIAL_NOT_PRODUCTION_ASSIGNMENT,1,
CAND_22ca1a533e97cc20c164,2025/002,NAMED_PERSON_ON_ELIGIBLE_RECORD,POTENTIAL_NOT_PRODUCTION_ASSIGNMENT,1,
CAND_22dab79def39a56d1552,2020/027,NAMED_PERSON_ON_ELIGIBLE_RECORD,POTENTIAL_NOT_PRODUCTION_ASSIGNMENT,1,
CAND_22e3e479d408dee72b08,2020/104,NAMED_PERSON_ON_ELIGIBLE_RECORD,POTENTIAL_NOT_PRODUCTION_ASSIGNMENT,1,
CAND_22f09a1f425c97885868,2023/016,NAMED_PERSON_ON_ELIGIBLE_RECORD,POTENTIAL_NOT_PRODUCTION_ASSIGNMENT,1,
CAND_2313bcceebde91580f55,2026/026,NAMED_PERSON_ON_ELIGIBLE_RECORD,POTENTIAL_NOT_PRODUCTION_ASSIGNMENT,1,
CAND_2348a034dff71f548652,2025/031,NAMED_PERSON_ON_ELIGIBLE_RECORD,POTENTIAL_NOT_PRODUCTION_ASSIGNMENT,1,
CAND_236a3f07c67fcc97bd7d,2023/285,NAMED_PERSON_ON_ELIGIBLE_RECORD,POTENTIAL_NOT_PRODUCTION_ASSIGNMENT,1,
CAND_238651b61449ae6a7b45,2020/027,NAMED_PERSON_ON_ELIGIBLE_RECORD,POTENTIAL_NOT_PRODUCTION_ASSIGNMENT,2,
CAND_238651b61449ae6a7b45,2023/228,NAMED_PERSON_ON_ELIGIBLE_RECORD,POTENTIAL_NOT_PRODUCTION_ASSIGNMENT,2,
CAND_23a111fd3fa285eccdd5,2024/216,NAMED_PERSON_ON_ELIGIBLE_RECORD,POTENTIAL_NOT_PRODUCTION_ASSIGNMENT,1,
CAND_23c035878e5896c53b31,2021/123,NAMED_PERSON_ON_ELIGIBLE_RECORD,POTENTIAL_NOT_PRODUCTION_ASSIGNMENT,4,
CAND_23c035878e5896c53b31,2021/151,NAMED_PERSON_ON_ELIGIBLE_RECORD,POTENTIAL_NOT_PRODUCTION_ASSIGNMENT,4,
CAND_23c035878e5896c53b31,2024/132,NAMED_PERSON_ON_ELIGIBLE_RECORD,POTENTIAL_NOT_PRODUCTION_ASSIGNMENT,4,
CAND_23c035878e5896c53b31,2024/137,NAMED_PERSON_ON_ELIGIBLE_RECORD,POTENTIAL_NOT_PRODUCTION_ASSIGNMENT,4,
CAND_23d29ce85ccec5559f15,2020/071,NAMED_PERSON_ON_ELIGIBLE_RECORD,POTENTIAL_NOT_PRODUCTION_ASSIGNMENT,4,
CAND_23d29ce85ccec5559f15,2020/089,NAMED_PERSON_ON_ELIGIBLE_RECORD,POTENTIAL_NOT_PRODUCTION_ASSIGNMENT,4,
CAND_23d29ce85ccec5559f15,2023/211,NAMED_PERSON_ON_ELIGIBLE_RECORD,POTENTIAL_NOT_PRODUCTION_ASSIGNMENT,4,
CAND_23d29ce85ccec5559f15,2025/095,NAMED_PERSON_ON_ELIGIBLE_RECORD,POTENTIAL_NOT_PRODUCTION_ASSIGNMENT,4,
CAND_23fedabaa535ddc25a64,2021/004,NAMED_PERSON_ON_ELIGIBLE_RECORD,POTENTIAL_NOT_PRODUCTION_ASSIGNMENT,10,HIGH_COUNT_GE_10
CAND_23fedabaa535ddc25a64,2021/059,NAMED_PERSON_ON_ELIGIBLE_RECORD,POTENTIAL_NOT_PRODUCTION_ASSIGNMENT,10,HIGH_COUNT_GE_10
CAND_23fedabaa535ddc25a64,2022/027,NAMED_PERSON_ON_ELIGIBLE_RECORD,POTENTIAL_NOT_PRODUCTION_ASSIGNMENT,10,HIGH_COUNT_GE_10
CAND_23fedabaa535ddc25a64,2022/137,NAMED_PERSON_ON_ELIGIBLE_RECORD,POTENTIAL_NOT_PRODUCTION_ASSIGNMENT,10,HIGH_COUNT_GE_10
CAND_23fedabaa535ddc25a64,2023/075,NAMED_PERSON_ON_ELIGIBLE_RECORD,POTENTIAL_NOT_PRODUCTION_ASSIGNMENT,10,HIGH_COUNT_GE_10
CAND_23fedabaa535ddc25a64,2024/034,NAMED_PERSON_ON_ELIGIBLE_RECORD,POTENTIAL_NOT_PRODUCTION_ASSIGNMENT,10,HIGH_COUNT_GE_10
CAND_23fedabaa535ddc25a64,2024/172,NAMED_PERSON_ON_ELIGIBLE_RECORD,POTENTIAL_NOT_PRODUCTION_ASSIGNMENT,10,HIGH_COUNT_GE_10
CAND_23fedabaa535ddc25a64,2025/059,NAMED_PERSON_ON_ELIGIBLE_RECORD,POTENTIAL_NOT_PRODUCTION_ASSIGNMENT,10,HIGH_COUNT_GE_10
CAND_23fedabaa535ddc25a64,2025/083,NAMED_PERSON_ON_ELIGIBLE_RECORD,POTENTIAL_NOT_PRODUCTION_ASSIGNMENT,10,HIGH_COUNT_GE_10
CAND_23fedabaa535ddc25a64,2026/029,NAMED_PERSON_ON_ELIGIBLE_RECORD,POTENTIAL_NOT_PRODUCTION_ASSIGNMENT,10,HIGH_COUNT_GE_10
CAND_24097e65b2d2f9128b3a,2021/013,NAMED_PERSON_ON_ELIGIBLE_RECORD,POTENTIAL_NOT_PRODUCTION_ASSIGNMENT,1,
CAND_240b8a78dc922eb7b496,2024/137,NAMED_PERSON_ON_ELIGIBLE_RECORD,POTENTIAL_NOT_PRODUCTION_ASSIGNMENT,2,
CAND_240b8a78dc922eb7b496,2025/100,NAMED_PERSON_ON_ELIGIBLE_RECORD,POTENTIAL_NOT_PRODUCTION_ASSIGNMENT,2,
CAND_2421a40f793732f55803,2026/064,NAMED_PERSON_ON_ELIGIBLE_RECORD,POTENTIAL_NOT_PRODUCTION_ASSIGNMENT,1,
CAND_245802ab5087bbdbfb97,2023/183,NAMED_PERSON_ON_ELIGIBLE_RECORD,POTENTIAL_NOT_PRODUCTION_ASSIGNMENT,1,
CAND_24723f7af8af92835516,2020/047,NAMED_PERSON_ON_ELIGIBLE_RECORD,POTENTIAL_NOT_PRODUCTION_ASSIGNMENT,1,
CAND_24c33e39a51776d564da,2024/092,NAMED_PERSON_ON_ELIGIBLE_RECORD,POTENTIAL_NOT_PRODUCTION_ASSIGNMENT,1,
CAND_24c3cc798efe669e3f67,2021/155,NAMED_PERSON_ON_ELIGIBLE_RECORD,POTENTIAL_NOT_PRODUCTION_ASSIGNMENT,1,
CAND_25056998b8ceb4f331f2,2026/037,NAMED_PERSON_ON_ELIGIBLE_RECORD,POTENTIAL_NOT_PRODUCTION_ASSIGNMENT,1,
CAND_2523bd84cf2464962f2a,2023/110,NAMED_PERSON_ON_ELIGIBLE_RECORD,POTENTIAL_NOT_PRODUCTION_ASSIGNMENT,1,
CAND_252b5b9592f62bd2e058,2020/047,NAMED_PERSON_ON_ELIGIBLE_RECORD,POTENTIAL_NOT_PRODUCTION_ASSIGNMENT,1,
CAND_252f276f7bff148734f3,2023/209,NAMED_PERSON_ON_ELIGIBLE_RECORD,POTENTIAL_NOT_PRODUCTION_ASSIGNMENT,1,
CAND_254a1ca965609ea0a74e,2023/220,NAMED_PERSON_ON_ELIGIBLE_RECORD,POTENTIAL_NOT_PRODUCTION_ASSIGNMENT,1,
CAND_25737873adcac3249637,2022/131,NAMED_PERSON_ON_ELIGIBLE_RECORD,POTENTIAL_NOT_PRODUCTION_ASSIGNMENT,1,
CAND_25c199d61d9b08e1faf4,2021/059,NAMED_PERSON_ON_ELIGIBLE_RECORD,POTENTIAL_NOT_PRODUCTION_ASSIGNMENT,1,
CAND_25cb69550240ea63704b,2020/092,NAMED_PERSON_ON_ELIGIBLE_RECORD,POTENTIAL_NOT_PRODUCTION_ASSIGNMENT,1,
CAND_25fa484bf5403793e687,2023/276,NAMED_PERSON_ON_ELIGIBLE_RECORD,POTENTIAL_NOT_PRODUCTION_ASSIGNMENT,1,
CAND_25fda89ed920b01007fb,2022/009,NAMED_PERSON_ON_ELIGIBLE_RECORD,POTENTIAL_NOT_PRODUCTION_ASSIGNMENT,1,
CAND_2607bb0360019d0fd5bb,2020/054,NAMED_PERSON_ON_ELIGIBLE_RECORD,POTENTIAL_NOT_PRODUCTION_ASSIGNMENT,5,
CAND_2607bb0360019d0fd5bb,2022/143,NAMED_PERSON_ON_ELIGIBLE_RECORD,POTENTIAL_NOT_PRODUCTION_ASSIGNMENT,5,
CAND_2607bb0360019d0fd5bb,2023/090,NAMED_PERSON_ON_ELIGIBLE_RECORD,POTENTIAL_NOT_PRODUCTION_ASSIGNMENT,5,
CAND_2607bb0360019d0fd5bb,2024/240,NAMED_PERSON_ON_ELIGIBLE_RECORD,POTENTIAL_NOT_PRODUCTION_ASSIGNMENT,5,
CAND_2607bb0360019d0fd5bb,2025/105,NAMED_PERSON_ON_ELIGIBLE_RECORD,POTENTIAL_NOT_PRODUCTION_ASSIGNMENT,5,
CAND_2627ee68c67fcd72020c,2022/094,NAMED_PERSON_ON_ELIGIBLE_RECORD,POTENTIAL_NOT_PRODUCTION_ASSIGNMENT,3,
CAND_2627ee68c67fcd72020c,2022/194,NAMED_PERSON_ON_ELIGIBLE_RECORD,POTENTIAL_NOT_PRODUCTION_ASSIGNMENT,3,
CAND_2627ee68c67fcd72020c,2023/100,NAMED_PERSON_ON_ELIGIBLE_RECORD,POTENTIAL_NOT_PRODUCTION_ASSIGNMENT,3,
CAND_263d221eae07b5c0a016,2022/030,NAMED_PERSON_ON_ELIGIBLE_RECORD,POTENTIAL_NOT_PRODUCTION_ASSIGNMENT,1,
CAND_2654ff26d710ac2c2474,2024/093,NAMED_PERSON_ON_ELIGIBLE_RECORD,POTENTIAL_NOT_PRODUCTION_ASSIGNMENT,4,
CAND_2654ff26d710ac2c2474,2024/115,NAMED_PERSON_ON_ELIGIBLE_RECORD,POTENTIAL_NOT_PRODUCTION_ASSIGNMENT,4,
CAND_2654ff26d710ac2c2474,2025/043,NAMED_PERSON_ON_ELIGIBLE_RECORD,POTENTIAL_NOT_PRODUCTION_ASSIGNMENT,4,
CAND_2654ff26d710ac2c2474,2025/145,NAMED_PERSON_ON_ELIGIBLE_RECORD,POTENTIAL_NOT_PRODUCTION_ASSIGNMENT,4,
CAND_2682561442c8800cb9c2,2021/118,NAMED_PERSON_ON_ELIGIBLE_RECORD,POTENTIAL_NOT_PRODUCTION_ASSIGNMENT,3,
CAND_2682561442c8800cb9c2,2024/106,NAMED_PERSON_ON_ELIGIBLE_RECORD,POTENTIAL_NOT_PRODUCTION_ASSIGNMENT,3,
CAND_2682561442c8800cb9c2,2025/143,NAMED_PERSON_ON_ELIGIBLE_RECORD,POTENTIAL_NOT_PRODUCTION_ASSIGNMENT,3,
CAND_26905116d2312c38701f,2022/006,NAMED_PERSON_ON_ELIGIBLE_RECORD,POTENTIAL_NOT_PRODUCTION_ASSIGNMENT,5,
CAND_26905116d2312c38701f,2023/162,NAMED_PERSON_ON_ELIGIBLE_RECORD,POTENTIAL_NOT_PRODUCTION_ASSIGNMENT,5,
CAND_26905116d2312c38701f,2023/166,NAMED_PERSON_ON_ELIGIBLE_RECORD,POTENTIAL_NOT_PRODUCTION_ASSIGNMENT,5,
CAND_26905116d2312c38701f,2025/158,NAMED_PERSON_ON_ELIGIBLE_RECORD,POTENTIAL_NOT_PRODUCTION_ASSIGNMENT,5,
CAND_26905116d2312c38701f,2025/262,NAMED_PERSON_ON_ELIGIBLE_RECORD,POTENTIAL_NOT_PRODUCTION_ASSIGNMENT,5,
CAND_26aef90d3cd3fba4efb0,2022/019,NAMED_PERSON_ON_ELIGIBLE_RECORD,POTENTIAL_NOT_PRODUCTION_ASSIGNMENT,2,
CAND_26aef90d3cd3fba4efb0,2022/096,NAMED_PERSON_ON_ELIGIBLE_RECORD,POTENTIAL_NOT_PRODUCTION_ASSIGNMENT,2,
CAND_26ba65f093b953035128,2020/101,NAMED_PERSON_ON_ELIGIBLE_RECORD,POTENTIAL_NOT_PRODUCTION_ASSIGNMENT,1,
CAND_26c86a9025c57b678ec5,2023/305,NAMED_PERSON_ON_ELIGIBLE_RECORD,POTENTIAL_NOT_PRODUCTION_ASSIGNMENT,2,
CAND_26c86a9025c57b678ec5,2024/141,NAMED_PERSON_ON_ELIGIBLE_RECORD,POTENTIAL_NOT_PRODUCTION_ASSIGNMENT,2,
CAND_26c9e437d0bb2c192871,2021/077,NAMED_PERSON_ON_ELIGIBLE_RECORD,POTENTIAL_NOT_PRODUCTION_ASSIGNMENT,1,
CAND_26e8307f02151de4abbe,2021/165,NAMED_PERSON_ON_ELIGIBLE_RECORD,POTENTIAL_NOT_PRODUCTION_ASSIGNMENT,3,
CAND_26e8307f02151de4abbe,2022/145,NAMED_PERSON_ON_ELIGIBLE_RECORD,POTENTIAL_NOT_PRODUCTION_ASSIGNMENT,3,
CAND_26e8307f02151de4abbe,2025/120,NAMED_PERSON_ON_ELIGIBLE_RECORD,POTENTIAL_NOT_PRODUCTION_ASSIGNMENT,3,
CAND_271d6b076ab97609b3d4,2020/019,NAMED_PERSON_ON_ELIGIBLE_RECORD,POTENTIAL_NOT_PRODUCTION_ASSIGNMENT,1,
CAND_27220285b5269d1a718c,2020/120,NAMED_PERSON_ON_ELIGIBLE_RECORD,POTENTIAL_NOT_PRODUCTION_ASSIGNMENT,1,
CAND_2726fc4e2f9132833639,2020/049,NAMED_PERSON_ON_ELIGIBLE_RECORD,POTENTIAL_NOT_PRODUCTION_ASSIGNMENT,4,
CAND_2726fc4e2f9132833639,2022/107,NAMED_PERSON_ON_ELIGIBLE_RECORD,POTENTIAL_NOT_PRODUCTION_ASSIGNMENT,4,
CAND_2726fc4e2f9132833639,2023/252,NAMED_PERSON_ON_ELIGIBLE_RECORD,POTENTIAL_NOT_PRODUCTION_ASSIGNMENT,4,
CAND_2726fc4e2f9132833639,2023/288,NAMED_PERSON_ON_ELIGIBLE_RECORD,POTENTIAL_NOT_PRODUCTION_ASSIGNMENT,4,
CAND_2735a20fc77f5299312a,2019/008,NAMED_PERSON_ON_ELIGIBLE_RECORD,POTENTIAL_NOT_PRODUCTION_ASSIGNMENT,2,
CAND_2735a20fc77f5299312a,2022/152,NAMED_PERSON_ON_ELIGIBLE_RECORD,POTENTIAL_NOT_PRODUCTION_ASSIGNMENT,2,
CAND_277ad57d682bc8a0296b,2021/076,NAMED_PERSON_ON_ELIGIBLE_RECORD,POTENTIAL_NOT_PRODUCTION_ASSIGNMENT,2,
CAND_277ad57d682bc8a0296b,2023/034,NAMED_PERSON_ON_ELIGIBLE_RECORD,POTENTIAL_NOT_PRODUCTION_ASSIGNMENT,2,
CAND_279b4f47d53547cb6d9e,2024/016,NAMED_PERSON_ON_ELIGIBLE_RECORD,POTENTIAL_NOT_PRODUCTION_ASSIGNMENT,1,
CAND_27ddfd28b17d9717b01d,2021/092,NAMED_PERSON_ON_ELIGIBLE_RECORD,POTENTIAL_NOT_PRODUCTION_ASSIGNMENT,4,
CAND_27ddfd28b17d9717b01d,2021/156,NAMED_PERSON_ON_ELIGIBLE_RECORD,POTENTIAL_NOT_PRODUCTION_ASSIGNMENT,4,
CAND_27ddfd28b17d9717b01d,2021/165,NAMED_PERSON_ON_ELIGIBLE_RECORD,POTENTIAL_NOT_PRODUCTION_ASSIGNMENT,4,
CAND_27ddfd28b17d9717b01d,2022/145,NAMED_PERSON_ON_ELIGIBLE_RECORD,POTENTIAL_NOT_PRODUCTION_ASSIGNMENT,4,
CAND_27e0f3164deaeffdf9cc,2024/212,NAMED_PERSON_ON_ELIGIBLE_RECORD,POTENTIAL_NOT_PRODUCTION_ASSIGNMENT,1,
CAND_27e10bd5f7cc546d8de0,2023/304,NAMED_PERSON_ON_ELIGIBLE_RECORD,POTENTIAL_NOT_PRODUCTION_ASSIGNMENT,2,
CAND_27e10bd5f7cc546d8de0,2024/221,NAMED_PERSON_ON_ELIGIBLE_RECORD,POTENTIAL_NOT_PRODUCTION_ASSIGNMENT,2,
CAND_27fd862269f21c9e30fc,2020/016,NAMED_PERSON_ON_ELIGIBLE_RECORD,POTENTIAL_NOT_PRODUCTION_ASSIGNMENT,1,
CAND_27fff6244b19b7ecca46,2020/093,NAMED_PERSON_ON_ELIGIBLE_RECORD,POTENTIAL_NOT_PRODUCTION_ASSIGNMENT,1,
CAND_2818654ecd847e564123,2023/261,NAMED_PERSON_ON_ELIGIBLE_RECORD,POTENTIAL_NOT_PRODUCTION_ASSIGNMENT,1,
CAND_2818c8e514a720697a99,2026/042,NAMED_PERSON_ON_ELIGIBLE_RECORD,POTENTIAL_NOT_PRODUCTION_ASSIGNMENT,1,
CAND_28274d4ea46c87e1e6fe,2025/016,NAMED_PERSON_ON_ELIGIBLE_RECORD,POTENTIAL_NOT_PRODUCTION_ASSIGNMENT,1,
CAND_283b0255b3f9c34f1d4d,2020/047,NAMED_PERSON_ON_ELIGIBLE_RECORD,POTENTIAL_NOT_PRODUCTION_ASSIGNMENT,1,
CAND_28529d4d1c383a30e640,2020/063,NAMED_PERSON_ON_ELIGIBLE_RECORD,POTENTIAL_NOT_PRODUCTION_ASSIGNMENT,1,
CAND_28aa16148f32408a3d7b,2020/089,NAMED_PERSON_ON_ELIGIBLE_RECORD,POTENTIAL_NOT_PRODUCTION_ASSIGNMENT,1,
CAND_28b343408f5fccefe0b6,2023/056,NAMED_PERSON_ON_ELIGIBLE_RECORD,POTENTIAL_NOT_PRODUCTION_ASSIGNMENT,1,
CAND_28bef938051d5cc4166e,2025/024,NAMED_PERSON_ON_ELIGIBLE_RECORD,POTENTIAL_NOT_PRODUCTION_ASSIGNMENT,1,
CAND_28cb2e9b79723559d72c,2020/027,NAMED_PERSON_ON_ELIGIBLE_RECORD,POTENTIAL_NOT_PRODUCTION_ASSIGNMENT,1,
CAND_28cbd80bb06a086afaca,2021/030,NAMED_PERSON_ON_ELIGIBLE_RECORD,POTENTIAL_NOT_PRODUCTION_ASSIGNMENT,2,
CAND_28cbd80bb06a086afaca,2022/069,NAMED_PERSON_ON_ELIGIBLE_RECORD,POTENTIAL_NOT_PRODUCTION_ASSIGNMENT,2,
CAND_28ef2a9ee408b2b40739,2024/187,NAMED_PERSON_ON_ELIGIBLE_RECORD,POTENTIAL_NOT_PRODUCTION_ASSIGNMENT,1,
CAND_29333c6565bc1511a8a4,2021/123,NAMED_PERSON_ON_ELIGIBLE_RECORD,POTENTIAL_NOT_PRODUCTION_ASSIGNMENT,6,
CAND_29333c6565bc1511a8a4,2023/077,NAMED_PERSON_ON_ELIGIBLE_RECORD,POTENTIAL_NOT_PRODUCTION_ASSIGNMENT,6,
CAND_29333c6565bc1511a8a4,2024/207,NAMED_PERSON_ON_ELIGIBLE_RECORD,POTENTIAL_NOT_PRODUCTION_ASSIGNMENT,6,
CAND_29333c6565bc1511a8a4,2024/228,NAMED_PERSON_ON_ELIGIBLE_RECORD,POTENTIAL_NOT_PRODUCTION_ASSIGNMENT,6,
CAND_29333c6565bc1511a8a4,2025/036,NAMED_PERSON_ON_ELIGIBLE_RECORD,POTENTIAL_NOT_PRODUCTION_ASSIGNMENT,6,
CAND_29333c6565bc1511a8a4,2026/060,NAMED_PERSON_ON_ELIGIBLE_RECORD,POTENTIAL_NOT_PRODUCTION_ASSIGNMENT,6,
CAND_2976b81418c4ff287ee7,2024/163,NAMED_PERSON_ON_ELIGIBLE_RECORD,POTENTIAL_NOT_PRODUCTION_ASSIGNMENT,1,
CAND_2989bf7c4c3edaced229,2026/045,NAMED_PERSON_ON_ELIGIBLE_RECORD,POTENTIAL_NOT_PRODUCTION_ASSIGNMENT,1,
CAND_29b6687bbaa6e844f26c,2022/039,NAMED_PERSON_ON_ELIGIBLE_RECORD,POTENTIAL_NOT_PRODUCTION_ASSIGNMENT,1,
CAND_29d52bdd828b7992c0f1,2021/037,NAMED_PERSON_ON_ELIGIBLE_RECORD,POTENTIAL_NOT_PRODUCTION_ASSIGNMENT,1,
CAND_29f696dbd63226be8b04,2021/021,NAMED_PERSON_ON_ELIGIBLE_RECORD,POTENTIAL_NOT_PRODUCTION_ASSIGNMENT,1,
CAND_29f7ec2f5a9c9940b7a3,2026/068,NAMED_PERSON_ON_ELIGIBLE_RECORD,POTENTIAL_NOT_PRODUCTION_ASSIGNMENT,1,
CAND_2a146aa3d4576e9144d4,2021/070,NAMED_PERSON_ON_ELIGIBLE_RECORD,POTENTIAL_NOT_PRODUCTION_ASSIGNMENT,2,
CAND_2a146aa3d4576e9144d4,2023/078,NAMED_PERSON_ON_ELIGIBLE_RECORD,POTENTIAL_NOT_PRODUCTION_ASSIGNMENT,2,
CAND_2a22e24dc19d08547c7c,2021/034,NAMED_PERSON_ON_ELIGIBLE_RECORD,POTENTIAL_NOT_PRODUCTION_ASSIGNMENT,1,
CAND_2a2427b7526e4416945e,2023/056,NAMED_PERSON_ON_ELIGIBLE_RECORD,POTENTIAL_NOT_PRODUCTION_ASSIGNMENT,1,
CAND_2a5e0bdc1c47ac040b27,2023/135,NAMED_PERSON_ON_ELIGIBLE_RECORD,POTENTIAL_NOT_PRODUCTION_ASSIGNMENT,1,
CAND_2a86fe61e46b5770e31c,2022/005,NAMED_PERSON_ON_ELIGIBLE_RECORD,POTENTIAL_NOT_PRODUCTION_ASSIGNMENT,1,
CAND_2a9e15fae09d12caa97e,2020/027,NAMED_PERSON_ON_ELIGIBLE_RECORD,POTENTIAL_NOT_PRODUCTION_ASSIGNMENT,1,
CAND_2ab3374af199dde0b8d1,2022/096,NAMED_PERSON_ON_ELIGIBLE_RECORD,POTENTIAL_NOT_PRODUCTION_ASSIGNMENT,1,
CAND_2ac3cc592a347419039e,2022/113,NAMED_PERSON_ON_ELIGIBLE_RECORD,POTENTIAL_NOT_PRODUCTION_ASSIGNMENT,1,
CAND_2ae20e0b45a54874738c,2025/135,NAMED_PERSON_ON_ELIGIBLE_RECORD,POTENTIAL_NOT_PRODUCTION_ASSIGNMENT,1,
CAND_2ae33036f54560786cf4,2020/128,NAMED_PERSON_ON_ELIGIBLE_RECORD,POTENTIAL_NOT_PRODUCTION_ASSIGNMENT,1,
CAND_2ae4396be85dc3135911,2022/094,NAMED_PERSON_ON_ELIGIBLE_RECORD,POTENTIAL_NOT_PRODUCTION_ASSIGNMENT,6,
CAND_2ae4396be85dc3135911,2022/194,NAMED_PERSON_ON_ELIGIBLE_RECORD,POTENTIAL_NOT_PRODUCTION_ASSIGNMENT,6,
CAND_2ae4396be85dc3135911,2023/106,NAMED_PERSON_ON_ELIGIBLE_RECORD,POTENTIAL_NOT_PRODUCTION_ASSIGNMENT,6,
CAND_2ae4396be85dc3135911,2024/020,NAMED_PERSON_ON_ELIGIBLE_RECORD,POTENTIAL_NOT_PRODUCTION_ASSIGNMENT,6,
CAND_2ae4396be85dc3135911,2024/184,NAMED_PERSON_ON_ELIGIBLE_RECORD,POTENTIAL_NOT_PRODUCTION_ASSIGNMENT,6,
CAND_2ae4396be85dc3135911,2024/254,NAMED_PERSON_ON_ELIGIBLE_RECORD,POTENTIAL_NOT_PRODUCTION_ASSIGNMENT,6,
CAND_2ae7e2b29be17193028f,2023/087,NAMED_PERSON_ON_ELIGIBLE_RECORD,POTENTIAL_NOT_PRODUCTION_ASSIGNMENT,1,
CAND_2b0ac4206b5a2c7e3f79,2021/123,NAMED_PERSON_ON_ELIGIBLE_RECORD,POTENTIAL_NOT_PRODUCTION_ASSIGNMENT,2,
CAND_2b0ac4206b5a2c7e3f79,2024/132,NAMED_PERSON_ON_ELIGIBLE_RECORD,POTENTIAL_NOT_PRODUCTION_ASSIGNMENT,2,
CAND_2b1b4c5919087db6ce0f,2024/190,NAMED_PERSON_ON_ELIGIBLE_RECORD,POTENTIAL_NOT_PRODUCTION_ASSIGNMENT,1,
CAND_2b302ecf0fb10057db08,2020/079,NAMED_PERSON_ON_ELIGIBLE_RECORD,POTENTIAL_NOT_PRODUCTION_ASSIGNMENT,1,
CAND_2b31c8e061aa072d46b1,2020/047,NAMED_PERSON_ON_ELIGIBLE_RECORD,POTENTIAL_NOT_PRODUCTION_ASSIGNMENT,2,
CAND_2b31c8e061aa072d46b1,2024/095/b,NAMED_PERSON_ON_ELIGIBLE_RECORD,POTENTIAL_NOT_PRODUCTION_ASSIGNMENT,2,
CAND_2b40c81ce251ba7ef5ec,2022/100,NAMED_PERSON_ON_ELIGIBLE_RECORD,POTENTIAL_NOT_PRODUCTION_ASSIGNMENT,1,
CAND_2b7150fcc340427cfb2f,2025/137,NAMED_PERSON_ON_ELIGIBLE_RECORD,POTENTIAL_NOT_PRODUCTION_ASSIGNMENT,1,
CAND_2b73fc2ea4263699203b,2021/012,NAMED_PERSON_ON_ELIGIBLE_RECORD,POTENTIAL_NOT_PRODUCTION_ASSIGNMENT,1,
CAND_2bed6321abfdc37e7d39,2020/074,NAMED_PERSON_ON_ELIGIBLE_RECORD,POTENTIAL_NOT_PRODUCTION_ASSIGNMENT,1,
CAND_2bffef298fc394ee6edf,2020/027,NAMED_PERSON_ON_ELIGIBLE_RECORD,POTENTIAL_NOT_PRODUCTION_ASSIGNMENT,1,
CAND_2c00136b694734c4a921,2023/236,NAMED_PERSON_ON_ELIGIBLE_RECORD,POTENTIAL_NOT_PRODUCTION_ASSIGNMENT,2,
CAND_2c00136b694734c4a921,2023/307,NAMED_PERSON_ON_ELIGIBLE_RECORD,POTENTIAL_NOT_PRODUCTION_ASSIGNMENT,2,
CAND_2c1f68973015a4fa5eb9,2020/027,NAMED_PERSON_ON_ELIGIBLE_RECORD,POTENTIAL_NOT_PRODUCTION_ASSIGNMENT,1,
CAND_2c37ceca55ca9626bc56,2022/070,NAMED_PERSON_ON_ELIGIBLE_RECORD,POTENTIAL_NOT_PRODUCTION_ASSIGNMENT,1,
CAND_2c4f2ea15eb124a468f1,2025/164,NAMED_PERSON_ON_ELIGIBLE_RECORD,POTENTIAL_NOT_PRODUCTION_ASSIGNMENT,1,
CAND_2c6c8e9472937113747f,2020/025,NAMED_PERSON_ON_ELIGIBLE_RECORD,POTENTIAL_NOT_PRODUCTION_ASSIGNMENT,2,
CAND_2c6c8e9472937113747f,2022/173,NAMED_PERSON_ON_ELIGIBLE_RECORD,POTENTIAL_NOT_PRODUCTION_ASSIGNMENT,2,
CAND_2c71cbc586bacfd95aff,2020/027,NAMED_PERSON_ON_ELIGIBLE_RECORD,POTENTIAL_NOT_PRODUCTION_ASSIGNMENT,1,
CAND_2c7962d9dcf28b97d27c,2024/238,NAMED_PERSON_ON_ELIGIBLE_RECORD,POTENTIAL_NOT_PRODUCTION_ASSIGNMENT,2,
CAND_2c7962d9dcf28b97d27c,2025/231,NAMED_PERSON_ON_ELIGIBLE_RECORD,POTENTIAL_NOT_PRODUCTION_ASSIGNMENT,2,
CAND_2c83a7a91b854135fda7,2025/148,NAMED_PERSON_ON_ELIGIBLE_RECORD,POTENTIAL_NOT_PRODUCTION_ASSIGNMENT,1,
CAND_2caf3bbaf6434efcf9bc,2024/177,NAMED_PERSON_ON_ELIGIBLE_RECORD,POTENTIAL_NOT_PRODUCTION_ASSIGNMENT,1,
CAND_2cdfbd3b0b588dac1e3f,2025/148,NAMED_PERSON_ON_ELIGIBLE_RECORD,POTENTIAL_NOT_PRODUCTION_ASSIGNMENT,1,
CAND_2cf14bf02b2dc5b63772,2025/109,NAMED_PERSON_ON_ELIGIBLE_RECORD,POTENTIAL_NOT_PRODUCTION_ASSIGNMENT,1,
CAND_2d057973a8dfcb5bddea,2020/063,NAMED_PERSON_ON_ELIGIBLE_RECORD,POTENTIAL_NOT_PRODUCTION_ASSIGNMENT,1,
CAND_2d7a419a090dfbd230a6,2021/096,NAMED_PERSON_ON_ELIGIBLE_RECORD,POTENTIAL_NOT_PRODUCTION_ASSIGNMENT,1,
CAND_2d8f721c9a7057a4e148,2026/049,NAMED_PERSON_ON_ELIGIBLE_RECORD,POTENTIAL_NOT_PRODUCTION_ASSIGNMENT,1,
CAND_2dd57d209682eda9ed89,2025/209,NAMED_PERSON_ON_ELIGIBLE_RECORD,POTENTIAL_NOT_PRODUCTION_ASSIGNMENT,1,
CAND_2e1c4644c387fea8f3b2,2020/027,NAMED_PERSON_ON_ELIGIBLE_RECORD,POTENTIAL_NOT_PRODUCTION_ASSIGNMENT,1,
CAND_2e308836a9b3717d453b,2024/100,NAMED_PERSON_ON_ELIGIBLE_RECORD,POTENTIAL_NOT_PRODUCTION_ASSIGNMENT,1,
CAND_2e380fd1e98f8600e4cf,2020/027,NAMED_PERSON_ON_ELIGIBLE_RECORD,POTENTIAL_NOT_PRODUCTION_ASSIGNMENT,3,
CAND_2e380fd1e98f8600e4cf,2021/012,NAMED_PERSON_ON_ELIGIBLE_RECORD,POTENTIAL_NOT_PRODUCTION_ASSIGNMENT,3,
CAND_2e380fd1e98f8600e4cf,2023/228,NAMED_PERSON_ON_ELIGIBLE_RECORD,POTENTIAL_NOT_PRODUCTION_ASSIGNMENT,3,
CAND_2e98160c8c1135fb1fbe,2025/196,NAMED_PERSON_ON_ELIGIBLE_RECORD,POTENTIAL_NOT_PRODUCTION_ASSIGNMENT,1,
CAND_2e997956853aaecbd282,2024/009,NAMED_PERSON_ON_ELIGIBLE_RECORD,POTENTIAL_NOT_PRODUCTION_ASSIGNMENT,1,
CAND_2e9f2caaf2efc44accc6,2022/058,NAMED_PERSON_ON_ELIGIBLE_RECORD,POTENTIAL_NOT_PRODUCTION_ASSIGNMENT,1,
CAND_2f1357d18ac015cc82e1,2021/074,NAMED_PERSON_ON_ELIGIBLE_RECORD,POTENTIAL_NOT_PRODUCTION_ASSIGNMENT,1,
CAND_2f1c0f4de117b37d8351,2024/190,NAMED_PERSON_ON_ELIGIBLE_RECORD,POTENTIAL_NOT_PRODUCTION_ASSIGNMENT,1,
CAND_2f244d4ed3b527070416,2024/224,NAMED_PERSON_ON_ELIGIBLE_RECORD,POTENTIAL_NOT_PRODUCTION_ASSIGNMENT,4,
CAND_2f244d4ed3b527070416,2024/236,NAMED_PERSON_ON_ELIGIBLE_RECORD,POTENTIAL_NOT_PRODUCTION_ASSIGNMENT,4,
CAND_2f244d4ed3b527070416,2025/130,NAMED_PERSON_ON_ELIGIBLE_RECORD,POTENTIAL_NOT_PRODUCTION_ASSIGNMENT,4,
CAND_2f244d4ed3b527070416,2025/149,NAMED_PERSON_ON_ELIGIBLE_RECORD,POTENTIAL_NOT_PRODUCTION_ASSIGNMENT,4,
CAND_2f3814c3316c9e171d12,2025/001,NAMED_PERSON_ON_ELIGIBLE_RECORD,POTENTIAL_NOT_PRODUCTION_ASSIGNMENT,1,
CAND_2f46991c0573ef10c8f0,2025/139,NAMED_PERSON_ON_ELIGIBLE_RECORD,POTENTIAL_NOT_PRODUCTION_ASSIGNMENT,2,
CAND_2f46991c0573ef10c8f0,2025/144,NAMED_PERSON_ON_ELIGIBLE_RECORD,POTENTIAL_NOT_PRODUCTION_ASSIGNMENT,2,
CAND_2f4f10a024265441f41c,2025/029,NAMED_PERSON_ON_ELIGIBLE_RECORD,POTENTIAL_NOT_PRODUCTION_ASSIGNMENT,1,
CAND_2f78d9c8f5f299db507e,2024/030,NAMED_PERSON_ON_ELIGIBLE_RECORD,POTENTIAL_NOT_PRODUCTION_ASSIGNMENT,1,
CAND_2f8af9e04d959b86436b,2023/098,NAMED_PERSON_ON_ELIGIBLE_RECORD,POTENTIAL_NOT_PRODUCTION_ASSIGNMENT,1,
CAND_2fad1d326db2982b4d6b,2025/164,NAMED_PERSON_ON_ELIGIBLE_RECORD,POTENTIAL_NOT_PRODUCTION_ASSIGNMENT,1,
CAND_2fce9f1b2ad4156f6220,2020/027,NAMED_PERSON_ON_ELIGIBLE_RECORD,POTENTIAL_NOT_PRODUCTION_ASSIGNMENT,1,
CAND_300b6c42b98c1c5cd472,2023/293,NAMED_PERSON_ON_ELIGIBLE_RECORD,POTENTIAL_NOT_PRODUCTION_ASSIGNMENT,1,
CAND_30196deae4f45a218e04,2022/143,NAMED_PERSON_ON_ELIGIBLE_RECORD,POTENTIAL_NOT_PRODUCTION_ASSIGNMENT,2,
CAND_30196deae4f45a218e04,2023/090,NAMED_PERSON_ON_ELIGIBLE_RECORD,POTENTIAL_NOT_PRODUCTION_ASSIGNMENT,2,
CAND_301f55e5127ebecb0e41,2024/070,NAMED_PERSON_ON_ELIGIBLE_RECORD,POTENTIAL_NOT_PRODUCTION_ASSIGNMENT,2,
CAND_301f55e5127ebecb0e41,2025/107,NAMED_PERSON_ON_ELIGIBLE_RECORD,POTENTIAL_NOT_PRODUCTION_ASSIGNMENT,2,
CAND_3026e09fba63b74f08f4,2021/092,NAMED_PERSON_ON_ELIGIBLE_RECORD,POTENTIAL_NOT_PRODUCTION_ASSIGNMENT,2,
CAND_3026e09fba63b74f08f4,2022/113,NAMED_PERSON_ON_ELIGIBLE_RECORD,POTENTIAL_NOT_PRODUCTION_ASSIGNMENT,2,
CAND_304ddeae1203448eae6f,2024/061,NAMED_PERSON_ON_ELIGIBLE_RECORD,POTENTIAL_NOT_PRODUCTION_ASSIGNMENT,1,
CAND_305acf4d6d2df9252064,2020/047,NAMED_PERSON_ON_ELIGIBLE_RECORD,POTENTIAL_NOT_PRODUCTION_ASSIGNMENT,1,
CAND_306bc665655f60063075,2020/126,NAMED_PERSON_ON_ELIGIBLE_RECORD,POTENTIAL_NOT_PRODUCTION_ASSIGNMENT,1,
CAND_306d487f69220b0cf534,2021/123,NAMED_PERSON_ON_ELIGIBLE_RECORD,POTENTIAL_NOT_PRODUCTION_ASSIGNMENT,1,
CAND_30f25ff5846434bb05ba,2022/164,NAMED_PERSON_ON_ELIGIBLE_RECORD,POTENTIAL_NOT_PRODUCTION_ASSIGNMENT,1,
CAND_316347ad99b639bcdd6a,2021/013,NAMED_PERSON_ON_ELIGIBLE_RECORD,POTENTIAL_NOT_PRODUCTION_ASSIGNMENT,1,
CAND_31659374eca92d56de83,2021/114,NAMED_PERSON_ON_ELIGIBLE_RECORD,POTENTIAL_NOT_PRODUCTION_ASSIGNMENT,1,
CAND_31cf31189c53c22e2b11,2023/183,NAMED_PERSON_ON_ELIGIBLE_RECORD,POTENTIAL_NOT_PRODUCTION_ASSIGNMENT,1,
CAND_31d044d99c4f8a07a1d1,2022/164,NAMED_PERSON_ON_ELIGIBLE_RECORD,POTENTIAL_NOT_PRODUCTION_ASSIGNMENT,1,
CAND_31dee78e266318b3402e,2020/026,NAMED_PERSON_ON_ELIGIBLE_RECORD,POTENTIAL_NOT_PRODUCTION_ASSIGNMENT,1,
CAND_320386fc2183e6751ff1,2026/066,NAMED_PERSON_ON_ELIGIBLE_RECORD,POTENTIAL_NOT_PRODUCTION_ASSIGNMENT,1,
CAND_320c9380ac09acf6cf58,2021/060,NAMED_PERSON_ON_ELIGIBLE_RECORD,POTENTIAL_NOT_PRODUCTION_ASSIGNMENT,1,
CAND_3257455f85afe95f5f01,2022/047,NAMED_PERSON_ON_ELIGIBLE_RECORD,POTENTIAL_NOT_PRODUCTION_ASSIGNMENT,1,
CAND_3267f789373b2745b5e4,2022/081,NAMED_PERSON_ON_ELIGIBLE_RECORD,POTENTIAL_NOT_PRODUCTION_ASSIGNMENT,3,
CAND_3267f789373b2745b5e4,2022/098,NAMED_PERSON_ON_ELIGIBLE_RECORD,POTENTIAL_NOT_PRODUCTION_ASSIGNMENT,3,
CAND_3267f789373b2745b5e4,2023/313,NAMED_PERSON_ON_ELIGIBLE_RECORD,POTENTIAL_NOT_PRODUCTION_ASSIGNMENT,3,
CAND_327d8a320a6395cc7592,2023/060,NAMED_PERSON_ON_ELIGIBLE_RECORD,POTENTIAL_NOT_PRODUCTION_ASSIGNMENT,1,
CAND_3293e57db86321e9b9bd,2026/040,NAMED_PERSON_ON_ELIGIBLE_RECORD,POTENTIAL_NOT_PRODUCTION_ASSIGNMENT,1,
CAND_32c0a3873978064541a2,2021/013,NAMED_PERSON_ON_ELIGIBLE_RECORD,POTENTIAL_NOT_PRODUCTION_ASSIGNMENT,2,
CAND_32c0a3873978064541a2,2023/236,NAMED_PERSON_ON_ELIGIBLE_RECORD,POTENTIAL_NOT_PRODUCTION_ASSIGNMENT,2,
CAND_3315124f1bb4c2942cd4,2021/061,NAMED_PERSON_ON_ELIGIBLE_RECORD,POTENTIAL_NOT_PRODUCTION_ASSIGNMENT,1,
CAND_337d673e56d64137a953,2024/035,NAMED_PERSON_ON_ELIGIBLE_RECORD,POTENTIAL_NOT_PRODUCTION_ASSIGNMENT,2,
CAND_337d673e56d64137a953,2024/166,NAMED_PERSON_ON_ELIGIBLE_RECORD,POTENTIAL_NOT_PRODUCTION_ASSIGNMENT,2,
CAND_34091ab3be721c6067b6,2023/212,NAMED_PERSON_ON_ELIGIBLE_RECORD,POTENTIAL_NOT_PRODUCTION_ASSIGNMENT,1,
CAND_34233297a1d552142e3f,2025/124,NAMED_PERSON_ON_ELIGIBLE_RECORD,POTENTIAL_NOT_PRODUCTION_ASSIGNMENT,1,
CAND_342cb3f7664472bbcee8,2023/077,NAMED_PERSON_ON_ELIGIBLE_RECORD,POTENTIAL_NOT_PRODUCTION_ASSIGNMENT,1,
CAND_342f000c736abbef2064,2022/129,NAMED_PERSON_ON_ELIGIBLE_RECORD,POTENTIAL_NOT_PRODUCTION_ASSIGNMENT,1,
CAND_3463985dfe462ad45765,2023/305,NAMED_PERSON_ON_ELIGIBLE_RECORD,POTENTIAL_NOT_PRODUCTION_ASSIGNMENT,5,
CAND_3463985dfe462ad45765,2024/123,NAMED_PERSON_ON_ELIGIBLE_RECORD,POTENTIAL_NOT_PRODUCTION_ASSIGNMENT,5,
CAND_3463985dfe462ad45765,2024/179,NAMED_PERSON_ON_ELIGIBLE_RECORD,POTENTIAL_NOT_PRODUCTION_ASSIGNMENT,5,
CAND_3463985dfe462ad45765,2024/220,NAMED_PERSON_ON_ELIGIBLE_RECORD,POTENTIAL_NOT_PRODUCTION_ASSIGNMENT,5,
CAND_3463985dfe462ad45765,2025/140,NAMED_PERSON_ON_ELIGIBLE_RECORD,POTENTIAL_NOT_PRODUCTION_ASSIGNMENT,5,
CAND_347bf748f387e55e2191,2026/068,NAMED_PERSON_ON_ELIGIBLE_RECORD,POTENTIAL_NOT_PRODUCTION_ASSIGNMENT,1,
CAND_348364c6d23442b6895b,2022/085,NAMED_PERSON_ON_ELIGIBLE_RECORD,POTENTIAL_NOT_PRODUCTION_ASSIGNMENT,1,
CAND_34881698a043cdcd032d,2024/252,NAMED_PERSON_ON_ELIGIBLE_RECORD,POTENTIAL_NOT_PRODUCTION_ASSIGNMENT,1,
CAND_34a9467656f9c8127b26,2023/181,NAMED_PERSON_ON_ELIGIBLE_RECORD,POTENTIAL_NOT_PRODUCTION_ASSIGNMENT,1,
CAND_34b2408da86d40c04301,2024/109,NAMED_PERSON_ON_ELIGIBLE_RECORD,POTENTIAL_NOT_PRODUCTION_ASSIGNMENT,1,
CAND_34c9ba6afe7e1be55937,2021/087,NAMED_PERSON_ON_ELIGIBLE_RECORD,POTENTIAL_NOT_PRODUCTION_ASSIGNMENT,1,
CAND_34d2b9b9f5891827225c,2022/083,NAMED_PERSON_ON_ELIGIBLE_RECORD,POTENTIAL_NOT_PRODUCTION_ASSIGNMENT,1,
CAND_350ee4e980cd4af1cc2e,2020/027,NAMED_PERSON_ON_ELIGIBLE_RECORD,POTENTIAL_NOT_PRODUCTION_ASSIGNMENT,1,
CAND_3510df5ea2ab3c09b75c,2023/233,NAMED_PERSON_ON_ELIGIBLE_RECORD,POTENTIAL_NOT_PRODUCTION_ASSIGNMENT,1,
CAND_351ccd25324f2dc717aa,2022/026,NAMED_PERSON_ON_ELIGIBLE_RECORD,POTENTIAL_NOT_PRODUCTION_ASSIGNMENT,1,
CAND_351e888eb223b181dd10,2024/096,NAMED_PERSON_ON_ELIGIBLE_RECORD,POTENTIAL_NOT_PRODUCTION_ASSIGNMENT,4,
CAND_351e888eb223b181dd10,2024/137,NAMED_PERSON_ON_ELIGIBLE_RECORD,POTENTIAL_NOT_PRODUCTION_ASSIGNMENT,4,
CAND_351e888eb223b181dd10,2026/039,NAMED_PERSON_ON_ELIGIBLE_RECORD,POTENTIAL_NOT_PRODUCTION_ASSIGNMENT,4,
CAND_351e888eb223b181dd10,2026/055,NAMED_PERSON_ON_ELIGIBLE_RECORD,POTENTIAL_NOT_PRODUCTION_ASSIGNMENT,4,
CAND_354df0b7b16bae6ece5c,2026/031,NAMED_PERSON_ON_ELIGIBLE_RECORD,POTENTIAL_NOT_PRODUCTION_ASSIGNMENT,1,
CAND_3564ab867ba78b8f067c,2025/244,NAMED_PERSON_ON_ELIGIBLE_RECORD,POTENTIAL_NOT_PRODUCTION_ASSIGNMENT,1,
CAND_358b905b5c351bc5b9b0,2020/046,NAMED_PERSON_ON_ELIGIBLE_RECORD,POTENTIAL_NOT_PRODUCTION_ASSIGNMENT,4,
CAND_358b905b5c351bc5b9b0,2022/081,NAMED_PERSON_ON_ELIGIBLE_RECORD,POTENTIAL_NOT_PRODUCTION_ASSIGNMENT,4,
CAND_358b905b5c351bc5b9b0,2022/098,NAMED_PERSON_ON_ELIGIBLE_RECORD,POTENTIAL_NOT_PRODUCTION_ASSIGNMENT,4,
CAND_358b905b5c351bc5b9b0,2022/182,NAMED_PERSON_ON_ELIGIBLE_RECORD,POTENTIAL_NOT_PRODUCTION_ASSIGNMENT,4,
CAND_35ce35de07b4d95f3f71,2020/027,NAMED_PERSON_ON_ELIGIBLE_RECORD,POTENTIAL_NOT_PRODUCTION_ASSIGNMENT,1,
CAND_35e3c9b08a0db909299b,2020/015,NAMED_PERSON_ON_ELIGIBLE_RECORD,POTENTIAL_NOT_PRODUCTION_ASSIGNMENT,1,
CAND_35ed268b9f1a90d60655,2024/171,NAMED_PERSON_ON_ELIGIBLE_RECORD,POTENTIAL_NOT_PRODUCTION_ASSIGNMENT,1,
CAND_36495ff622a0cb244b2c,2021/030,NAMED_PERSON_ON_ELIGIBLE_RECORD,POTENTIAL_NOT_PRODUCTION_ASSIGNMENT,1,
CAND_3669bb984214cf268c07,2023/050,NAMED_PERSON_ON_ELIGIBLE_RECORD,POTENTIAL_NOT_PRODUCTION_ASSIGNMENT,1,
CAND_3684972b2220241aba2b,2022/148,NAMED_PERSON_ON_ELIGIBLE_RECORD,POTENTIAL_NOT_PRODUCTION_ASSIGNMENT,1,
CAND_36a515e2b232fdbaced0,2023/055,NAMED_PERSON_ON_ELIGIBLE_RECORD,POTENTIAL_NOT_PRODUCTION_ASSIGNMENT,1,
CAND_36d29e8ad058cd077bb9,2022/013,NAMED_PERSON_ON_ELIGIBLE_RECORD,POTENTIAL_NOT_PRODUCTION_ASSIGNMENT,1,
CAND_36d80a10ec3e94a674ef,2020/104,NAMED_PERSON_ON_ELIGIBLE_RECORD,POTENTIAL_NOT_PRODUCTION_ASSIGNMENT,1,
CAND_36e5e018e28a0463274d,2023/202,NAMED_PERSON_ON_ELIGIBLE_RECORD,POTENTIAL_NOT_PRODUCTION_ASSIGNMENT,1,
CAND_372855b0f255ce9776be,2022/125,NAMED_PERSON_ON_ELIGIBLE_RECORD,POTENTIAL_NOT_PRODUCTION_ASSIGNMENT,1,
CAND_373766ba281f7f30f7ee,2026/010,NAMED_PERSON_ON_ELIGIBLE_RECORD,POTENTIAL_NOT_PRODUCTION_ASSIGNMENT,1,
CAND_373ea9ac7c588277518d,2024/107,NAMED_PERSON_ON_ELIGIBLE_RECORD,POTENTIAL_NOT_PRODUCTION_ASSIGNMENT,1,
CAND_374835bf5ec2856d3317,2020/108,NAMED_PERSON_ON_ELIGIBLE_RECORD,POTENTIAL_NOT_PRODUCTION_ASSIGNMENT,1,
CAND_379efb1cf80e60d748b1,2024/064,NAMED_PERSON_ON_ELIGIBLE_RECORD,POTENTIAL_NOT_PRODUCTION_ASSIGNMENT,1,
CAND_37ad79a3e102a11f3a08,2021/058,NAMED_PERSON_ON_ELIGIBLE_RECORD,POTENTIAL_NOT_PRODUCTION_ASSIGNMENT,1,
CAND_37c1a0ba181e6039f252,2024/113,NAMED_PERSON_ON_ELIGIBLE_RECORD,POTENTIAL_NOT_PRODUCTION_ASSIGNMENT,2,
CAND_37c1a0ba181e6039f252,2024/239,NAMED_PERSON_ON_ELIGIBLE_RECORD,POTENTIAL_NOT_PRODUCTION_ASSIGNMENT,2,
CAND_37c634d3160a64c83971,2023/086,NAMED_PERSON_ON_ELIGIBLE_RECORD,POTENTIAL_NOT_PRODUCTION_ASSIGNMENT,1,
CAND_37cf44642630ca648b4b,2022/188,NAMED_PERSON_ON_ELIGIBLE_RECORD,POTENTIAL_NOT_PRODUCTION_ASSIGNMENT,1,
CAND_37e4013ee8a9798952c5,2024/201,NAMED_PERSON_ON_ELIGIBLE_RECORD,POTENTIAL_NOT_PRODUCTION_ASSIGNMENT,1,
CAND_3840a8b0a426689dd689,2021/017,NAMED_PERSON_ON_ELIGIBLE_RECORD,POTENTIAL_NOT_PRODUCTION_ASSIGNMENT,17,HIGH_COUNT_GE_10
CAND_3840a8b0a426689dd689,2022/065,NAMED_PERSON_ON_ELIGIBLE_RECORD,POTENTIAL_NOT_PRODUCTION_ASSIGNMENT,17,HIGH_COUNT_GE_10
CAND_3840a8b0a426689dd689,2022/077,NAMED_PERSON_ON_ELIGIBLE_RECORD,POTENTIAL_NOT_PRODUCTION_ASSIGNMENT,17,HIGH_COUNT_GE_10
CAND_3840a8b0a426689dd689,2022/103,NAMED_PERSON_ON_ELIGIBLE_RECORD,POTENTIAL_NOT_PRODUCTION_ASSIGNMENT,17,HIGH_COUNT_GE_10
CAND_3840a8b0a426689dd689,2022/174,NAMED_PERSON_ON_ELIGIBLE_RECORD,POTENTIAL_NOT_PRODUCTION_ASSIGNMENT,17,HIGH_COUNT_GE_10
CAND_3840a8b0a426689dd689,2022/186,NAMED_PERSON_ON_ELIGIBLE_RECORD,POTENTIAL_NOT_PRODUCTION_ASSIGNMENT,17,HIGH_COUNT_GE_10
CAND_3840a8b0a426689dd689,2023/081,NAMED_PERSON_ON_ELIGIBLE_RECORD,POTENTIAL_NOT_PRODUCTION_ASSIGNMENT,17,HIGH_COUNT_GE_10
CAND_3840a8b0a426689dd689,2023/235,NAMED_PERSON_ON_ELIGIBLE_RECORD,POTENTIAL_NOT_PRODUCTION_ASSIGNMENT,17,HIGH_COUNT_GE_10
CAND_3840a8b0a426689dd689,2023/252,NAMED_PERSON_ON_ELIGIBLE_RECORD,POTENTIAL_NOT_PRODUCTION_ASSIGNMENT,17,HIGH_COUNT_GE_10
CAND_3840a8b0a426689dd689,2023/288,NAMED_PERSON_ON_ELIGIBLE_RECORD,POTENTIAL_NOT_PRODUCTION_ASSIGNMENT,17,HIGH_COUNT_GE_10
CAND_3840a8b0a426689dd689,2024/081,NAMED_PERSON_ON_ELIGIBLE_RECORD,POTENTIAL_NOT_PRODUCTION_ASSIGNMENT,17,HIGH_COUNT_GE_10
CAND_3840a8b0a426689dd689,2024/093,NAMED_PERSON_ON_ELIGIBLE_RECORD,POTENTIAL_NOT_PRODUCTION_ASSIGNMENT,17,HIGH_COUNT_GE_10
CAND_3840a8b0a426689dd689,2025/043,NAMED_PERSON_ON_ELIGIBLE_RECORD,POTENTIAL_NOT_PRODUCTION_ASSIGNMENT,17,HIGH_COUNT_GE_10
CAND_3840a8b0a426689dd689,2025/145,NAMED_PERSON_ON_ELIGIBLE_RECORD,POTENTIAL_NOT_PRODUCTION_ASSIGNMENT,17,HIGH_COUNT_GE_10
CAND_3840a8b0a426689dd689,2025/187,NAMED_PERSON_ON_ELIGIBLE_RECORD,POTENTIAL_NOT_PRODUCTION_ASSIGNMENT,17,HIGH_COUNT_GE_10
CAND_3840a8b0a426689dd689,2025/228,NAMED_PERSON_ON_ELIGIBLE_RECORD,POTENTIAL_NOT_PRODUCTION_ASSIGNMENT,17,HIGH_COUNT_GE_10
CAND_3840a8b0a426689dd689,2026/054,NAMED_PERSON_ON_ELIGIBLE_RECORD,POTENTIAL_NOT_PRODUCTION_ASSIGNMENT,17,HIGH_COUNT_GE_10
CAND_38523dba7af6ff2fdd7b,2023/197,NAMED_PERSON_ON_ELIGIBLE_RECORD,POTENTIAL_NOT_PRODUCTION_ASSIGNMENT,2,
CAND_38523dba7af6ff2fdd7b,2024/204,NAMED_PERSON_ON_ELIGIBLE_RECORD,POTENTIAL_NOT_PRODUCTION_ASSIGNMENT,2,
CAND_385375649c534f4fd36a,2020/027,NAMED_PERSON_ON_ELIGIBLE_RECORD,POTENTIAL_NOT_PRODUCTION_ASSIGNMENT,1,
CAND_386cc6b1c3be1e4896bc,2020/062,NAMED_PERSON_ON_ELIGIBLE_RECORD,POTENTIAL_NOT_PRODUCTION_ASSIGNMENT,1,
CAND_3899d72d8d3ed5a547cf,2021/143,NAMED_PERSON_ON_ELIGIBLE_RECORD,POTENTIAL_NOT_PRODUCTION_ASSIGNMENT,1,
CAND_38c4a84250ef45cbe8f3,2020/027,NAMED_PERSON_ON_ELIGIBLE_RECORD,POTENTIAL_NOT_PRODUCTION_ASSIGNMENT,1,
CAND_38e63af7c8237a49cbe5,2021/082,NAMED_PERSON_ON_ELIGIBLE_RECORD,POTENTIAL_NOT_PRODUCTION_ASSIGNMENT,1,
CAND_38f6a4720f3265552cc9,2020/104,NAMED_PERSON_ON_ELIGIBLE_RECORD,POTENTIAL_NOT_PRODUCTION_ASSIGNMENT,1,
CAND_39154e7670212c2b7d0c,2020/051,NAMED_PERSON_ON_ELIGIBLE_RECORD,POTENTIAL_NOT_PRODUCTION_ASSIGNMENT,3,
CAND_39154e7670212c2b7d0c,2021/062,NAMED_PERSON_ON_ELIGIBLE_RECORD,POTENTIAL_NOT_PRODUCTION_ASSIGNMENT,3,
CAND_39154e7670212c2b7d0c,2023/132,NAMED_PERSON_ON_ELIGIBLE_RECORD,POTENTIAL_NOT_PRODUCTION_ASSIGNMENT,3,
CAND_3917964946a4143ead65,2024/007,NAMED_PERSON_ON_ELIGIBLE_RECORD,POTENTIAL_NOT_PRODUCTION_ASSIGNMENT,1,
CAND_39215ef6d3d188a3dbca,2025/220,NAMED_PERSON_ON_ELIGIBLE_RECORD,POTENTIAL_NOT_PRODUCTION_ASSIGNMENT,1,
CAND_3948789c3f0f75058384,2025/216,NAMED_PERSON_ON_ELIGIBLE_RECORD,POTENTIAL_NOT_PRODUCTION_ASSIGNMENT,1,
CAND_39c9e54a699d04dae03c,2022/137,NAMED_PERSON_ON_ELIGIBLE_RECORD,POTENTIAL_NOT_PRODUCTION_ASSIGNMENT,1,
CAND_39d1423aa244bbfadd2f,2021/060,NAMED_PERSON_ON_ELIGIBLE_RECORD,POTENTIAL_NOT_PRODUCTION_ASSIGNMENT,1,
CAND_39f251d3f547ad20cea8,2024/061,NAMED_PERSON_ON_ELIGIBLE_RECORD,POTENTIAL_NOT_PRODUCTION_ASSIGNMENT,1,
CAND_3a35d0cae6bf3ec51e2a,2020/046,NAMED_PERSON_ON_ELIGIBLE_RECORD,POTENTIAL_NOT_PRODUCTION_ASSIGNMENT,2,
CAND_3a35d0cae6bf3ec51e2a,2022/081,NAMED_PERSON_ON_ELIGIBLE_RECORD,POTENTIAL_NOT_PRODUCTION_ASSIGNMENT,2,
CAND_3a64f1dca1bf25c0461d,2021/064,NAMED_PERSON_ON_ELIGIBLE_RECORD,POTENTIAL_NOT_PRODUCTION_ASSIGNMENT,1,
CAND_3a89fb88107a099ea79e,2020/027,NAMED_PERSON_ON_ELIGIBLE_RECORD,POTENTIAL_NOT_PRODUCTION_ASSIGNMENT,2,
CAND_3a89fb88107a099ea79e,2020/063,NAMED_PERSON_ON_ELIGIBLE_RECORD,POTENTIAL_NOT_PRODUCTION_ASSIGNMENT,2,
CAND_3a9262ac8d250a176e40,2022/142,NAMED_PERSON_ON_ELIGIBLE_RECORD,POTENTIAL_NOT_PRODUCTION_ASSIGNMENT,2,
CAND_3a9262ac8d250a176e40,2024/037,NAMED_PERSON_ON_ELIGIBLE_RECORD,POTENTIAL_NOT_PRODUCTION_ASSIGNMENT,2,
CAND_3a9b7792825d228ee6a3,2024/023,NAMED_PERSON_ON_ELIGIBLE_RECORD,POTENTIAL_NOT_PRODUCTION_ASSIGNMENT,1,
CAND_3aacec741c1817e650be,2021/037,NAMED_PERSON_ON_ELIGIBLE_RECORD,POTENTIAL_NOT_PRODUCTION_ASSIGNMENT,1,
CAND_3ae6ab07fd3034acec3d,2021/142,NAMED_PERSON_ON_ELIGIBLE_RECORD,POTENTIAL_NOT_PRODUCTION_ASSIGNMENT,1,
CAND_3aff86d98e22d43784ad,2026/085,NAMED_PERSON_ON_ELIGIBLE_RECORD,POTENTIAL_NOT_PRODUCTION_ASSIGNMENT,1,
CAND_3b7e78c4b73a6cf0cdd5,2019/026,NAMED_PERSON_ON_ELIGIBLE_RECORD,POTENTIAL_NOT_PRODUCTION_ASSIGNMENT,2,
CAND_3b7e78c4b73a6cf0cdd5,2024/079,NAMED_PERSON_ON_ELIGIBLE_RECORD,POTENTIAL_NOT_PRODUCTION_ASSIGNMENT,2,
CAND_3bb0b796b29e1016308a,2025/057,NAMED_PERSON_ON_ELIGIBLE_RECORD,POTENTIAL_NOT_PRODUCTION_ASSIGNMENT,4,
CAND_3bb0b796b29e1016308a,2025/108,NAMED_PERSON_ON_ELIGIBLE_RECORD,POTENTIAL_NOT_PRODUCTION_ASSIGNMENT,4,
CAND_3bb0b796b29e1016308a,2026/015,NAMED_PERSON_ON_ELIGIBLE_RECORD,POTENTIAL_NOT_PRODUCTION_ASSIGNMENT,4,
CAND_3bb0b796b29e1016308a,2026/050,NAMED_PERSON_ON_ELIGIBLE_RECORD,POTENTIAL_NOT_PRODUCTION_ASSIGNMENT,4,
CAND_3bbc3daf2a0b215f3eee,2023/256,NAMED_PERSON_ON_ELIGIBLE_RECORD,POTENTIAL_NOT_PRODUCTION_ASSIGNMENT,4,
CAND_3bbc3daf2a0b215f3eee,2024/006,NAMED_PERSON_ON_ELIGIBLE_RECORD,POTENTIAL_NOT_PRODUCTION_ASSIGNMENT,4,
CAND_3bbc3daf2a0b215f3eee,2024/016,NAMED_PERSON_ON_ELIGIBLE_RECORD,POTENTIAL_NOT_PRODUCTION_ASSIGNMENT,4,
CAND_3bbc3daf2a0b215f3eee,2026/027,NAMED_PERSON_ON_ELIGIBLE_RECORD,POTENTIAL_NOT_PRODUCTION_ASSIGNMENT,4,
CAND_3c03e12f402861226201,2023/055,NAMED_PERSON_ON_ELIGIBLE_RECORD,POTENTIAL_NOT_PRODUCTION_ASSIGNMENT,2,
CAND_3c03e12f402861226201,2025/246,NAMED_PERSON_ON_ELIGIBLE_RECORD,POTENTIAL_NOT_PRODUCTION_ASSIGNMENT,2,
CAND_3c0a797f6143e94d6cec,2021/076,NAMED_PERSON_ON_ELIGIBLE_RECORD,POTENTIAL_NOT_PRODUCTION_ASSIGNMENT,1,
CAND_3c1035eca3ea7aed58c7,2020/016,NAMED_PERSON_ON_ELIGIBLE_RECORD,POTENTIAL_NOT_PRODUCTION_ASSIGNMENT,2,
CAND_3c1035eca3ea7aed58c7,2020/093,NAMED_PERSON_ON_ELIGIBLE_RECORD,POTENTIAL_NOT_PRODUCTION_ASSIGNMENT,2,
CAND_3c9aa0a09fef01cd6fc2,2023/291,NAMED_PERSON_ON_ELIGIBLE_RECORD,POTENTIAL_NOT_PRODUCTION_ASSIGNMENT,1,
CAND_3c9c7809910bb0884cc5,2025/046,NAMED_PERSON_ON_ELIGIBLE_RECORD,POTENTIAL_NOT_PRODUCTION_ASSIGNMENT,1,
CAND_3ca5b7f94120f280d7f0,2026/072,NAMED_PERSON_ON_ELIGIBLE_RECORD,POTENTIAL_NOT_PRODUCTION_ASSIGNMENT,1,
CAND_3cdeaa59d40f834a90a2,2023/298,NAMED_PERSON_ON_ELIGIBLE_RECORD,POTENTIAL_NOT_PRODUCTION_ASSIGNMENT,1,
CAND_3ce5d0cbcd894b59dfd7,2021/017,NAMED_PERSON_ON_ELIGIBLE_RECORD,POTENTIAL_NOT_PRODUCTION_ASSIGNMENT,2,
CAND_3ce5d0cbcd894b59dfd7,2022/174,NAMED_PERSON_ON_ELIGIBLE_RECORD,POTENTIAL_NOT_PRODUCTION_ASSIGNMENT,2,
CAND_3d09b393895c99c70725,2023/307,NAMED_PERSON_ON_ELIGIBLE_RECORD,POTENTIAL_NOT_PRODUCTION_ASSIGNMENT,1,
CAND_3d48ef09cf74204879b9,2020/006,NAMED_PERSON_ON_ELIGIBLE_RECORD,POTENTIAL_NOT_PRODUCTION_ASSIGNMENT,1,
CAND_3d5b150328da90439864,2020/129,NAMED_PERSON_ON_ELIGIBLE_RECORD,POTENTIAL_NOT_PRODUCTION_ASSIGNMENT,1,
CAND_3d7b3c56ceb79b84ccdb,2025/104,NAMED_PERSON_ON_ELIGIBLE_RECORD,POTENTIAL_NOT_PRODUCTION_ASSIGNMENT,1,
CAND_3dbb69eae0e36f2a61c6,2020/117,NAMED_PERSON_ON_ELIGIBLE_RECORD,POTENTIAL_NOT_PRODUCTION_ASSIGNMENT,1,
CAND_3ddf157bd5611627a14f,2019/009,NAMED_PERSON_ON_ELIGIBLE_RECORD,POTENTIAL_NOT_PRODUCTION_ASSIGNMENT,1,
CAND_3de1043b081e3531c588,2020/127,NAMED_PERSON_ON_ELIGIBLE_RECORD,POTENTIAL_NOT_PRODUCTION_ASSIGNMENT,1,
CAND_3de20f2d72c70cc33bb9,2024/223,NAMED_PERSON_ON_ELIGIBLE_RECORD,POTENTIAL_NOT_PRODUCTION_ASSIGNMENT,1,
CAND_3e1a30668847f70891ac,2024/070,NAMED_PERSON_ON_ELIGIBLE_RECORD,POTENTIAL_NOT_PRODUCTION_ASSIGNMENT,1,
CAND_3e2d1a61b6a16dae3b81,2020/047,NAMED_PERSON_ON_ELIGIBLE_RECORD,POTENTIAL_NOT_PRODUCTION_ASSIGNMENT,1,
CAND_3e3438a5f512bec57a98,2025/153,NAMED_PERSON_ON_ELIGIBLE_RECORD,POTENTIAL_NOT_PRODUCTION_ASSIGNMENT,1,
CAND_3e35b7f0af4e3414dcff,2020/047,NAMED_PERSON_ON_ELIGIBLE_RECORD,POTENTIAL_NOT_PRODUCTION_ASSIGNMENT,1,
CAND_3e6414624440bc0f8930,2023/162,NAMED_PERSON_ON_ELIGIBLE_RECORD,POTENTIAL_NOT_PRODUCTION_ASSIGNMENT,1,
CAND_3e9ee1516f7955230229,2025/012,NAMED_PERSON_ON_ELIGIBLE_RECORD,POTENTIAL_NOT_PRODUCTION_ASSIGNMENT,1,
CAND_3ea78b4cc5b49983f3af,2023/232,NAMED_PERSON_ON_ELIGIBLE_RECORD,POTENTIAL_NOT_PRODUCTION_ASSIGNMENT,2,
CAND_3ea78b4cc5b49983f3af,2025/020,NAMED_PERSON_ON_ELIGIBLE_RECORD,POTENTIAL_NOT_PRODUCTION_ASSIGNMENT,2,
CAND_3eb9f6ab9df4871e4496,2022/055,NAMED_PERSON_ON_ELIGIBLE_RECORD,POTENTIAL_NOT_PRODUCTION_ASSIGNMENT,1,
CAND_3ecf511994c400d3f4f9,2025/058,NAMED_PERSON_ON_ELIGIBLE_RECORD,POTENTIAL_NOT_PRODUCTION_ASSIGNMENT,1,
CAND_3eef1783ed6b5cb823ee,2020/046,NAMED_PERSON_ON_ELIGIBLE_RECORD,POTENTIAL_NOT_PRODUCTION_ASSIGNMENT,2,
CAND_3eef1783ed6b5cb823ee,2022/081,NAMED_PERSON_ON_ELIGIBLE_RECORD,POTENTIAL_NOT_PRODUCTION_ASSIGNMENT,2,
CAND_3f072d6134a4a9972237,2022/030,NAMED_PERSON_ON_ELIGIBLE_RECORD,POTENTIAL_NOT_PRODUCTION_ASSIGNMENT,1,
CAND_3f0b35ffd7061647a46d,2020/100,NAMED_PERSON_ON_ELIGIBLE_RECORD,POTENTIAL_NOT_PRODUCTION_ASSIGNMENT,1,
CAND_3f0dc1a48e8adb422dce,2020/025,NAMED_PERSON_ON_ELIGIBLE_RECORD,POTENTIAL_NOT_PRODUCTION_ASSIGNMENT,2,
CAND_3f0dc1a48e8adb422dce,2022/173,NAMED_PERSON_ON_ELIGIBLE_RECORD,POTENTIAL_NOT_PRODUCTION_ASSIGNMENT,2,
CAND_3f194c86c22453cd18de,2020/063,NAMED_PERSON_ON_ELIGIBLE_RECORD,POTENTIAL_NOT_PRODUCTION_ASSIGNMENT,1,
CAND_3f5cbf56db3bb958c512,2025/212,NAMED_PERSON_ON_ELIGIBLE_RECORD,POTENTIAL_NOT_PRODUCTION_ASSIGNMENT,1,
CAND_3f8de73cf6a59c0624ad,2020/101,NAMED_PERSON_ON_ELIGIBLE_RECORD,POTENTIAL_NOT_PRODUCTION_ASSIGNMENT,1,
CAND_3f9638ff46e325b0206c,2023/170,NAMED_PERSON_ON_ELIGIBLE_RECORD,POTENTIAL_NOT_PRODUCTION_ASSIGNMENT,1,
CAND_3fa8e6a34d6738c061de,2021/100,NAMED_PERSON_ON_ELIGIBLE_RECORD,POTENTIAL_NOT_PRODUCTION_ASSIGNMENT,2,
CAND_3fa8e6a34d6738c061de,2024/106,NAMED_PERSON_ON_ELIGIBLE_RECORD,POTENTIAL_NOT_PRODUCTION_ASSIGNMENT,2,
CAND_3fae238b1fd8b23bfc92,2023/232,NAMED_PERSON_ON_ELIGIBLE_RECORD,POTENTIAL_NOT_PRODUCTION_ASSIGNMENT,2,
CAND_3fae238b1fd8b23bfc92,2025/020,NAMED_PERSON_ON_ELIGIBLE_RECORD,POTENTIAL_NOT_PRODUCTION_ASSIGNMENT,2,
CAND_3fba8648d91a6d9d84c5,2023/095,NAMED_PERSON_ON_ELIGIBLE_RECORD,POTENTIAL_NOT_PRODUCTION_ASSIGNMENT,2,
CAND_3fba8648d91a6d9d84c5,2025/242,NAMED_PERSON_ON_ELIGIBLE_RECORD,POTENTIAL_NOT_PRODUCTION_ASSIGNMENT,2,
CAND_40275f90cdc32f3d33a3,2024/227,NAMED_PERSON_ON_ELIGIBLE_RECORD,POTENTIAL_NOT_PRODUCTION_ASSIGNMENT,2,
CAND_40275f90cdc32f3d33a3,2025/034,NAMED_PERSON_ON_ELIGIBLE_RECORD,POTENTIAL_NOT_PRODUCTION_ASSIGNMENT,2,
CAND_402f4b51e266cdc80603,2021/029,NAMED_PERSON_ON_ELIGIBLE_RECORD,POTENTIAL_NOT_PRODUCTION_ASSIGNMENT,1,
CAND_405d189fbbbbba2af402,2023/094,NAMED_PERSON_ON_ELIGIBLE_RECORD,POTENTIAL_NOT_PRODUCTION_ASSIGNMENT,7,
CAND_405d189fbbbbba2af402,2024/008,NAMED_PERSON_ON_ELIGIBLE_RECORD,POTENTIAL_NOT_PRODUCTION_ASSIGNMENT,7,
CAND_405d189fbbbbba2af402,2024/127,NAMED_PERSON_ON_ELIGIBLE_RECORD,POTENTIAL_NOT_PRODUCTION_ASSIGNMENT,7,
CAND_405d189fbbbbba2af402,2024/192,NAMED_PERSON_ON_ELIGIBLE_RECORD,POTENTIAL_NOT_PRODUCTION_ASSIGNMENT,7,
CAND_405d189fbbbbba2af402,2024/221,NAMED_PERSON_ON_ELIGIBLE_RECORD,POTENTIAL_NOT_PRODUCTION_ASSIGNMENT,7,
CAND_405d189fbbbbba2af402,2025/128,NAMED_PERSON_ON_ELIGIBLE_RECORD,POTENTIAL_NOT_PRODUCTION_ASSIGNMENT,7,
CAND_405d189fbbbbba2af402,2025/197,NAMED_PERSON_ON_ELIGIBLE_RECORD,POTENTIAL_NOT_PRODUCTION_ASSIGNMENT,7,
CAND_407f54c7e0549dcdbb6e,2024/095/a,NAMED_PERSON_ON_ELIGIBLE_RECORD,POTENTIAL_NOT_PRODUCTION_ASSIGNMENT,1,
CAND_408337224da23e1fc19b,2022/008,NAMED_PERSON_ON_ELIGIBLE_RECORD,POTENTIAL_NOT_PRODUCTION_ASSIGNMENT,1,
CAND_4089668289684ef998cf,2025/246,NAMED_PERSON_ON_ELIGIBLE_RECORD,POTENTIAL_NOT_PRODUCTION_ASSIGNMENT,1,
CAND_40a3e6fbea79ac14ae52,2025/106,NAMED_PERSON_ON_ELIGIBLE_RECORD,POTENTIAL_NOT_PRODUCTION_ASSIGNMENT,1,
CAND_40c1568c742234322eed,2023/042,NAMED_PERSON_ON_ELIGIBLE_RECORD,POTENTIAL_NOT_PRODUCTION_ASSIGNMENT,2,
CAND_40c1568c742234322eed,2024/231,NAMED_PERSON_ON_ELIGIBLE_RECORD,POTENTIAL_NOT_PRODUCTION_ASSIGNMENT,2,
CAND_40e1417193e12beee827,2023/197,NAMED_PERSON_ON_ELIGIBLE_RECORD,POTENTIAL_NOT_PRODUCTION_ASSIGNMENT,2,
CAND_40e1417193e12beee827,2024/204,NAMED_PERSON_ON_ELIGIBLE_RECORD,POTENTIAL_NOT_PRODUCTION_ASSIGNMENT,2,
CAND_411b8ae330ced08da866,2024/055,NAMED_PERSON_ON_ELIGIBLE_RECORD,POTENTIAL_NOT_PRODUCTION_ASSIGNMENT,1,
CAND_4144c4317ac2c7b552f5,2023/312,NAMED_PERSON_ON_ELIGIBLE_RECORD,POTENTIAL_NOT_PRODUCTION_ASSIGNMENT,2,
CAND_4144c4317ac2c7b552f5,2026/086,NAMED_PERSON_ON_ELIGIBLE_RECORD,POTENTIAL_NOT_PRODUCTION_ASSIGNMENT,2,
CAND_4151a39ea3e952d37f05,2023/271,NAMED_PERSON_ON_ELIGIBLE_RECORD,POTENTIAL_NOT_PRODUCTION_ASSIGNMENT,2,
CAND_4151a39ea3e952d37f05,2023/285,NAMED_PERSON_ON_ELIGIBLE_RECORD,POTENTIAL_NOT_PRODUCTION_ASSIGNMENT,2,
CAND_4155a6441ff8f619ce6c,2025/138,NAMED_PERSON_ON_ELIGIBLE_RECORD,POTENTIAL_NOT_PRODUCTION_ASSIGNMENT,1,
CAND_415604d45b0dc418beb9,2021/026,NAMED_PERSON_ON_ELIGIBLE_RECORD,POTENTIAL_NOT_PRODUCTION_ASSIGNMENT,1,
CAND_4156935a812b7d72c12e,2020/018,NAMED_PERSON_ON_ELIGIBLE_RECORD,POTENTIAL_NOT_PRODUCTION_ASSIGNMENT,2,
CAND_4156935a812b7d72c12e,2020/023,NAMED_PERSON_ON_ELIGIBLE_RECORD,POTENTIAL_NOT_PRODUCTION_ASSIGNMENT,2,
CAND_416708318ec12c54f043,2024/016,NAMED_PERSON_ON_ELIGIBLE_RECORD,POTENTIAL_NOT_PRODUCTION_ASSIGNMENT,1,
CAND_41787f44fcbff5a97de6,2026/049,NAMED_PERSON_ON_ELIGIBLE_RECORD,POTENTIAL_NOT_PRODUCTION_ASSIGNMENT,1,
CAND_417d93d9f1cf798f4532,2025/242,NAMED_PERSON_ON_ELIGIBLE_RECORD,POTENTIAL_NOT_PRODUCTION_ASSIGNMENT,1,
CAND_417e25a9f02dee0a96b2,2025/048,NAMED_PERSON_ON_ELIGIBLE_RECORD,POTENTIAL_NOT_PRODUCTION_ASSIGNMENT,1,
CAND_4198ac0477d76393a648,2023/026,NAMED_PERSON_ON_ELIGIBLE_RECORD,POTENTIAL_NOT_PRODUCTION_ASSIGNMENT,1,
CAND_41a128ee1cdbad75a374,2022/070,NAMED_PERSON_ON_ELIGIBLE_RECORD,POTENTIAL_NOT_PRODUCTION_ASSIGNMENT,1,
CAND_41f1587445cda78bd693,2021/127,NAMED_PERSON_ON_ELIGIBLE_RECORD,POTENTIAL_NOT_PRODUCTION_ASSIGNMENT,3,
CAND_41f1587445cda78bd693,2021/146,NAMED_PERSON_ON_ELIGIBLE_RECORD,POTENTIAL_NOT_PRODUCTION_ASSIGNMENT,3,
CAND_41f1587445cda78bd693,2022/060,NAMED_PERSON_ON_ELIGIBLE_RECORD,POTENTIAL_NOT_PRODUCTION_ASSIGNMENT,3,
CAND_41fa4869bca52b8c816b,2024/252,NAMED_PERSON_ON_ELIGIBLE_RECORD,POTENTIAL_NOT_PRODUCTION_ASSIGNMENT,1,
CAND_420e26174595e5018eee,2025/019,NAMED_PERSON_ON_ELIGIBLE_RECORD,POTENTIAL_NOT_PRODUCTION_ASSIGNMENT,1,
CAND_4223f8c869a998e7fc20,2022/043,NAMED_PERSON_ON_ELIGIBLE_RECORD,POTENTIAL_NOT_PRODUCTION_ASSIGNMENT,1,
CAND_427400fe94142bd44b3f,2021/149,NAMED_PERSON_ON_ELIGIBLE_RECORD,POTENTIAL_NOT_PRODUCTION_ASSIGNMENT,1,
CAND_42bb4c1d2acf9d61a20b,2020/047,NAMED_PERSON_ON_ELIGIBLE_RECORD,POTENTIAL_NOT_PRODUCTION_ASSIGNMENT,2,
CAND_42bb4c1d2acf9d61a20b,2024/095/b,NAMED_PERSON_ON_ELIGIBLE_RECORD,POTENTIAL_NOT_PRODUCTION_ASSIGNMENT,2,
CAND_42c0897ba6fff4ae1661,2021/037,NAMED_PERSON_ON_ELIGIBLE_RECORD,POTENTIAL_NOT_PRODUCTION_ASSIGNMENT,2,
CAND_42c0897ba6fff4ae1661,2022/008,NAMED_PERSON_ON_ELIGIBLE_RECORD,POTENTIAL_NOT_PRODUCTION_ASSIGNMENT,2,
CAND_42d2e06db60618eb8145,2025/077,NAMED_PERSON_ON_ELIGIBLE_RECORD,POTENTIAL_NOT_PRODUCTION_ASSIGNMENT,1,
CAND_42d376378cb48888669d,2022/121,NAMED_PERSON_ON_ELIGIBLE_RECORD,POTENTIAL_NOT_PRODUCTION_ASSIGNMENT,1,
CAND_42f29c8a7920650895fb,2021/170,NAMED_PERSON_ON_ELIGIBLE_RECORD,POTENTIAL_NOT_PRODUCTION_ASSIGNMENT,1,
CAND_42f32879a4f1baca90bb,2021/104,NAMED_PERSON_ON_ELIGIBLE_RECORD,POTENTIAL_NOT_PRODUCTION_ASSIGNMENT,2,
CAND_42f32879a4f1baca90bb,2023/280,NAMED_PERSON_ON_ELIGIBLE_RECORD,POTENTIAL_NOT_PRODUCTION_ASSIGNMENT,2,
CAND_42f429767576c90a1aee,2022/089,NAMED_PERSON_ON_ELIGIBLE_RECORD,POTENTIAL_NOT_PRODUCTION_ASSIGNMENT,1,
CAND_4309085152a3c47a8ece,2020/063,NAMED_PERSON_ON_ELIGIBLE_RECORD,POTENTIAL_NOT_PRODUCTION_ASSIGNMENT,1,
CAND_438b8b06e6a1bddb7fdd,2020/027,NAMED_PERSON_ON_ELIGIBLE_RECORD,POTENTIAL_NOT_PRODUCTION_ASSIGNMENT,1,
CAND_43e8f90c5459b2a10194,2023/042,NAMED_PERSON_ON_ELIGIBLE_RECORD,POTENTIAL_NOT_PRODUCTION_ASSIGNMENT,1,
CAND_43f9696819d52b313a31,2025/018,NAMED_PERSON_ON_ELIGIBLE_RECORD,POTENTIAL_NOT_PRODUCTION_ASSIGNMENT,2,
CAND_43f9696819d52b313a31,2025/069,NAMED_PERSON_ON_ELIGIBLE_RECORD,POTENTIAL_NOT_PRODUCTION_ASSIGNMENT,2,
CAND_440a1cd56f6ee2d6ecef,2021/047,NAMED_PERSON_ON_ELIGIBLE_RECORD,POTENTIAL_NOT_PRODUCTION_ASSIGNMENT,1,
CAND_4429caf4cc321d326d40,2026/064,NAMED_PERSON_ON_ELIGIBLE_RECORD,POTENTIAL_NOT_PRODUCTION_ASSIGNMENT,1,
CAND_443723672d0627d22c55,2024/132,NAMED_PERSON_ON_ELIGIBLE_RECORD,POTENTIAL_NOT_PRODUCTION_ASSIGNMENT,1,
CAND_4445e6714619bafd7f21,2020/063,NAMED_PERSON_ON_ELIGIBLE_RECORD,POTENTIAL_NOT_PRODUCTION_ASSIGNMENT,1,
CAND_4448ff3731c9fb02932e,2020/051,NAMED_PERSON_ON_ELIGIBLE_RECORD,POTENTIAL_NOT_PRODUCTION_ASSIGNMENT,1,
CAND_448fc180b2e3ff41986a,2023/010,NAMED_PERSON_ON_ELIGIBLE_RECORD,POTENTIAL_NOT_PRODUCTION_ASSIGNMENT,1,
CAND_44a6a71dc6b2fbc6378c,2024/098,NAMED_PERSON_ON_ELIGIBLE_RECORD,POTENTIAL_NOT_PRODUCTION_ASSIGNMENT,1,
CAND_44afdd11ad1f29e5696f,2024/134,NAMED_PERSON_ON_ELIGIBLE_RECORD,POTENTIAL_NOT_PRODUCTION_ASSIGNMENT,1,
CAND_44cc881d80a4a76a5a05,2022/158,NAMED_PERSON_ON_ELIGIBLE_RECORD,POTENTIAL_NOT_PRODUCTION_ASSIGNMENT,1,
CAND_44e06844cc4281c6e06d,2020/008,NAMED_PERSON_ON_ELIGIBLE_RECORD,POTENTIAL_NOT_PRODUCTION_ASSIGNMENT,3,
CAND_44e06844cc4281c6e06d,2021/001,NAMED_PERSON_ON_ELIGIBLE_RECORD,POTENTIAL_NOT_PRODUCTION_ASSIGNMENT,3,
CAND_44e06844cc4281c6e06d,2025/024,NAMED_PERSON_ON_ELIGIBLE_RECORD,POTENTIAL_NOT_PRODUCTION_ASSIGNMENT,3,
CAND_452d5bdef69998ed5dad,2023/294,NAMED_PERSON_ON_ELIGIBLE_RECORD,POTENTIAL_NOT_PRODUCTION_ASSIGNMENT,1,
CAND_452f84874cd01e888a01,2020/092,NAMED_PERSON_ON_ELIGIBLE_RECORD,POTENTIAL_NOT_PRODUCTION_ASSIGNMENT,2,
CAND_452f84874cd01e888a01,2022/007,NAMED_PERSON_ON_ELIGIBLE_RECORD,POTENTIAL_NOT_PRODUCTION_ASSIGNMENT,2,
CAND_4544326367485679d9a0,2020/027,NAMED_PERSON_ON_ELIGIBLE_RECORD,POTENTIAL_NOT_PRODUCTION_ASSIGNMENT,2,
CAND_4544326367485679d9a0,2020/063,NAMED_PERSON_ON_ELIGIBLE_RECORD,POTENTIAL_NOT_PRODUCTION_ASSIGNMENT,2,
CAND_455a73b0d4a3377e21c4,2021/004,NAMED_PERSON_ON_ELIGIBLE_RECORD,POTENTIAL_NOT_PRODUCTION_ASSIGNMENT,2,
CAND_455a73b0d4a3377e21c4,2024/072,NAMED_PERSON_ON_ELIGIBLE_RECORD,POTENTIAL_NOT_PRODUCTION_ASSIGNMENT,2,
CAND_456c870168d41b2f7d7e,2023/198,NAMED_PERSON_ON_ELIGIBLE_RECORD,POTENTIAL_NOT_PRODUCTION_ASSIGNMENT,1,
CAND_458f1323617bda175cfd,2024/099,NAMED_PERSON_ON_ELIGIBLE_RECORD,POTENTIAL_NOT_PRODUCTION_ASSIGNMENT,2,
CAND_458f1323617bda175cfd,2025/049,NAMED_PERSON_ON_ELIGIBLE_RECORD,POTENTIAL_NOT_PRODUCTION_ASSIGNMENT,2,
CAND_461c400d8b2cb705cbca,2023/009,NAMED_PERSON_ON_ELIGIBLE_RECORD,POTENTIAL_NOT_PRODUCTION_ASSIGNMENT,1,
CAND_4640429fed1a88e72a1a,2023/236,NAMED_PERSON_ON_ELIGIBLE_RECORD,POTENTIAL_NOT_PRODUCTION_ASSIGNMENT,1,
CAND_4641f481381ac6ddfa81,2025/225,NAMED_PERSON_ON_ELIGIBLE_RECORD,POTENTIAL_NOT_PRODUCTION_ASSIGNMENT,1,
CAND_464749c60fa53e798a24,2022/137,NAMED_PERSON_ON_ELIGIBLE_RECORD,POTENTIAL_NOT_PRODUCTION_ASSIGNMENT,1,
CAND_4656bb8059780edc0925,2024/238,NAMED_PERSON_ON_ELIGIBLE_RECORD,POTENTIAL_NOT_PRODUCTION_ASSIGNMENT,1,
CAND_46a4969fab954c2be666,2021/049,NAMED_PERSON_ON_ELIGIBLE_RECORD,POTENTIAL_NOT_PRODUCTION_ASSIGNMENT,1,
CAND_46b3fa12ff94d9c8944f,2021/067,NAMED_PERSON_ON_ELIGIBLE_RECORD,POTENTIAL_NOT_PRODUCTION_ASSIGNMENT,1,
CAND_46b79d8740b068b3e326,2020/129,NAMED_PERSON_ON_ELIGIBLE_RECORD,POTENTIAL_NOT_PRODUCTION_ASSIGNMENT,1,
CAND_46ba645d4c710836875a,2024/152,NAMED_PERSON_ON_ELIGIBLE_RECORD,POTENTIAL_NOT_PRODUCTION_ASSIGNMENT,1,
CAND_46c6b26c3f1cbf1b1207,2025/135,NAMED_PERSON_ON_ELIGIBLE_RECORD,POTENTIAL_NOT_PRODUCTION_ASSIGNMENT,1,
CAND_46e8184868654a6272de,2020/096,NAMED_PERSON_ON_ELIGIBLE_RECORD,POTENTIAL_NOT_PRODUCTION_ASSIGNMENT,1,
CAND_46fad0a808ef7629b780,2023/054,NAMED_PERSON_ON_ELIGIBLE_RECORD,POTENTIAL_NOT_PRODUCTION_ASSIGNMENT,2,
CAND_46fad0a808ef7629b780,2023/059,NAMED_PERSON_ON_ELIGIBLE_RECORD,POTENTIAL_NOT_PRODUCTION_ASSIGNMENT,2,
CAND_46ff1cc42ec22f289602,2026/004,NAMED_PERSON_ON_ELIGIBLE_RECORD,POTENTIAL_NOT_PRODUCTION_ASSIGNMENT,1,
CAND_47139aa2d355db33283c,2024/066,NAMED_PERSON_ON_ELIGIBLE_RECORD,POTENTIAL_NOT_PRODUCTION_ASSIGNMENT,1,
CAND_4740a549c9277ee50ef1,2020/047,NAMED_PERSON_ON_ELIGIBLE_RECORD,POTENTIAL_NOT_PRODUCTION_ASSIGNMENT,1,
CAND_474ac19b5a211b9f170e,2023/053,NAMED_PERSON_ON_ELIGIBLE_RECORD,POTENTIAL_NOT_PRODUCTION_ASSIGNMENT,1,
CAND_475e11b988021354aaa5,2020/016,NAMED_PERSON_ON_ELIGIBLE_RECORD,POTENTIAL_NOT_PRODUCTION_ASSIGNMENT,1,
CAND_4775ee7b28e743bc9b5f,2021/123,NAMED_PERSON_ON_ELIGIBLE_RECORD,POTENTIAL_NOT_PRODUCTION_ASSIGNMENT,1,
CAND_478f18253200a3f3b9dd,2020/005,NAMED_PERSON_ON_ELIGIBLE_RECORD,POTENTIAL_NOT_PRODUCTION_ASSIGNMENT,1,
CAND_4799c22216f22e008fe7,2022/190,NAMED_PERSON_ON_ELIGIBLE_RECORD,POTENTIAL_NOT_PRODUCTION_ASSIGNMENT,1,
CAND_47b2e8447ecb11a8f451,2024/033,NAMED_PERSON_ON_ELIGIBLE_RECORD,POTENTIAL_NOT_PRODUCTION_ASSIGNMENT,1,
CAND_47f15fe01be132f80dcc,2022/164,NAMED_PERSON_ON_ELIGIBLE_RECORD,POTENTIAL_NOT_PRODUCTION_ASSIGNMENT,1,
CAND_47f3c707d134ebf9fb45,2020/027,NAMED_PERSON_ON_ELIGIBLE_RECORD,POTENTIAL_NOT_PRODUCTION_ASSIGNMENT,1,
CAND_482f307114fcdf119fe2,2025/224,NAMED_PERSON_ON_ELIGIBLE_RECORD,POTENTIAL_NOT_PRODUCTION_ASSIGNMENT,1,
CAND_48407d13ebc2f720514a,2021/116,NAMED_PERSON_ON_ELIGIBLE_RECORD,POTENTIAL_NOT_PRODUCTION_ASSIGNMENT,1,
CAND_4845dcf683376a9fcf8e,2023/277,NAMED_PERSON_ON_ELIGIBLE_RECORD,POTENTIAL_NOT_PRODUCTION_ASSIGNMENT,2,
CAND_4845dcf683376a9fcf8e,2024/083,NAMED_PERSON_ON_ELIGIBLE_RECORD,POTENTIAL_NOT_PRODUCTION_ASSIGNMENT,2,
CAND_48612a8fff937a8e7879,2022/181,NAMED_PERSON_ON_ELIGIBLE_RECORD,POTENTIAL_NOT_PRODUCTION_ASSIGNMENT,1,
CAND_486150600a0ed64e8409,2026/037,NAMED_PERSON_ON_ELIGIBLE_RECORD,POTENTIAL_NOT_PRODUCTION_ASSIGNMENT,1,
CAND_48c6985332a6bdb18286,2020/051,NAMED_PERSON_ON_ELIGIBLE_RECORD,POTENTIAL_NOT_PRODUCTION_ASSIGNMENT,1,
CAND_4902d39973577336b3ca,2021/049,NAMED_PERSON_ON_ELIGIBLE_RECORD,POTENTIAL_NOT_PRODUCTION_ASSIGNMENT,4,
CAND_4902d39973577336b3ca,2021/136,NAMED_PERSON_ON_ELIGIBLE_RECORD,POTENTIAL_NOT_PRODUCTION_ASSIGNMENT,4,
CAND_4902d39973577336b3ca,2023/193,NAMED_PERSON_ON_ELIGIBLE_RECORD,POTENTIAL_NOT_PRODUCTION_ASSIGNMENT,4,
CAND_4902d39973577336b3ca,2024/048,NAMED_PERSON_ON_ELIGIBLE_RECORD,POTENTIAL_NOT_PRODUCTION_ASSIGNMENT,4,
CAND_494f9effc22485a2dd44,2025/258,NAMED_PERSON_ON_ELIGIBLE_RECORD,POTENTIAL_NOT_PRODUCTION_ASSIGNMENT,1,
CAND_49591a3fb2eeb41c1628,2020/027,NAMED_PERSON_ON_ELIGIBLE_RECORD,POTENTIAL_NOT_PRODUCTION_ASSIGNMENT,1,
CAND_4977226e1a7ea7f6370d,2025/120,NAMED_PERSON_ON_ELIGIBLE_RECORD,POTENTIAL_NOT_PRODUCTION_ASSIGNMENT,1,
CAND_498d478e439678590361,2020/027,NAMED_PERSON_ON_ELIGIBLE_RECORD,POTENTIAL_NOT_PRODUCTION_ASSIGNMENT,1,
CAND_49a1906894c741cbc79c,2020/066,NAMED_PERSON_ON_ELIGIBLE_RECORD,POTENTIAL_NOT_PRODUCTION_ASSIGNMENT,1,
CAND_49dc3ff187067395cecd,2025/131,NAMED_PERSON_ON_ELIGIBLE_RECORD,POTENTIAL_NOT_PRODUCTION_ASSIGNMENT,1,
CAND_49ecdba61f74eb95f777,2020/081,NAMED_PERSON_ON_ELIGIBLE_RECORD,POTENTIAL_NOT_PRODUCTION_ASSIGNMENT,1,
CAND_4a24cf39c3debbe3bb30,2022/197,NAMED_PERSON_ON_ELIGIBLE_RECORD,POTENTIAL_NOT_PRODUCTION_ASSIGNMENT,3,
CAND_4a24cf39c3debbe3bb30,2024/124,NAMED_PERSON_ON_ELIGIBLE_RECORD,POTENTIAL_NOT_PRODUCTION_ASSIGNMENT,3,
CAND_4a24cf39c3debbe3bb30,2026/019,NAMED_PERSON_ON_ELIGIBLE_RECORD,POTENTIAL_NOT_PRODUCTION_ASSIGNMENT,3,
CAND_4a36cb7a9b87fc8a676c,2020/118,NAMED_PERSON_ON_ELIGIBLE_RECORD,POTENTIAL_NOT_PRODUCTION_ASSIGNMENT,4,
CAND_4a36cb7a9b87fc8a676c,2020/128,NAMED_PERSON_ON_ELIGIBLE_RECORD,POTENTIAL_NOT_PRODUCTION_ASSIGNMENT,4,
CAND_4a36cb7a9b87fc8a676c,2020/129,NAMED_PERSON_ON_ELIGIBLE_RECORD,POTENTIAL_NOT_PRODUCTION_ASSIGNMENT,4,
CAND_4a36cb7a9b87fc8a676c,2022/111,NAMED_PERSON_ON_ELIGIBLE_RECORD,POTENTIAL_NOT_PRODUCTION_ASSIGNMENT,4,
CAND_4a43008b3f2451aeab99,2025/006,NAMED_PERSON_ON_ELIGIBLE_RECORD,POTENTIAL_NOT_PRODUCTION_ASSIGNMENT,2,
CAND_4a43008b3f2451aeab99,2026/030,NAMED_PERSON_ON_ELIGIBLE_RECORD,POTENTIAL_NOT_PRODUCTION_ASSIGNMENT,2,
CAND_4a43c1936f351394cc7a,2022/180,NAMED_PERSON_ON_ELIGIBLE_RECORD,POTENTIAL_NOT_PRODUCTION_ASSIGNMENT,2,
CAND_4a43c1936f351394cc7a,2023/058,NAMED_PERSON_ON_ELIGIBLE_RECORD,POTENTIAL_NOT_PRODUCTION_ASSIGNMENT,2,
CAND_4aad0fa760637b38441d,2020/024,NAMED_PERSON_ON_ELIGIBLE_RECORD,POTENTIAL_NOT_PRODUCTION_ASSIGNMENT,3,
CAND_4aad0fa760637b38441d,2021/151,NAMED_PERSON_ON_ELIGIBLE_RECORD,POTENTIAL_NOT_PRODUCTION_ASSIGNMENT,3,
CAND_4aad0fa760637b38441d,2023/181,NAMED_PERSON_ON_ELIGIBLE_RECORD,POTENTIAL_NOT_PRODUCTION_ASSIGNMENT,3,
CAND_4aaf68b02555ef08ef5c,2024/071,NAMED_PERSON_ON_ELIGIBLE_RECORD,POTENTIAL_NOT_PRODUCTION_ASSIGNMENT,4,
CAND_4aaf68b02555ef08ef5c,2024/122,NAMED_PERSON_ON_ELIGIBLE_RECORD,POTENTIAL_NOT_PRODUCTION_ASSIGNMENT,4,
CAND_4aaf68b02555ef08ef5c,2025/013,NAMED_PERSON_ON_ELIGIBLE_RECORD,POTENTIAL_NOT_PRODUCTION_ASSIGNMENT,4,
CAND_4aaf68b02555ef08ef5c,2025/017,NAMED_PERSON_ON_ELIGIBLE_RECORD,POTENTIAL_NOT_PRODUCTION_ASSIGNMENT,4,
CAND_4af642e102b044bb81e2,2024/208,NAMED_PERSON_ON_ELIGIBLE_RECORD,POTENTIAL_NOT_PRODUCTION_ASSIGNMENT,1,
CAND_4afb71ed0997e2ca5697,2022/066,NAMED_PERSON_ON_ELIGIBLE_RECORD,POTENTIAL_NOT_PRODUCTION_ASSIGNMENT,1,
CAND_4b006eca43451dca01f0,2025/109,NAMED_PERSON_ON_ELIGIBLE_RECORD,POTENTIAL_NOT_PRODUCTION_ASSIGNMENT,1,
CAND_4b039df5216f3ffb650a,2025/217,NAMED_PERSON_ON_ELIGIBLE_RECORD,POTENTIAL_NOT_PRODUCTION_ASSIGNMENT,1,
CAND_4b21cfd71911fefab9a3,2022/193,NAMED_PERSON_ON_ELIGIBLE_RECORD,POTENTIAL_NOT_PRODUCTION_ASSIGNMENT,1,
CAND_4b4cba7bf41c3849fa18,2026/071,NAMED_PERSON_ON_ELIGIBLE_RECORD,POTENTIAL_NOT_PRODUCTION_ASSIGNMENT,1,
CAND_4b6c6c0c3a267f0c3010,2024/152,NAMED_PERSON_ON_ELIGIBLE_RECORD,POTENTIAL_NOT_PRODUCTION_ASSIGNMENT,1,
CAND_4b89b3c61b47a45a5a0a,2026/048,NAMED_PERSON_ON_ELIGIBLE_RECORD,POTENTIAL_NOT_PRODUCTION_ASSIGNMENT,1,
CAND_4bc6a3726237bd188fa0,2020/111,NAMED_PERSON_ON_ELIGIBLE_RECORD,POTENTIAL_NOT_PRODUCTION_ASSIGNMENT,3,
CAND_4bc6a3726237bd188fa0,2020/114,NAMED_PERSON_ON_ELIGIBLE_RECORD,POTENTIAL_NOT_PRODUCTION_ASSIGNMENT,3,
CAND_4bc6a3726237bd188fa0,2023/027,NAMED_PERSON_ON_ELIGIBLE_RECORD,POTENTIAL_NOT_PRODUCTION_ASSIGNMENT,3,
CAND_4bc79f1a42abd27734c3,2026/088,NAMED_PERSON_ON_ELIGIBLE_RECORD,POTENTIAL_NOT_PRODUCTION_ASSIGNMENT,1,
CAND_4bcddd254ae899c52039,2023/298,NAMED_PERSON_ON_ELIGIBLE_RECORD,POTENTIAL_NOT_PRODUCTION_ASSIGNMENT,1,
CAND_4be2856aa2c004afd69b,2020/106,NAMED_PERSON_ON_ELIGIBLE_RECORD,POTENTIAL_NOT_PRODUCTION_ASSIGNMENT,1,
CAND_4c3d473404bc161fa73a,2024/152,NAMED_PERSON_ON_ELIGIBLE_RECORD,POTENTIAL_NOT_PRODUCTION_ASSIGNMENT,1,
CAND_4c6b66efaceff335a5b8,2024/231,NAMED_PERSON_ON_ELIGIBLE_RECORD,POTENTIAL_NOT_PRODUCTION_ASSIGNMENT,1,
CAND_4c71dce58c7ee4776715,2025/263,NAMED_PERSON_ON_ELIGIBLE_RECORD,POTENTIAL_NOT_PRODUCTION_ASSIGNMENT,1,
CAND_4c869a8e1cc4ec50e22e,2025/216,NAMED_PERSON_ON_ELIGIBLE_RECORD,POTENTIAL_NOT_PRODUCTION_ASSIGNMENT,1,
CAND_4c9af79391d25958d575,2024/240,NAMED_PERSON_ON_ELIGIBLE_RECORD,POTENTIAL_NOT_PRODUCTION_ASSIGNMENT,1,
CAND_4cfd84d6ed0d050f3777,2025/016,NAMED_PERSON_ON_ELIGIBLE_RECORD,POTENTIAL_NOT_PRODUCTION_ASSIGNMENT,1,
CAND_4d1e67e18462243c424b,2020/075,NAMED_PERSON_ON_ELIGIBLE_RECORD,POTENTIAL_NOT_PRODUCTION_ASSIGNMENT,1,
CAND_4d282a5aa458d8ab120c,2025/207,NAMED_PERSON_ON_ELIGIBLE_RECORD,POTENTIAL_NOT_PRODUCTION_ASSIGNMENT,1,
CAND_4d320083ee57047f5088,2020/083,NAMED_PERSON_ON_ELIGIBLE_RECORD,POTENTIAL_NOT_PRODUCTION_ASSIGNMENT,3,
CAND_4d320083ee57047f5088,2022/133,NAMED_PERSON_ON_ELIGIBLE_RECORD,POTENTIAL_NOT_PRODUCTION_ASSIGNMENT,3,
CAND_4d320083ee57047f5088,2024/158,NAMED_PERSON_ON_ELIGIBLE_RECORD,POTENTIAL_NOT_PRODUCTION_ASSIGNMENT,3,
CAND_4d4a43427f2b04221391,2024/061,NAMED_PERSON_ON_ELIGIBLE_RECORD,POTENTIAL_NOT_PRODUCTION_ASSIGNMENT,1,
CAND_4d55ffdc93598516c6c1,2023/262,NAMED_PERSON_ON_ELIGIBLE_RECORD,POTENTIAL_NOT_PRODUCTION_ASSIGNMENT,1,
CAND_4d58ec78e8cde3b2d163,2021/101,NAMED_PERSON_ON_ELIGIBLE_RECORD,POTENTIAL_NOT_PRODUCTION_ASSIGNMENT,4,
CAND_4d58ec78e8cde3b2d163,2021/112,NAMED_PERSON_ON_ELIGIBLE_RECORD,POTENTIAL_NOT_PRODUCTION_ASSIGNMENT,4,
CAND_4d58ec78e8cde3b2d163,2023/218,NAMED_PERSON_ON_ELIGIBLE_RECORD,POTENTIAL_NOT_PRODUCTION_ASSIGNMENT,4,
CAND_4d58ec78e8cde3b2d163,2024/075,NAMED_PERSON_ON_ELIGIBLE_RECORD,POTENTIAL_NOT_PRODUCTION_ASSIGNMENT,4,
CAND_4d6146f20a4acd27541e,2023/291,NAMED_PERSON_ON_ELIGIBLE_RECORD,POTENTIAL_NOT_PRODUCTION_ASSIGNMENT,2,
CAND_4d6146f20a4acd27541e,2025/217,NAMED_PERSON_ON_ELIGIBLE_RECORD,POTENTIAL_NOT_PRODUCTION_ASSIGNMENT,2,
CAND_4d8111506a212453ded2,2024/193,NAMED_PERSON_ON_ELIGIBLE_RECORD,POTENTIAL_NOT_PRODUCTION_ASSIGNMENT,1,
CAND_4d813d2e6a569c6ccb39,2020/010,NAMED_PERSON_ON_ELIGIBLE_RECORD,POTENTIAL_NOT_PRODUCTION_ASSIGNMENT,2,
CAND_4d813d2e6a569c6ccb39,2020/015,NAMED_PERSON_ON_ELIGIBLE_RECORD,POTENTIAL_NOT_PRODUCTION_ASSIGNMENT,2,
CAND_4d828921359070534b42,2025/078,NAMED_PERSON_ON_ELIGIBLE_RECORD,POTENTIAL_NOT_PRODUCTION_ASSIGNMENT,1,
CAND_4d931dbb95e13169387e,2025/173,NAMED_PERSON_ON_ELIGIBLE_RECORD,POTENTIAL_NOT_PRODUCTION_ASSIGNMENT,2,
CAND_4d931dbb95e13169387e,2025/219,NAMED_PERSON_ON_ELIGIBLE_RECORD,POTENTIAL_NOT_PRODUCTION_ASSIGNMENT,2,
CAND_4d9de990d4ef3b3cc75d,2024/138,NAMED_PERSON_ON_ELIGIBLE_RECORD,POTENTIAL_NOT_PRODUCTION_ASSIGNMENT,1,
CAND_4dbe923cd1eb1af9f8af,2019/017,NAMED_PERSON_ON_ELIGIBLE_RECORD,POTENTIAL_NOT_PRODUCTION_ASSIGNMENT,1,
CAND_4ddb09b577f9ec54d1f0,2024/124,NAMED_PERSON_ON_ELIGIBLE_RECORD,POTENTIAL_NOT_PRODUCTION_ASSIGNMENT,1,
CAND_4e22715c8b30111c6e9a,2021/107,NAMED_PERSON_ON_ELIGIBLE_RECORD,POTENTIAL_NOT_PRODUCTION_ASSIGNMENT,2,
CAND_4e22715c8b30111c6e9a,2025/137,NAMED_PERSON_ON_ELIGIBLE_RECORD,POTENTIAL_NOT_PRODUCTION_ASSIGNMENT,2,
CAND_4e2862c0d1758bf793b1,2021/029,NAMED_PERSON_ON_ELIGIBLE_RECORD,POTENTIAL_NOT_PRODUCTION_ASSIGNMENT,1,
CAND_4e36d36c37a005c4a62c,2019/006,NAMED_PERSON_ON_ELIGIBLE_RECORD,POTENTIAL_NOT_PRODUCTION_ASSIGNMENT,1,
CAND_4e4814d7e6be1c8c9fda,2025/016,NAMED_PERSON_ON_ELIGIBLE_RECORD,POTENTIAL_NOT_PRODUCTION_ASSIGNMENT,1,
CAND_4e5917b9f1cb293e8820,2021/043,NAMED_PERSON_ON_ELIGIBLE_RECORD,POTENTIAL_NOT_PRODUCTION_ASSIGNMENT,2,
CAND_4e5917b9f1cb293e8820,2021/158,NAMED_PERSON_ON_ELIGIBLE_RECORD,POTENTIAL_NOT_PRODUCTION_ASSIGNMENT,2,
CAND_4e8efec9858a123cee34,2022/070,NAMED_PERSON_ON_ELIGIBLE_RECORD,POTENTIAL_NOT_PRODUCTION_ASSIGNMENT,3,
CAND_4e8efec9858a123cee34,2024/003,NAMED_PERSON_ON_ELIGIBLE_RECORD,POTENTIAL_NOT_PRODUCTION_ASSIGNMENT,3,
CAND_4e8efec9858a123cee34,2025/040,NAMED_PERSON_ON_ELIGIBLE_RECORD,POTENTIAL_NOT_PRODUCTION_ASSIGNMENT,3,
CAND_4ea24f67f73a83d01ff3,2023/132,NAMED_PERSON_ON_ELIGIBLE_RECORD,POTENTIAL_NOT_PRODUCTION_ASSIGNMENT,1,
CAND_4eab3d4d33bf18caebd7,2022/168,NAMED_PERSON_ON_ELIGIBLE_RECORD,POTENTIAL_NOT_PRODUCTION_ASSIGNMENT,1,
CAND_4eb6758e68048946922d,2025/081,NAMED_PERSON_ON_ELIGIBLE_RECORD,POTENTIAL_NOT_PRODUCTION_ASSIGNMENT,1,
CAND_4ebf2b7b9bb7d2d381d3,2020/121,NAMED_PERSON_ON_ELIGIBLE_RECORD,POTENTIAL_NOT_PRODUCTION_ASSIGNMENT,2,
CAND_4ebf2b7b9bb7d2d381d3,2023/081,NAMED_PERSON_ON_ELIGIBLE_RECORD,POTENTIAL_NOT_PRODUCTION_ASSIGNMENT,2,
CAND_4ee0239d274d6b466b91,2024/016,NAMED_PERSON_ON_ELIGIBLE_RECORD,POTENTIAL_NOT_PRODUCTION_ASSIGNMENT,1,
CAND_4efdf4e4f109fa134c5d,2020/027,NAMED_PERSON_ON_ELIGIBLE_RECORD,POTENTIAL_NOT_PRODUCTION_ASSIGNMENT,1,
CAND_4f05eedca5d70b39615b,2025/266,NAMED_PERSON_ON_ELIGIBLE_RECORD,POTENTIAL_NOT_PRODUCTION_ASSIGNMENT,1,
CAND_4f19862f7a7880a5e6dd,2022/023,NAMED_PERSON_ON_ELIGIBLE_RECORD,POTENTIAL_NOT_PRODUCTION_ASSIGNMENT,3,
CAND_4f19862f7a7880a5e6dd,2022/033,NAMED_PERSON_ON_ELIGIBLE_RECORD,POTENTIAL_NOT_PRODUCTION_ASSIGNMENT,3,
CAND_4f19862f7a7880a5e6dd,2026/051,NAMED_PERSON_ON_ELIGIBLE_RECORD,POTENTIAL_NOT_PRODUCTION_ASSIGNMENT,3,
CAND_4f1e7949874971f347d5,2024/026,NAMED_PERSON_ON_ELIGIBLE_RECORD,POTENTIAL_NOT_PRODUCTION_ASSIGNMENT,1,
CAND_4f2125769e7924e66670,2024/016,NAMED_PERSON_ON_ELIGIBLE_RECORD,POTENTIAL_NOT_PRODUCTION_ASSIGNMENT,1,
CAND_4f35a6eb8f1fe174797e,2026/032,NAMED_PERSON_ON_ELIGIBLE_RECORD,POTENTIAL_NOT_PRODUCTION_ASSIGNMENT,1,
CAND_4f5c997928fda3a74095,2022/081,NAMED_PERSON_ON_ELIGIBLE_RECORD,POTENTIAL_NOT_PRODUCTION_ASSIGNMENT,2,
CAND_4f5c997928fda3a74095,2024/132,NAMED_PERSON_ON_ELIGIBLE_RECORD,POTENTIAL_NOT_PRODUCTION_ASSIGNMENT,2,
CAND_4f655cfd969b6686a94f,2024/148,NAMED_PERSON_ON_ELIGIBLE_RECORD,POTENTIAL_NOT_PRODUCTION_ASSIGNMENT,1,
CAND_4f8d1e9f2a2e24a2fa35,2020/027,NAMED_PERSON_ON_ELIGIBLE_RECORD,POTENTIAL_NOT_PRODUCTION_ASSIGNMENT,1,
CAND_4fc01bf8acf7aa26782f,2023/190,NAMED_PERSON_ON_ELIGIBLE_RECORD,POTENTIAL_NOT_PRODUCTION_ASSIGNMENT,1,
CAND_4fca11206e5d2f8426ea,2021/012,NAMED_PERSON_ON_ELIGIBLE_RECORD,POTENTIAL_NOT_PRODUCTION_ASSIGNMENT,1,
CAND_4fe24ac7ef14bf2134df,2024/216,NAMED_PERSON_ON_ELIGIBLE_RECORD,POTENTIAL_NOT_PRODUCTION_ASSIGNMENT,3,
CAND_4fe24ac7ef14bf2134df,2025/010,NAMED_PERSON_ON_ELIGIBLE_RECORD,POTENTIAL_NOT_PRODUCTION_ASSIGNMENT,3,
CAND_4fe24ac7ef14bf2134df,2026/002,NAMED_PERSON_ON_ELIGIBLE_RECORD,POTENTIAL_NOT_PRODUCTION_ASSIGNMENT,3,
CAND_500fab3691ea7ed03a73,2023/216,NAMED_PERSON_ON_ELIGIBLE_RECORD,POTENTIAL_NOT_PRODUCTION_ASSIGNMENT,1,
CAND_501f8b002afa3c46b166,2024/128,NAMED_PERSON_ON_ELIGIBLE_RECORD,POTENTIAL_NOT_PRODUCTION_ASSIGNMENT,1,
CAND_5055b4d5dba2893d5c8f,2025/087,NAMED_PERSON_ON_ELIGIBLE_RECORD,POTENTIAL_NOT_PRODUCTION_ASSIGNMENT,1,
CAND_5063b920f6909caac298,2025/145,NAMED_PERSON_ON_ELIGIBLE_RECORD,POTENTIAL_NOT_PRODUCTION_ASSIGNMENT,1,
CAND_5076cce022680e51c40a,2023/021,NAMED_PERSON_ON_ELIGIBLE_RECORD,POTENTIAL_NOT_PRODUCTION_ASSIGNMENT,2,
CAND_5076cce022680e51c40a,2025/115,NAMED_PERSON_ON_ELIGIBLE_RECORD,POTENTIAL_NOT_PRODUCTION_ASSIGNMENT,2,
CAND_50ae17ba75889d91c3d1,2020/083,NAMED_PERSON_ON_ELIGIBLE_RECORD,POTENTIAL_NOT_PRODUCTION_ASSIGNMENT,5,
CAND_50ae17ba75889d91c3d1,2022/072,NAMED_PERSON_ON_ELIGIBLE_RECORD,POTENTIAL_NOT_PRODUCTION_ASSIGNMENT,5,
CAND_50ae17ba75889d91c3d1,2022/133,NAMED_PERSON_ON_ELIGIBLE_RECORD,POTENTIAL_NOT_PRODUCTION_ASSIGNMENT,5,
CAND_50ae17ba75889d91c3d1,2023/035,NAMED_PERSON_ON_ELIGIBLE_RECORD,POTENTIAL_NOT_PRODUCTION_ASSIGNMENT,5,
CAND_50ae17ba75889d91c3d1,2024/107,NAMED_PERSON_ON_ELIGIBLE_RECORD,POTENTIAL_NOT_PRODUCTION_ASSIGNMENT,5,
CAND_50bfcd636055f1eaa1ea,2023/019,NAMED_PERSON_ON_ELIGIBLE_RECORD,POTENTIAL_NOT_PRODUCTION_ASSIGNMENT,5,
CAND_50bfcd636055f1eaa1ea,2024/154,NAMED_PERSON_ON_ELIGIBLE_RECORD,POTENTIAL_NOT_PRODUCTION_ASSIGNMENT,5,
CAND_50bfcd636055f1eaa1ea,2024/176,NAMED_PERSON_ON_ELIGIBLE_RECORD,POTENTIAL_NOT_PRODUCTION_ASSIGNMENT,5,
CAND_50bfcd636055f1eaa1ea,2026/025,NAMED_PERSON_ON_ELIGIBLE_RECORD,POTENTIAL_NOT_PRODUCTION_ASSIGNMENT,5,
CAND_50bfcd636055f1eaa1ea,2026/035,NAMED_PERSON_ON_ELIGIBLE_RECORD,POTENTIAL_NOT_PRODUCTION_ASSIGNMENT,5,
CAND_50c8e5552c17267f4c52,2024/035,NAMED_PERSON_ON_ELIGIBLE_RECORD,POTENTIAL_NOT_PRODUCTION_ASSIGNMENT,1,
CAND_50cec7507eaf865d6dc0,2019/025,NAMED_PERSON_ON_ELIGIBLE_RECORD,POTENTIAL_NOT_PRODUCTION_ASSIGNMENT,4,
CAND_50cec7507eaf865d6dc0,2021/107,NAMED_PERSON_ON_ELIGIBLE_RECORD,POTENTIAL_NOT_PRODUCTION_ASSIGNMENT,4,
CAND_50cec7507eaf865d6dc0,2022/019,NAMED_PERSON_ON_ELIGIBLE_RECORD,POTENTIAL_NOT_PRODUCTION_ASSIGNMENT,4,
CAND_50cec7507eaf865d6dc0,2023/026,NAMED_PERSON_ON_ELIGIBLE_RECORD,POTENTIAL_NOT_PRODUCTION_ASSIGNMENT,4,
CAND_50f9157823b2e7edb02a,2020/027,NAMED_PERSON_ON_ELIGIBLE_RECORD,POTENTIAL_NOT_PRODUCTION_ASSIGNMENT,1,
CAND_513fa842dda6a3471b37,2020/027,NAMED_PERSON_ON_ELIGIBLE_RECORD,POTENTIAL_NOT_PRODUCTION_ASSIGNMENT,1,
CAND_5160c066c54be835f400,2020/063,NAMED_PERSON_ON_ELIGIBLE_RECORD,POTENTIAL_NOT_PRODUCTION_ASSIGNMENT,1,
CAND_518d083403122ed11456,2023/009,NAMED_PERSON_ON_ELIGIBLE_RECORD,POTENTIAL_NOT_PRODUCTION_ASSIGNMENT,1,
CAND_519e1fda28ef71720729,2020/027,NAMED_PERSON_ON_ELIGIBLE_RECORD,POTENTIAL_NOT_PRODUCTION_ASSIGNMENT,1,
CAND_51b684d4f47dd3bf9c54,2024/132,NAMED_PERSON_ON_ELIGIBLE_RECORD,POTENTIAL_NOT_PRODUCTION_ASSIGNMENT,1,
CAND_51c6a17b5fa4fc0d8cf9,2023/189,NAMED_PERSON_ON_ELIGIBLE_RECORD,POTENTIAL_NOT_PRODUCTION_ASSIGNMENT,3,
CAND_51c6a17b5fa4fc0d8cf9,2023/236,NAMED_PERSON_ON_ELIGIBLE_RECORD,POTENTIAL_NOT_PRODUCTION_ASSIGNMENT,3,
CAND_51c6a17b5fa4fc0d8cf9,2023/307,NAMED_PERSON_ON_ELIGIBLE_RECORD,POTENTIAL_NOT_PRODUCTION_ASSIGNMENT,3,
CAND_51da6c5fe4a763eb4541,2021/178,NAMED_PERSON_ON_ELIGIBLE_RECORD,POTENTIAL_NOT_PRODUCTION_ASSIGNMENT,1,
CAND_51eb225b016173af160a,2024/199,NAMED_PERSON_ON_ELIGIBLE_RECORD,POTENTIAL_NOT_PRODUCTION_ASSIGNMENT,1,
CAND_521d4ad43ffab1bbc144,2024/122,NAMED_PERSON_ON_ELIGIBLE_RECORD,POTENTIAL_NOT_PRODUCTION_ASSIGNMENT,2,
CAND_521d4ad43ffab1bbc144,2025/013,NAMED_PERSON_ON_ELIGIBLE_RECORD,POTENTIAL_NOT_PRODUCTION_ASSIGNMENT,2,
CAND_5231ede41040edffd15b,2023/244,NAMED_PERSON_ON_ELIGIBLE_RECORD,POTENTIAL_NOT_PRODUCTION_ASSIGNMENT,1,
CAND_524968e11d86fe06c9db,2019/016,NAMED_PERSON_ON_ELIGIBLE_RECORD,POTENTIAL_NOT_PRODUCTION_ASSIGNMENT,1,
CAND_527c55250186ff8eb654,2024/132,NAMED_PERSON_ON_ELIGIBLE_RECORD,POTENTIAL_NOT_PRODUCTION_ASSIGNMENT,1,
CAND_528502a65eca468a5c8a,2022/061,NAMED_PERSON_ON_ELIGIBLE_RECORD,POTENTIAL_NOT_PRODUCTION_ASSIGNMENT,1,
CAND_52861753966117096db0,2025/016,NAMED_PERSON_ON_ELIGIBLE_RECORD,POTENTIAL_NOT_PRODUCTION_ASSIGNMENT,1,
CAND_52b367000859a9a004be,2022/158,NAMED_PERSON_ON_ELIGIBLE_RECORD,POTENTIAL_NOT_PRODUCTION_ASSIGNMENT,1,
CAND_52b398bdf9a987b0bccd,2023/156,NAMED_PERSON_ON_ELIGIBLE_RECORD,POTENTIAL_NOT_PRODUCTION_ASSIGNMENT,1,
CAND_52d7c2bd831f89b319b6,2020/077,NAMED_PERSON_ON_ELIGIBLE_RECORD,POTENTIAL_NOT_PRODUCTION_ASSIGNMENT,1,
CAND_52ee40347be7f475d495,2021/020,NAMED_PERSON_ON_ELIGIBLE_RECORD,POTENTIAL_NOT_PRODUCTION_ASSIGNMENT,1,
CAND_5300b348b21c293517d8,2022/117,NAMED_PERSON_ON_ELIGIBLE_RECORD,POTENTIAL_NOT_PRODUCTION_ASSIGNMENT,1,
CAND_531b7f1f43a6c621144d,2023/268,NAMED_PERSON_ON_ELIGIBLE_RECORD,POTENTIAL_NOT_PRODUCTION_ASSIGNMENT,1,
CAND_5324e5133b9d87ecc891,2021/006,NAMED_PERSON_ON_ELIGIBLE_RECORD,POTENTIAL_NOT_PRODUCTION_ASSIGNMENT,1,
CAND_53746516ad4b59ecf8f3,2026/049,NAMED_PERSON_ON_ELIGIBLE_RECORD,POTENTIAL_NOT_PRODUCTION_ASSIGNMENT,1,
CAND_538a529b83d93d9c2d32,2021/092,NAMED_PERSON_ON_ELIGIBLE_RECORD,POTENTIAL_NOT_PRODUCTION_ASSIGNMENT,1,
CAND_53abc80c5436a96ab3ab,2025/248,NAMED_PERSON_ON_ELIGIBLE_RECORD,POTENTIAL_NOT_PRODUCTION_ASSIGNMENT,1,
CAND_53d6ecb8dfc432473774,2020/047,NAMED_PERSON_ON_ELIGIBLE_RECORD,POTENTIAL_NOT_PRODUCTION_ASSIGNMENT,1,
CAND_53da342ed4d115893174,2024/115,NAMED_PERSON_ON_ELIGIBLE_RECORD,POTENTIAL_NOT_PRODUCTION_ASSIGNMENT,1,
CAND_53ec79ba60cb3a56fc80,2026/022,NAMED_PERSON_ON_ELIGIBLE_RECORD,POTENTIAL_NOT_PRODUCTION_ASSIGNMENT,1,
CAND_53f041d5fa0d986ba553,2024/149,NAMED_PERSON_ON_ELIGIBLE_RECORD,POTENTIAL_NOT_PRODUCTION_ASSIGNMENT,1,
CAND_53fafc155a9f656402a4,2026/068,NAMED_PERSON_ON_ELIGIBLE_RECORD,POTENTIAL_NOT_PRODUCTION_ASSIGNMENT,1,
CAND_541301c122a1eca9238b,2022/127,NAMED_PERSON_ON_ELIGIBLE_RECORD,POTENTIAL_NOT_PRODUCTION_ASSIGNMENT,1,
CAND_542783ea484e6dbbfa53,2023/270,NAMED_PERSON_ON_ELIGIBLE_RECORD,POTENTIAL_NOT_PRODUCTION_ASSIGNMENT,1,
CAND_542ad521dd33c1d552a2,2020/048,NAMED_PERSON_ON_ELIGIBLE_RECORD,POTENTIAL_NOT_PRODUCTION_ASSIGNMENT,1,
CAND_5448393f7b1f70d11d7c,2025/037,NAMED_PERSON_ON_ELIGIBLE_RECORD,POTENTIAL_NOT_PRODUCTION_ASSIGNMENT,1,
CAND_544f03189b32bde1508e,2023/179,NAMED_PERSON_ON_ELIGIBLE_RECORD,POTENTIAL_NOT_PRODUCTION_ASSIGNMENT,1,
CAND_546a46a2a672e3395bcf,2023/176,NAMED_PERSON_ON_ELIGIBLE_RECORD,POTENTIAL_NOT_PRODUCTION_ASSIGNMENT,1,
CAND_549db651043f856b4320,2025/033,NAMED_PERSON_ON_ELIGIBLE_RECORD,POTENTIAL_NOT_PRODUCTION_ASSIGNMENT,1,
CAND_54bfe4ac180f27df94af,2024/226,NAMED_PERSON_ON_ELIGIBLE_RECORD,POTENTIAL_NOT_PRODUCTION_ASSIGNMENT,2,
CAND_54bfe4ac180f27df94af,2025/243,NAMED_PERSON_ON_ELIGIBLE_RECORD,POTENTIAL_NOT_PRODUCTION_ASSIGNMENT,2,
CAND_55014a9f4cf1acabb9de,2022/132,NAMED_PERSON_ON_ELIGIBLE_RECORD,POTENTIAL_NOT_PRODUCTION_ASSIGNMENT,1,
CAND_550373890efcabee3527,2023/211,NAMED_PERSON_ON_ELIGIBLE_RECORD,POTENTIAL_NOT_PRODUCTION_ASSIGNMENT,1,
CAND_550ee944f50332997ab5,2025/109,NAMED_PERSON_ON_ELIGIBLE_RECORD,POTENTIAL_NOT_PRODUCTION_ASSIGNMENT,1,
CAND_551b1335c384f2a38104,2023/212,NAMED_PERSON_ON_ELIGIBLE_RECORD,POTENTIAL_NOT_PRODUCTION_ASSIGNMENT,2,
CAND_551b1335c384f2a38104,2025/230,NAMED_PERSON_ON_ELIGIBLE_RECORD,POTENTIAL_NOT_PRODUCTION_ASSIGNMENT,2,
CAND_55345eeae1c4f2978c42,2025/148,NAMED_PERSON_ON_ELIGIBLE_RECORD,POTENTIAL_NOT_PRODUCTION_ASSIGNMENT,1,
CAND_555d6d58344d488088a4,2021/157,NAMED_PERSON_ON_ELIGIBLE_RECORD,POTENTIAL_NOT_PRODUCTION_ASSIGNMENT,1,
CAND_55d178996690fb617381,2020/027,NAMED_PERSON_ON_ELIGIBLE_RECORD,POTENTIAL_NOT_PRODUCTION_ASSIGNMENT,2,
CAND_55d178996690fb617381,2020/104,NAMED_PERSON_ON_ELIGIBLE_RECORD,POTENTIAL_NOT_PRODUCTION_ASSIGNMENT,2,
CAND_560071b99190ffb1ec21,2024/159,NAMED_PERSON_ON_ELIGIBLE_RECORD,POTENTIAL_NOT_PRODUCTION_ASSIGNMENT,3,
CAND_560071b99190ffb1ec21,2024/160,NAMED_PERSON_ON_ELIGIBLE_RECORD,POTENTIAL_NOT_PRODUCTION_ASSIGNMENT,3,
CAND_560071b99190ffb1ec21,2025/018,NAMED_PERSON_ON_ELIGIBLE_RECORD,POTENTIAL_NOT_PRODUCTION_ASSIGNMENT,3,
CAND_562a9496537b58b13976,2022/063,NAMED_PERSON_ON_ELIGIBLE_RECORD,POTENTIAL_NOT_PRODUCTION_ASSIGNMENT,1,
CAND_563b00c6f52db9cce094,2023/035,NAMED_PERSON_ON_ELIGIBLE_RECORD,POTENTIAL_NOT_PRODUCTION_ASSIGNMENT,2,
CAND_563b00c6f52db9cce094,2023/110,NAMED_PERSON_ON_ELIGIBLE_RECORD,POTENTIAL_NOT_PRODUCTION_ASSIGNMENT,2,
CAND_56acc64a002d0f0dc163,2021/115,NAMED_PERSON_ON_ELIGIBLE_RECORD,POTENTIAL_NOT_PRODUCTION_ASSIGNMENT,2,
CAND_56acc64a002d0f0dc163,2025/227,NAMED_PERSON_ON_ELIGIBLE_RECORD,POTENTIAL_NOT_PRODUCTION_ASSIGNMENT,2,
CAND_56ad7a0f35e04a034d4c,2025/222,NAMED_PERSON_ON_ELIGIBLE_RECORD,POTENTIAL_NOT_PRODUCTION_ASSIGNMENT,1,
CAND_56ddeb5888fc4afa863a,2025/193,NAMED_PERSON_ON_ELIGIBLE_RECORD,POTENTIAL_NOT_PRODUCTION_ASSIGNMENT,1,
CAND_56e06a1e65c5bc51adfc,2024/193,NAMED_PERSON_ON_ELIGIBLE_RECORD,POTENTIAL_NOT_PRODUCTION_ASSIGNMENT,1,
CAND_56e25f4019c40674bdb5,2021/025,NAMED_PERSON_ON_ELIGIBLE_RECORD,POTENTIAL_NOT_PRODUCTION_ASSIGNMENT,1,
CAND_56e4af5b0b88dca80061,2020/027,NAMED_PERSON_ON_ELIGIBLE_RECORD,POTENTIAL_NOT_PRODUCTION_ASSIGNMENT,1,
CAND_56fcaf2fae073337e2e8,2020/027,NAMED_PERSON_ON_ELIGIBLE_RECORD,POTENTIAL_NOT_PRODUCTION_ASSIGNMENT,1,
CAND_57042bee7d32b9272759,2023/251,NAMED_PERSON_ON_ELIGIBLE_RECORD,POTENTIAL_NOT_PRODUCTION_ASSIGNMENT,1,
CAND_5715d1526b5dc69670a3,2022/001,NAMED_PERSON_ON_ELIGIBLE_RECORD,POTENTIAL_NOT_PRODUCTION_ASSIGNMENT,3,
CAND_5715d1526b5dc69670a3,2022/081,NAMED_PERSON_ON_ELIGIBLE_RECORD,POTENTIAL_NOT_PRODUCTION_ASSIGNMENT,3,
CAND_5715d1526b5dc69670a3,2023/041,NAMED_PERSON_ON_ELIGIBLE_RECORD,POTENTIAL_NOT_PRODUCTION_ASSIGNMENT,3,
CAND_571fe8c171754cd458f1,2026/069,NAMED_PERSON_ON_ELIGIBLE_RECORD,POTENTIAL_NOT_PRODUCTION_ASSIGNMENT,1,
CAND_57508bff8a578ce75e99,2020/027,NAMED_PERSON_ON_ELIGIBLE_RECORD,POTENTIAL_NOT_PRODUCTION_ASSIGNMENT,1,
CAND_578049957f8ab0efeb97,2025/148,NAMED_PERSON_ON_ELIGIBLE_RECORD,POTENTIAL_NOT_PRODUCTION_ASSIGNMENT,1,
CAND_578741b0f94befbf52a2,2024/221,NAMED_PERSON_ON_ELIGIBLE_RECORD,POTENTIAL_NOT_PRODUCTION_ASSIGNMENT,3,
CAND_578741b0f94befbf52a2,2024/254,NAMED_PERSON_ON_ELIGIBLE_RECORD,POTENTIAL_NOT_PRODUCTION_ASSIGNMENT,3,
CAND_578741b0f94befbf52a2,2025/075,NAMED_PERSON_ON_ELIGIBLE_RECORD,POTENTIAL_NOT_PRODUCTION_ASSIGNMENT,3,
CAND_57c4fe61d77948cf0488,2025/192,NAMED_PERSON_ON_ELIGIBLE_RECORD,POTENTIAL_NOT_PRODUCTION_ASSIGNMENT,1,
CAND_57c65eb1a951e5a8fec3,2021/088,NAMED_PERSON_ON_ELIGIBLE_RECORD,POTENTIAL_NOT_PRODUCTION_ASSIGNMENT,1,
CAND_57f6ff33668047fad9d4,2024/123,NAMED_PERSON_ON_ELIGIBLE_RECORD,POTENTIAL_NOT_PRODUCTION_ASSIGNMENT,1,
CAND_5824078f0c180049e900,2020/027,NAMED_PERSON_ON_ELIGIBLE_RECORD,POTENTIAL_NOT_PRODUCTION_ASSIGNMENT,2,
CAND_5824078f0c180049e900,2020/104,NAMED_PERSON_ON_ELIGIBLE_RECORD,POTENTIAL_NOT_PRODUCTION_ASSIGNMENT,2,
CAND_582635069b9767980d8d,2023/030,NAMED_PERSON_ON_ELIGIBLE_RECORD,POTENTIAL_NOT_PRODUCTION_ASSIGNMENT,1,
CAND_584f14203805fab65862,2019/017,NAMED_PERSON_ON_ELIGIBLE_RECORD,POTENTIAL_NOT_PRODUCTION_ASSIGNMENT,1,
CAND_58561a993747dfef9114,2024/077,NAMED_PERSON_ON_ELIGIBLE_RECORD,POTENTIAL_NOT_PRODUCTION_ASSIGNMENT,2,
CAND_58561a993747dfef9114,2024/078,NAMED_PERSON_ON_ELIGIBLE_RECORD,POTENTIAL_NOT_PRODUCTION_ASSIGNMENT,2,
CAND_586bf1694d51930fd586,2025/067,NAMED_PERSON_ON_ELIGIBLE_RECORD,POTENTIAL_NOT_PRODUCTION_ASSIGNMENT,1,
CAND_58746f1ade1701665d2b,2023/047,NAMED_PERSON_ON_ELIGIBLE_RECORD,POTENTIAL_NOT_PRODUCTION_ASSIGNMENT,1,
CAND_58813b5500a51f283acf,2021/050,NAMED_PERSON_ON_ELIGIBLE_RECORD,POTENTIAL_NOT_PRODUCTION_ASSIGNMENT,1,
CAND_5887d5aa97b9e1eabaf7,2025/070,NAMED_PERSON_ON_ELIGIBLE_RECORD,POTENTIAL_NOT_PRODUCTION_ASSIGNMENT,1,
CAND_5895c680a745dc795a42,2022/043,NAMED_PERSON_ON_ELIGIBLE_RECORD,POTENTIAL_NOT_PRODUCTION_ASSIGNMENT,1,
CAND_59186c2e44c14d5307ba,2023/162,NAMED_PERSON_ON_ELIGIBLE_RECORD,POTENTIAL_NOT_PRODUCTION_ASSIGNMENT,1,
CAND_5920a9d48b1d73b9fd69,2022/156,NAMED_PERSON_ON_ELIGIBLE_RECORD,POTENTIAL_NOT_PRODUCTION_ASSIGNMENT,1,
CAND_593253cdada2cc2f6e1a,2023/039,NAMED_PERSON_ON_ELIGIBLE_RECORD,POTENTIAL_NOT_PRODUCTION_ASSIGNMENT,1,
CAND_5934709b30fb137b55e5,2022/149,NAMED_PERSON_ON_ELIGIBLE_RECORD,POTENTIAL_NOT_PRODUCTION_ASSIGNMENT,1,
CAND_59385e60f4ca9242da62,2020/063,NAMED_PERSON_ON_ELIGIBLE_RECORD,POTENTIAL_NOT_PRODUCTION_ASSIGNMENT,2,
CAND_59385e60f4ca9242da62,2021/012,NAMED_PERSON_ON_ELIGIBLE_RECORD,POTENTIAL_NOT_PRODUCTION_ASSIGNMENT,2,
CAND_5953c47d62d6ac26b8f2,2022/190,NAMED_PERSON_ON_ELIGIBLE_RECORD,POTENTIAL_NOT_PRODUCTION_ASSIGNMENT,1,
CAND_5969fee98dd6b5670ce6,2021/093,NAMED_PERSON_ON_ELIGIBLE_RECORD,POTENTIAL_NOT_PRODUCTION_ASSIGNMENT,1,
CAND_59a079f3781ff5fa04ab,2021/028,NAMED_PERSON_ON_ELIGIBLE_RECORD,POTENTIAL_NOT_PRODUCTION_ASSIGNMENT,1,
CAND_59af6f0ff97e3e2db8cb,2025/195,NAMED_PERSON_ON_ELIGIBLE_RECORD,POTENTIAL_NOT_PRODUCTION_ASSIGNMENT,1,
CAND_59e630515e27ef794dc4,2025/250,NAMED_PERSON_ON_ELIGIBLE_RECORD,POTENTIAL_NOT_PRODUCTION_ASSIGNMENT,1,
CAND_59e7c19223014f5bda5a,2020/027,NAMED_PERSON_ON_ELIGIBLE_RECORD,POTENTIAL_NOT_PRODUCTION_ASSIGNMENT,1,
CAND_5a00c297cb57436f2f82,2022/165,NAMED_PERSON_ON_ELIGIBLE_RECORD,POTENTIAL_NOT_PRODUCTION_ASSIGNMENT,1,
CAND_5a26dbf3169aab514377,2026/045,NAMED_PERSON_ON_ELIGIBLE_RECORD,POTENTIAL_NOT_PRODUCTION_ASSIGNMENT,1,
CAND_5a2fe6f6449252caaa5e,2023/228,NAMED_PERSON_ON_ELIGIBLE_RECORD,POTENTIAL_NOT_PRODUCTION_ASSIGNMENT,1,
CAND_5ab784ccae6c6d625206,2020/051,NAMED_PERSON_ON_ELIGIBLE_RECORD,POTENTIAL_NOT_PRODUCTION_ASSIGNMENT,1,
CAND_5ad48ab498414d3e4f81,2025/145,NAMED_PERSON_ON_ELIGIBLE_RECORD,POTENTIAL_NOT_PRODUCTION_ASSIGNMENT,1,
CAND_5ae14d25548e800db05f,2025/012,NAMED_PERSON_ON_ELIGIBLE_RECORD,POTENTIAL_NOT_PRODUCTION_ASSIGNMENT,2,
CAND_5ae14d25548e800db05f,2026/069,NAMED_PERSON_ON_ELIGIBLE_RECORD,POTENTIAL_NOT_PRODUCTION_ASSIGNMENT,2,
CAND_5afc0ba5e8a687e44b96,2021/045,NAMED_PERSON_ON_ELIGIBLE_RECORD,POTENTIAL_NOT_PRODUCTION_ASSIGNMENT,1,
CAND_5b2331d96c7185d588b9,2022/131,NAMED_PERSON_ON_ELIGIBLE_RECORD,POTENTIAL_NOT_PRODUCTION_ASSIGNMENT,4,
CAND_5b2331d96c7185d588b9,2022/183,NAMED_PERSON_ON_ELIGIBLE_RECORD,POTENTIAL_NOT_PRODUCTION_ASSIGNMENT,4,
CAND_5b2331d96c7185d588b9,2022/189,NAMED_PERSON_ON_ELIGIBLE_RECORD,POTENTIAL_NOT_PRODUCTION_ASSIGNMENT,4,
CAND_5b2331d96c7185d588b9,2023/207,NAMED_PERSON_ON_ELIGIBLE_RECORD,POTENTIAL_NOT_PRODUCTION_ASSIGNMENT,4,
CAND_5b3a0a0d77a3d527059a,2024/231,NAMED_PERSON_ON_ELIGIBLE_RECORD,POTENTIAL_NOT_PRODUCTION_ASSIGNMENT,1,
CAND_5b463b3a0c8d3f6d3d4c,2023/110,NAMED_PERSON_ON_ELIGIBLE_RECORD,POTENTIAL_NOT_PRODUCTION_ASSIGNMENT,1,
CAND_5b4c7f4251624b20cba9,2021/156,NAMED_PERSON_ON_ELIGIBLE_RECORD,POTENTIAL_NOT_PRODUCTION_ASSIGNMENT,2,
CAND_5b4c7f4251624b20cba9,2021/165,NAMED_PERSON_ON_ELIGIBLE_RECORD,POTENTIAL_NOT_PRODUCTION_ASSIGNMENT,2,
CAND_5b52205f4314bf126c56,2025/221,NAMED_PERSON_ON_ELIGIBLE_RECORD,POTENTIAL_NOT_PRODUCTION_ASSIGNMENT,1,
CAND_5b550ad49f1c083ad2d5,2023/291,NAMED_PERSON_ON_ELIGIBLE_RECORD,POTENTIAL_NOT_PRODUCTION_ASSIGNMENT,1,
CAND_5b776c64f1319ebceb80,2025/233,NAMED_PERSON_ON_ELIGIBLE_RECORD,POTENTIAL_NOT_PRODUCTION_ASSIGNMENT,1,
CAND_5b77febbe42e720cd961,2020/047,NAMED_PERSON_ON_ELIGIBLE_RECORD,POTENTIAL_NOT_PRODUCTION_ASSIGNMENT,1,
CAND_5b9c86cc88511b329a75,2024/049,NAMED_PERSON_ON_ELIGIBLE_RECORD,POTENTIAL_NOT_PRODUCTION_ASSIGNMENT,3,
CAND_5b9c86cc88511b329a75,2024/254,NAMED_PERSON_ON_ELIGIBLE_RECORD,POTENTIAL_NOT_PRODUCTION_ASSIGNMENT,3,
CAND_5b9c86cc88511b329a75,2025/121,NAMED_PERSON_ON_ELIGIBLE_RECORD,POTENTIAL_NOT_PRODUCTION_ASSIGNMENT,3,
CAND_5bbc4e4fc22a8cecd281,2023/067,NAMED_PERSON_ON_ELIGIBLE_RECORD,POTENTIAL_NOT_PRODUCTION_ASSIGNMENT,1,
CAND_5bcce43ac6183560ee83,2024/227,NAMED_PERSON_ON_ELIGIBLE_RECORD,POTENTIAL_NOT_PRODUCTION_ASSIGNMENT,2,
CAND_5bcce43ac6183560ee83,2025/034,NAMED_PERSON_ON_ELIGIBLE_RECORD,POTENTIAL_NOT_PRODUCTION_ASSIGNMENT,2,
CAND_5bfc8e1532f2b7dc93f2,2020/063,NAMED_PERSON_ON_ELIGIBLE_RECORD,POTENTIAL_NOT_PRODUCTION_ASSIGNMENT,1,
CAND_5c0dd136bc76bffaad4b,2023/197,NAMED_PERSON_ON_ELIGIBLE_RECORD,POTENTIAL_NOT_PRODUCTION_ASSIGNMENT,1,
CAND_5c6345d3d035b4b9aa4b,2023/090,NAMED_PERSON_ON_ELIGIBLE_RECORD,POTENTIAL_NOT_PRODUCTION_ASSIGNMENT,1,
CAND_5c6464344082539bad64,2020/096,NAMED_PERSON_ON_ELIGIBLE_RECORD,POTENTIAL_NOT_PRODUCTION_ASSIGNMENT,1,
CAND_5c8b49a5569cedcc3666,2023/232,NAMED_PERSON_ON_ELIGIBLE_RECORD,POTENTIAL_NOT_PRODUCTION_ASSIGNMENT,2,
CAND_5c8b49a5569cedcc3666,2025/020,NAMED_PERSON_ON_ELIGIBLE_RECORD,POTENTIAL_NOT_PRODUCTION_ASSIGNMENT,2,
CAND_5cc45a88e3cf14513401,2022/069,NAMED_PERSON_ON_ELIGIBLE_RECORD,POTENTIAL_NOT_PRODUCTION_ASSIGNMENT,1,
CAND_5cc6158412d88f2d1281,2021/151,NAMED_PERSON_ON_ELIGIBLE_RECORD,POTENTIAL_NOT_PRODUCTION_ASSIGNMENT,2,
CAND_5cc6158412d88f2d1281,2024/132,NAMED_PERSON_ON_ELIGIBLE_RECORD,POTENTIAL_NOT_PRODUCTION_ASSIGNMENT,2,
CAND_5cebef24c261f1ca3b4a,2020/016,NAMED_PERSON_ON_ELIGIBLE_RECORD,POTENTIAL_NOT_PRODUCTION_ASSIGNMENT,1,
CAND_5cf38a6d5e2e5f978eb9,2020/063,NAMED_PERSON_ON_ELIGIBLE_RECORD,POTENTIAL_NOT_PRODUCTION_ASSIGNMENT,2,
CAND_5cf38a6d5e2e5f978eb9,2021/012,NAMED_PERSON_ON_ELIGIBLE_RECORD,POTENTIAL_NOT_PRODUCTION_ASSIGNMENT,2,
CAND_5cfe68714d5681f35361,2023/236,NAMED_PERSON_ON_ELIGIBLE_RECORD,POTENTIAL_NOT_PRODUCTION_ASSIGNMENT,1,
CAND_5d01dd5fd8588c94aff7,2022/072,NAMED_PERSON_ON_ELIGIBLE_RECORD,POTENTIAL_NOT_PRODUCTION_ASSIGNMENT,2,
CAND_5d01dd5fd8588c94aff7,2023/035,NAMED_PERSON_ON_ELIGIBLE_RECORD,POTENTIAL_NOT_PRODUCTION_ASSIGNMENT,2,
CAND_5da3d7e6597bfaf77dc8,2021/099,NAMED_PERSON_ON_ELIGIBLE_RECORD,POTENTIAL_NOT_PRODUCTION_ASSIGNMENT,2,
CAND_5da3d7e6597bfaf77dc8,2021/172,NAMED_PERSON_ON_ELIGIBLE_RECORD,POTENTIAL_NOT_PRODUCTION_ASSIGNMENT,2,
CAND_5db973519143bb136869,2021/027,NAMED_PERSON_ON_ELIGIBLE_RECORD,POTENTIAL_NOT_PRODUCTION_ASSIGNMENT,2,
CAND_5db973519143bb136869,2022/004,NAMED_PERSON_ON_ELIGIBLE_RECORD,POTENTIAL_NOT_PRODUCTION_ASSIGNMENT,2,
CAND_5dba44eb1ac233b1d6f8,2023/222,NAMED_PERSON_ON_ELIGIBLE_RECORD,POTENTIAL_NOT_PRODUCTION_ASSIGNMENT,1,
CAND_5dcaf662ec8f07bc9abd,2022/128,NAMED_PERSON_ON_ELIGIBLE_RECORD,POTENTIAL_NOT_PRODUCTION_ASSIGNMENT,1,
CAND_5de38943b88e355912b9,2022/137,NAMED_PERSON_ON_ELIGIBLE_RECORD,POTENTIAL_NOT_PRODUCTION_ASSIGNMENT,1,
CAND_5e0efdcf9267ce565e65,2025/032,NAMED_PERSON_ON_ELIGIBLE_RECORD,POTENTIAL_NOT_PRODUCTION_ASSIGNMENT,1,
CAND_5e104c7e4bafb9bb8019,2025/076,NAMED_PERSON_ON_ELIGIBLE_RECORD,POTENTIAL_NOT_PRODUCTION_ASSIGNMENT,1,
CAND_5e251e4b7331fdc4589f,2024/152,NAMED_PERSON_ON_ELIGIBLE_RECORD,POTENTIAL_NOT_PRODUCTION_ASSIGNMENT,1,
CAND_5e2beb1aaabca6c0cec8,2022/125,NAMED_PERSON_ON_ELIGIBLE_RECORD,POTENTIAL_NOT_PRODUCTION_ASSIGNMENT,1,
CAND_5e345fd7d6c9901e251d,2026/071,NAMED_PERSON_ON_ELIGIBLE_RECORD,POTENTIAL_NOT_PRODUCTION_ASSIGNMENT,1,
CAND_5e36528c8dc2ef5395bb,2020/047,NAMED_PERSON_ON_ELIGIBLE_RECORD,POTENTIAL_NOT_PRODUCTION_ASSIGNMENT,1,
CAND_5e5458ddd64eb506395a,2021/008,NAMED_PERSON_ON_ELIGIBLE_RECORD,POTENTIAL_NOT_PRODUCTION_ASSIGNMENT,1,
CAND_5e9af744db81b52d3a47,2023/004,NAMED_PERSON_ON_ELIGIBLE_RECORD,POTENTIAL_NOT_PRODUCTION_ASSIGNMENT,3,
CAND_5e9af744db81b52d3a47,2025/047,NAMED_PERSON_ON_ELIGIBLE_RECORD,POTENTIAL_NOT_PRODUCTION_ASSIGNMENT,3,
CAND_5e9af744db81b52d3a47,2026/023,NAMED_PERSON_ON_ELIGIBLE_RECORD,POTENTIAL_NOT_PRODUCTION_ASSIGNMENT,3,
CAND_5ee4b73ff35d81e77f2c,2023/202,NAMED_PERSON_ON_ELIGIBLE_RECORD,POTENTIAL_NOT_PRODUCTION_ASSIGNMENT,1,
CAND_5ee5f8acd7b1e77e79d8,2020/046,NAMED_PERSON_ON_ELIGIBLE_RECORD,POTENTIAL_NOT_PRODUCTION_ASSIGNMENT,1,
CAND_5efe93762867f5b2418b,2023/152,NAMED_PERSON_ON_ELIGIBLE_RECORD,POTENTIAL_NOT_PRODUCTION_ASSIGNMENT,1,
CAND_5f7004caf9baaf971766,2022/197,NAMED_PERSON_ON_ELIGIBLE_RECORD,POTENTIAL_NOT_PRODUCTION_ASSIGNMENT,1,
CAND_5f7686bf9684dfb625ba,2021/169,NAMED_PERSON_ON_ELIGIBLE_RECORD,POTENTIAL_NOT_PRODUCTION_ASSIGNMENT,2,
CAND_5f7686bf9684dfb625ba,2024/014/a,NAMED_PERSON_ON_ELIGIBLE_RECORD,POTENTIAL_NOT_PRODUCTION_ASSIGNMENT,2,
CAND_5f8c4ba93bfb23cdbda8,2024/016,NAMED_PERSON_ON_ELIGIBLE_RECORD,POTENTIAL_NOT_PRODUCTION_ASSIGNMENT,1,
CAND_5f9a7e01c04c73996f09,2026/060,NAMED_PERSON_ON_ELIGIBLE_RECORD,POTENTIAL_NOT_PRODUCTION_ASSIGNMENT,1,
CAND_5fa5ca17f36192edf7de,2026/045,NAMED_PERSON_ON_ELIGIBLE_RECORD,POTENTIAL_NOT_PRODUCTION_ASSIGNMENT,1,
CAND_5fa9fbf758275a24571d,2022/030,NAMED_PERSON_ON_ELIGIBLE_RECORD,POTENTIAL_NOT_PRODUCTION_ASSIGNMENT,6,
CAND_5fa9fbf758275a24571d,2024/208,NAMED_PERSON_ON_ELIGIBLE_RECORD,POTENTIAL_NOT_PRODUCTION_ASSIGNMENT,6,
CAND_5fa9fbf758275a24571d,2025/183,NAMED_PERSON_ON_ELIGIBLE_RECORD,POTENTIAL_NOT_PRODUCTION_ASSIGNMENT,6,
CAND_5fa9fbf758275a24571d,2025/188,NAMED_PERSON_ON_ELIGIBLE_RECORD,POTENTIAL_NOT_PRODUCTION_ASSIGNMENT,6,
CAND_5fa9fbf758275a24571d,2025/200,NAMED_PERSON_ON_ELIGIBLE_RECORD,POTENTIAL_NOT_PRODUCTION_ASSIGNMENT,6,
CAND_5fa9fbf758275a24571d,2026/007,NAMED_PERSON_ON_ELIGIBLE_RECORD,POTENTIAL_NOT_PRODUCTION_ASSIGNMENT,6,
CAND_5fd11e1567699932733f,2021/143,NAMED_PERSON_ON_ELIGIBLE_RECORD,POTENTIAL_NOT_PRODUCTION_ASSIGNMENT,1,
CAND_5fd500fdf783cb98793d,2025/264,NAMED_PERSON_ON_ELIGIBLE_RECORD,POTENTIAL_NOT_PRODUCTION_ASSIGNMENT,1,
CAND_600843d4a01329693b47,2022/003,NAMED_PERSON_ON_ELIGIBLE_RECORD,POTENTIAL_NOT_PRODUCTION_ASSIGNMENT,1,
CAND_600d5b58eea08f65afd8,2021/014,NAMED_PERSON_ON_ELIGIBLE_RECORD,POTENTIAL_NOT_PRODUCTION_ASSIGNMENT,2,
CAND_600d5b58eea08f65afd8,2021/177,NAMED_PERSON_ON_ELIGIBLE_RECORD,POTENTIAL_NOT_PRODUCTION_ASSIGNMENT,2,
CAND_6037acaf4e0631f546e3,2025/042,NAMED_PERSON_ON_ELIGIBLE_RECORD,POTENTIAL_NOT_PRODUCTION_ASSIGNMENT,1,
CAND_603e32fce984f35804f7,2022/007,NAMED_PERSON_ON_ELIGIBLE_RECORD,POTENTIAL_NOT_PRODUCTION_ASSIGNMENT,1,
CAND_6045f178ebf7ac78fefd,2022/165,NAMED_PERSON_ON_ELIGIBLE_RECORD,POTENTIAL_NOT_PRODUCTION_ASSIGNMENT,1,
CAND_60758917140a89e2d6fc,2025/016,NAMED_PERSON_ON_ELIGIBLE_RECORD,POTENTIAL_NOT_PRODUCTION_ASSIGNMENT,4,
CAND_60758917140a89e2d6fc,2025/043,NAMED_PERSON_ON_ELIGIBLE_RECORD,POTENTIAL_NOT_PRODUCTION_ASSIGNMENT,4,
CAND_60758917140a89e2d6fc,2025/228,NAMED_PERSON_ON_ELIGIBLE_RECORD,POTENTIAL_NOT_PRODUCTION_ASSIGNMENT,4,
CAND_60758917140a89e2d6fc,2026/054,NAMED_PERSON_ON_ELIGIBLE_RECORD,POTENTIAL_NOT_PRODUCTION_ASSIGNMENT,4,
CAND_607cdddd72584c650b1f,2019/014,NAMED_PERSON_ON_ELIGIBLE_RECORD,POTENTIAL_NOT_PRODUCTION_ASSIGNMENT,2,
CAND_607cdddd72584c650b1f,2020/097 CLOSED,NAMED_PERSON_ON_ELIGIBLE_RECORD,POTENTIAL_NOT_PRODUCTION_ASSIGNMENT,2,
CAND_60831577f24d31ecf4b2,2022/182,NAMED_PERSON_ON_ELIGIBLE_RECORD,POTENTIAL_NOT_PRODUCTION_ASSIGNMENT,1,
CAND_60855bf06920a9ed39ba,2025/069,NAMED_PERSON_ON_ELIGIBLE_RECORD,POTENTIAL_NOT_PRODUCTION_ASSIGNMENT,1,
CAND_60971a1f0a689792787b,2025/135,NAMED_PERSON_ON_ELIGIBLE_RECORD,POTENTIAL_NOT_PRODUCTION_ASSIGNMENT,1,
CAND_60acf4bf14e7985a0985,2026/029,NAMED_PERSON_ON_ELIGIBLE_RECORD,POTENTIAL_NOT_PRODUCTION_ASSIGNMENT,1,
CAND_60b7ecb5e0b70fe156a1,2024/061,NAMED_PERSON_ON_ELIGIBLE_RECORD,POTENTIAL_NOT_PRODUCTION_ASSIGNMENT,2,
CAND_60b7ecb5e0b70fe156a1,2025/237,NAMED_PERSON_ON_ELIGIBLE_RECORD,POTENTIAL_NOT_PRODUCTION_ASSIGNMENT,2,
CAND_60c1c092693a27c81581,2024/231,NAMED_PERSON_ON_ELIGIBLE_RECORD,POTENTIAL_NOT_PRODUCTION_ASSIGNMENT,1,
CAND_60d1f17dcf902f0f094d,2021/150,NAMED_PERSON_ON_ELIGIBLE_RECORD,POTENTIAL_NOT_PRODUCTION_ASSIGNMENT,1,
CAND_60e31622a25fbe13f602,2025/012,NAMED_PERSON_ON_ELIGIBLE_RECORD,POTENTIAL_NOT_PRODUCTION_ASSIGNMENT,2,
CAND_60e31622a25fbe13f602,2025/089,NAMED_PERSON_ON_ELIGIBLE_RECORD,POTENTIAL_NOT_PRODUCTION_ASSIGNMENT,2,
CAND_60ee709bf5a21e91069d,2023/276,NAMED_PERSON_ON_ELIGIBLE_RECORD,POTENTIAL_NOT_PRODUCTION_ASSIGNMENT,1,
CAND_60f333052c9ffe8c72fe,2023/167,NAMED_PERSON_ON_ELIGIBLE_RECORD,POTENTIAL_NOT_PRODUCTION_ASSIGNMENT,1,
CAND_60f84a13c7bf85c418a6,2023/114,NAMED_PERSON_ON_ELIGIBLE_RECORD,POTENTIAL_NOT_PRODUCTION_ASSIGNMENT,1,
CAND_610becdc8b020a017508,2020/050,NAMED_PERSON_ON_ELIGIBLE_RECORD,POTENTIAL_NOT_PRODUCTION_ASSIGNMENT,1,
CAND_612ea7e9c997742e6024,2023/278,NAMED_PERSON_ON_ELIGIBLE_RECORD,POTENTIAL_NOT_PRODUCTION_ASSIGNMENT,1,
CAND_61a6862b4bc29eb7ce55,2026/031,NAMED_PERSON_ON_ELIGIBLE_RECORD,POTENTIAL_NOT_PRODUCTION_ASSIGNMENT,1,
CAND_62330b45abc687d146f0,2020/027,NAMED_PERSON_ON_ELIGIBLE_RECORD,POTENTIAL_NOT_PRODUCTION_ASSIGNMENT,2,
CAND_62330b45abc687d146f0,2020/063,NAMED_PERSON_ON_ELIGIBLE_RECORD,POTENTIAL_NOT_PRODUCTION_ASSIGNMENT,2,
CAND_623c75dfcd4113ec4fca,2024/061,NAMED_PERSON_ON_ELIGIBLE_RECORD,POTENTIAL_NOT_PRODUCTION_ASSIGNMENT,2,
CAND_623c75dfcd4113ec4fca,2025/237,NAMED_PERSON_ON_ELIGIBLE_RECORD,POTENTIAL_NOT_PRODUCTION_ASSIGNMENT,2,
CAND_62710a26b10c631c2118,2025/166,NAMED_PERSON_ON_ELIGIBLE_RECORD,POTENTIAL_NOT_PRODUCTION_ASSIGNMENT,1,
CAND_62bd56909871055bbe4d,2026/048,NAMED_PERSON_ON_ELIGIBLE_RECORD,POTENTIAL_NOT_PRODUCTION_ASSIGNMENT,1,
CAND_63388ef2cc754b5ee11e,2020/027,NAMED_PERSON_ON_ELIGIBLE_RECORD,POTENTIAL_NOT_PRODUCTION_ASSIGNMENT,1,
CAND_634510394e4ad67f0f2b,2026/045,NAMED_PERSON_ON_ELIGIBLE_RECORD,POTENTIAL_NOT_PRODUCTION_ASSIGNMENT,1,
CAND_6350ab5b5d7b02e7e9b9,2026/087,NAMED_PERSON_ON_ELIGIBLE_RECORD,POTENTIAL_NOT_PRODUCTION_ASSIGNMENT,1,
CAND_6353aa2d85c713d3a2ce,2024/236,NAMED_PERSON_ON_ELIGIBLE_RECORD,POTENTIAL_NOT_PRODUCTION_ASSIGNMENT,2,
CAND_6353aa2d85c713d3a2ce,2025/149,NAMED_PERSON_ON_ELIGIBLE_RECORD,POTENTIAL_NOT_PRODUCTION_ASSIGNMENT,2,
CAND_639949c9660cf3865240,2020/015,NAMED_PERSON_ON_ELIGIBLE_RECORD,POTENTIAL_NOT_PRODUCTION_ASSIGNMENT,5,
CAND_639949c9660cf3865240,2021/019,NAMED_PERSON_ON_ELIGIBLE_RECORD,POTENTIAL_NOT_PRODUCTION_ASSIGNMENT,5,
CAND_639949c9660cf3865240,2022/017,NAMED_PERSON_ON_ELIGIBLE_RECORD,POTENTIAL_NOT_PRODUCTION_ASSIGNMENT,5,
CAND_639949c9660cf3865240,2024/185,NAMED_PERSON_ON_ELIGIBLE_RECORD,POTENTIAL_NOT_PRODUCTION_ASSIGNMENT,5,
CAND_639949c9660cf3865240,2025/038,NAMED_PERSON_ON_ELIGIBLE_RECORD,POTENTIAL_NOT_PRODUCTION_ASSIGNMENT,5,
CAND_63b105139fea652b3a3a,2020/104,NAMED_PERSON_ON_ELIGIBLE_RECORD,POTENTIAL_NOT_PRODUCTION_ASSIGNMENT,1,
CAND_63c130ec0f932164b3b3,2026/023,NAMED_PERSON_ON_ELIGIBLE_RECORD,POTENTIAL_NOT_PRODUCTION_ASSIGNMENT,1,
CAND_63c6ec86fbd593fdf9e2,2024/094,NAMED_PERSON_ON_ELIGIBLE_RECORD,POTENTIAL_NOT_PRODUCTION_ASSIGNMENT,1,
CAND_63d00364e1b12a9ed9f8,2021/074,NAMED_PERSON_ON_ELIGIBLE_RECORD,POTENTIAL_NOT_PRODUCTION_ASSIGNMENT,1,
CAND_63ed020bf3e742341e37,2023/071,NAMED_PERSON_ON_ELIGIBLE_RECORD,POTENTIAL_NOT_PRODUCTION_ASSIGNMENT,2,
CAND_63ed020bf3e742341e37,2024/074,NAMED_PERSON_ON_ELIGIBLE_RECORD,POTENTIAL_NOT_PRODUCTION_ASSIGNMENT,2,
CAND_64054fdb74b9817fe37e,2021/110,NAMED_PERSON_ON_ELIGIBLE_RECORD,POTENTIAL_NOT_PRODUCTION_ASSIGNMENT,1,
CAND_643096b357798f458841,2021/019,NAMED_PERSON_ON_ELIGIBLE_RECORD,POTENTIAL_NOT_PRODUCTION_ASSIGNMENT,3,
CAND_643096b357798f458841,2024/185,NAMED_PERSON_ON_ELIGIBLE_RECORD,POTENTIAL_NOT_PRODUCTION_ASSIGNMENT,3,
CAND_643096b357798f458841,2026/027,NAMED_PERSON_ON_ELIGIBLE_RECORD,POTENTIAL_NOT_PRODUCTION_ASSIGNMENT,3,
CAND_643506a0287973a9846c,2019/017,NAMED_PERSON_ON_ELIGIBLE_RECORD,POTENTIAL_NOT_PRODUCTION_ASSIGNMENT,2,
CAND_643506a0287973a9846c,2019/018,NAMED_PERSON_ON_ELIGIBLE_RECORD,POTENTIAL_NOT_PRODUCTION_ASSIGNMENT,2,
CAND_645cf2254f58d82a5935,2021/039,NAMED_PERSON_ON_ELIGIBLE_RECORD,POTENTIAL_NOT_PRODUCTION_ASSIGNMENT,2,
CAND_645cf2254f58d82a5935,2022/198,NAMED_PERSON_ON_ELIGIBLE_RECORD,POTENTIAL_NOT_PRODUCTION_ASSIGNMENT,2,
CAND_649958380328fba20663,2022/092,NAMED_PERSON_ON_ELIGIBLE_RECORD,POTENTIAL_NOT_PRODUCTION_ASSIGNMENT,1,
CAND_64afdaf1d74bf206b785,2026/040,NAMED_PERSON_ON_ELIGIBLE_RECORD,POTENTIAL_NOT_PRODUCTION_ASSIGNMENT,1,
CAND_64c329c6048c695aa769,2022/005,NAMED_PERSON_ON_ELIGIBLE_RECORD,POTENTIAL_NOT_PRODUCTION_ASSIGNMENT,1,
CAND_652861947384ad419924,2022/030,NAMED_PERSON_ON_ELIGIBLE_RECORD,POTENTIAL_NOT_PRODUCTION_ASSIGNMENT,1,
CAND_654552da0688a615410a,2021/067,NAMED_PERSON_ON_ELIGIBLE_RECORD,POTENTIAL_NOT_PRODUCTION_ASSIGNMENT,5,
CAND_654552da0688a615410a,2022/173,NAMED_PERSON_ON_ELIGIBLE_RECORD,POTENTIAL_NOT_PRODUCTION_ASSIGNMENT,5,
CAND_654552da0688a615410a,2025/100,NAMED_PERSON_ON_ELIGIBLE_RECORD,POTENTIAL_NOT_PRODUCTION_ASSIGNMENT,5,
CAND_654552da0688a615410a,2026/036,NAMED_PERSON_ON_ELIGIBLE_RECORD,POTENTIAL_NOT_PRODUCTION_ASSIGNMENT,5,
CAND_654552da0688a615410a,2026/077,NAMED_PERSON_ON_ELIGIBLE_RECORD,POTENTIAL_NOT_PRODUCTION_ASSIGNMENT,5,
CAND_6545e3cef48308d8f18a,2020/117,NAMED_PERSON_ON_ELIGIBLE_RECORD,POTENTIAL_NOT_PRODUCTION_ASSIGNMENT,1,
CAND_6549214eab963c1a30a3,2020/027,NAMED_PERSON_ON_ELIGIBLE_RECORD,POTENTIAL_NOT_PRODUCTION_ASSIGNMENT,1,
CAND_654d311bbb324235b4ef,2025/219,NAMED_PERSON_ON_ELIGIBLE_RECORD,POTENTIAL_NOT_PRODUCTION_ASSIGNMENT,1,
CAND_656ab6cdc210b036c550,2026/013,NAMED_PERSON_ON_ELIGIBLE_RECORD,POTENTIAL_NOT_PRODUCTION_ASSIGNMENT,1,
CAND_6577e446d680439ef4ac,2022/139,NAMED_PERSON_ON_ELIGIBLE_RECORD,POTENTIAL_NOT_PRODUCTION_ASSIGNMENT,1,
CAND_6596705c467eba157d7c,2020/061,NAMED_PERSON_ON_ELIGIBLE_RECORD,POTENTIAL_NOT_PRODUCTION_ASSIGNMENT,8,
CAND_6596705c467eba157d7c,2020/071,NAMED_PERSON_ON_ELIGIBLE_RECORD,POTENTIAL_NOT_PRODUCTION_ASSIGNMENT,8,
CAND_6596705c467eba157d7c,2020/089,NAMED_PERSON_ON_ELIGIBLE_RECORD,POTENTIAL_NOT_PRODUCTION_ASSIGNMENT,8,
CAND_6596705c467eba157d7c,2022/088,NAMED_PERSON_ON_ELIGIBLE_RECORD,POTENTIAL_NOT_PRODUCTION_ASSIGNMENT,8,
CAND_6596705c467eba157d7c,2022/160,NAMED_PERSON_ON_ELIGIBLE_RECORD,POTENTIAL_NOT_PRODUCTION_ASSIGNMENT,8,
CAND_6596705c467eba157d7c,2023/211,NAMED_PERSON_ON_ELIGIBLE_RECORD,POTENTIAL_NOT_PRODUCTION_ASSIGNMENT,8,
CAND_6596705c467eba157d7c,2026/027,NAMED_PERSON_ON_ELIGIBLE_RECORD,POTENTIAL_NOT_PRODUCTION_ASSIGNMENT,8,
CAND_6596705c467eba157d7c,2026/076,NAMED_PERSON_ON_ELIGIBLE_RECORD,POTENTIAL_NOT_PRODUCTION_ASSIGNMENT,8,
CAND_65a2b26a32429e3ee10f,2026/016,NAMED_PERSON_ON_ELIGIBLE_RECORD,POTENTIAL_NOT_PRODUCTION_ASSIGNMENT,1,
CAND_65dc7a9da80d87a60a64,2020/027,NAMED_PERSON_ON_ELIGIBLE_RECORD,POTENTIAL_NOT_PRODUCTION_ASSIGNMENT,1,
CAND_65e218ad81732d688d26,2020/047,NAMED_PERSON_ON_ELIGIBLE_RECORD,POTENTIAL_NOT_PRODUCTION_ASSIGNMENT,1,
CAND_65e57c503572c499c6a1,2023/299,NAMED_PERSON_ON_ELIGIBLE_RECORD,POTENTIAL_NOT_PRODUCTION_ASSIGNMENT,1,
CAND_6605a7cedaee9af93b51,2020/081,NAMED_PERSON_ON_ELIGIBLE_RECORD,POTENTIAL_NOT_PRODUCTION_ASSIGNMENT,1,
CAND_6613b7194904ee8e6a22,2023/040,NAMED_PERSON_ON_ELIGIBLE_RECORD,POTENTIAL_NOT_PRODUCTION_ASSIGNMENT,1,
CAND_664f39af47c6013339cf,2024/089,NAMED_PERSON_ON_ELIGIBLE_RECORD,POTENTIAL_NOT_PRODUCTION_ASSIGNMENT,1,
CAND_6655387b0b0f2f6e49dc,2021/014,NAMED_PERSON_ON_ELIGIBLE_RECORD,POTENTIAL_NOT_PRODUCTION_ASSIGNMENT,1,
CAND_66a15c42542cf65b7ac4,2023/176,NAMED_PERSON_ON_ELIGIBLE_RECORD,POTENTIAL_NOT_PRODUCTION_ASSIGNMENT,1,
CAND_66a788df5028b0a8ab0f,2024/223,NAMED_PERSON_ON_ELIGIBLE_RECORD,POTENTIAL_NOT_PRODUCTION_ASSIGNMENT,1,
CAND_66d07ed694b316e1fda0,2026/039,NAMED_PERSON_ON_ELIGIBLE_RECORD,POTENTIAL_NOT_PRODUCTION_ASSIGNMENT,2,
CAND_66d07ed694b316e1fda0,2026/055,NAMED_PERSON_ON_ELIGIBLE_RECORD,POTENTIAL_NOT_PRODUCTION_ASSIGNMENT,2,
CAND_67056afb65ee99b90a67,2020/112,NAMED_PERSON_ON_ELIGIBLE_RECORD,POTENTIAL_NOT_PRODUCTION_ASSIGNMENT,1,
CAND_672f1744bb1ca5a3b371,2024/055,NAMED_PERSON_ON_ELIGIBLE_RECORD,POTENTIAL_NOT_PRODUCTION_ASSIGNMENT,2,
CAND_672f1744bb1ca5a3b371,2024/143,NAMED_PERSON_ON_ELIGIBLE_RECORD,POTENTIAL_NOT_PRODUCTION_ASSIGNMENT,2,
CAND_67329ed50edcbf58ba03,2025/041,NAMED_PERSON_ON_ELIGIBLE_RECORD,POTENTIAL_NOT_PRODUCTION_ASSIGNMENT,2,
CAND_67329ed50edcbf58ba03,2025/042,NAMED_PERSON_ON_ELIGIBLE_RECORD,POTENTIAL_NOT_PRODUCTION_ASSIGNMENT,2,
CAND_673e4f5b8519d511a47a,2024/218,NAMED_PERSON_ON_ELIGIBLE_RECORD,POTENTIAL_NOT_PRODUCTION_ASSIGNMENT,1,
CAND_675620e82885404383e0,2025/101,NAMED_PERSON_ON_ELIGIBLE_RECORD,POTENTIAL_NOT_PRODUCTION_ASSIGNMENT,2,
CAND_675620e82885404383e0,2025/227,NAMED_PERSON_ON_ELIGIBLE_RECORD,POTENTIAL_NOT_PRODUCTION_ASSIGNMENT,2,
CAND_677b79301ea5a55cba51,2020/027,NAMED_PERSON_ON_ELIGIBLE_RECORD,POTENTIAL_NOT_PRODUCTION_ASSIGNMENT,1,
CAND_677dfe804af7f7434b03,2020/096,NAMED_PERSON_ON_ELIGIBLE_RECORD,POTENTIAL_NOT_PRODUCTION_ASSIGNMENT,2,
CAND_677dfe804af7f7434b03,2024/047,NAMED_PERSON_ON_ELIGIBLE_RECORD,POTENTIAL_NOT_PRODUCTION_ASSIGNMENT,2,
CAND_67b80ecb8ce08999c7b9,2021/071,NAMED_PERSON_ON_ELIGIBLE_RECORD,POTENTIAL_NOT_PRODUCTION_ASSIGNMENT,1,
CAND_67e3b820aed76525f541,2024/036,NAMED_PERSON_ON_ELIGIBLE_RECORD,POTENTIAL_NOT_PRODUCTION_ASSIGNMENT,2,
CAND_67e3b820aed76525f541,2024/050,NAMED_PERSON_ON_ELIGIBLE_RECORD,POTENTIAL_NOT_PRODUCTION_ASSIGNMENT,2,
CAND_67f0af9bca21445d991d,2025/239,NAMED_PERSON_ON_ELIGIBLE_RECORD,POTENTIAL_NOT_PRODUCTION_ASSIGNMENT,1,
CAND_67fe77182a77785cb248,2024/259,NAMED_PERSON_ON_ELIGIBLE_RECORD,POTENTIAL_NOT_PRODUCTION_ASSIGNMENT,1,
CAND_6837a33ba4dc574d2979,2023/053,NAMED_PERSON_ON_ELIGIBLE_RECORD,POTENTIAL_NOT_PRODUCTION_ASSIGNMENT,1,
CAND_683f3ca6e82a9858f13c,2025/147,NAMED_PERSON_ON_ELIGIBLE_RECORD,POTENTIAL_NOT_PRODUCTION_ASSIGNMENT,1,
CAND_6848b7a1204434420ced,2025/252,NAMED_PERSON_ON_ELIGIBLE_RECORD,POTENTIAL_NOT_PRODUCTION_ASSIGNMENT,2,
CAND_6848b7a1204434420ced,2026/040,NAMED_PERSON_ON_ELIGIBLE_RECORD,POTENTIAL_NOT_PRODUCTION_ASSIGNMENT,2,
CAND_6874457e3fe352993ccc,2024/161,NAMED_PERSON_ON_ELIGIBLE_RECORD,POTENTIAL_NOT_PRODUCTION_ASSIGNMENT,1,
CAND_687eee28d21c510a169a,2021/030,NAMED_PERSON_ON_ELIGIBLE_RECORD,POTENTIAL_NOT_PRODUCTION_ASSIGNMENT,2,
CAND_687eee28d21c510a169a,2022/069,NAMED_PERSON_ON_ELIGIBLE_RECORD,POTENTIAL_NOT_PRODUCTION_ASSIGNMENT,2,
CAND_689db1ac15bbdc4e3554,2020/027,NAMED_PERSON_ON_ELIGIBLE_RECORD,POTENTIAL_NOT_PRODUCTION_ASSIGNMENT,2,
CAND_689db1ac15bbdc4e3554,2023/228,NAMED_PERSON_ON_ELIGIBLE_RECORD,POTENTIAL_NOT_PRODUCTION_ASSIGNMENT,2,
CAND_68a26d022f8ec60dfe7a,2025/100,NAMED_PERSON_ON_ELIGIBLE_RECORD,POTENTIAL_NOT_PRODUCTION_ASSIGNMENT,1,
CAND_68cde2542bbad09697e8,2023/166,NAMED_PERSON_ON_ELIGIBLE_RECORD,POTENTIAL_NOT_PRODUCTION_ASSIGNMENT,1,
CAND_68d41f860acc0c482507,2022/029,NAMED_PERSON_ON_ELIGIBLE_RECORD,POTENTIAL_NOT_PRODUCTION_ASSIGNMENT,1,
CAND_68fa420fbd3c26d21caa,2020/011,NAMED_PERSON_ON_ELIGIBLE_RECORD,POTENTIAL_NOT_PRODUCTION_ASSIGNMENT,1,
CAND_6982ddc596b4cd7bba26,2025/095,NAMED_PERSON_ON_ELIGIBLE_RECORD,POTENTIAL_NOT_PRODUCTION_ASSIGNMENT,1,
CAND_69892644175dc688edd2,2025/178,NAMED_PERSON_ON_ELIGIBLE_RECORD,POTENTIAL_NOT_PRODUCTION_ASSIGNMENT,1,
CAND_69a04e473f3687a2b31e,2024/138,NAMED_PERSON_ON_ELIGIBLE_RECORD,POTENTIAL_NOT_PRODUCTION_ASSIGNMENT,3,
CAND_69a04e473f3687a2b31e,2025/129,NAMED_PERSON_ON_ELIGIBLE_RECORD,POTENTIAL_NOT_PRODUCTION_ASSIGNMENT,3,
CAND_69a04e473f3687a2b31e,2026/071,NAMED_PERSON_ON_ELIGIBLE_RECORD,POTENTIAL_NOT_PRODUCTION_ASSIGNMENT,3,
CAND_69c9c6000e7a0360e8dd,2020/008,NAMED_PERSON_ON_ELIGIBLE_RECORD,POTENTIAL_NOT_PRODUCTION_ASSIGNMENT,3,
CAND_69c9c6000e7a0360e8dd,2021/001,NAMED_PERSON_ON_ELIGIBLE_RECORD,POTENTIAL_NOT_PRODUCTION_ASSIGNMENT,3,
CAND_69c9c6000e7a0360e8dd,2025/079,NAMED_PERSON_ON_ELIGIBLE_RECORD,POTENTIAL_NOT_PRODUCTION_ASSIGNMENT,3,
CAND_69d8bbf5c4c1d3a21a60,2026/069,NAMED_PERSON_ON_ELIGIBLE_RECORD,POTENTIAL_NOT_PRODUCTION_ASSIGNMENT,1,
CAND_69dc0ec999b4b60996d0,2021/110,NAMED_PERSON_ON_ELIGIBLE_RECORD,POTENTIAL_NOT_PRODUCTION_ASSIGNMENT,1,
CAND_69eebebb1069716cda2a,2026/067,NAMED_PERSON_ON_ELIGIBLE_RECORD,POTENTIAL_NOT_PRODUCTION_ASSIGNMENT,1,
CAND_69f51949a1fd1ca2a040,2020/043,NAMED_PERSON_ON_ELIGIBLE_RECORD,POTENTIAL_NOT_PRODUCTION_ASSIGNMENT,1,
CAND_6a03148fb69bdbd66720,2025/086,NAMED_PERSON_ON_ELIGIBLE_RECORD,POTENTIAL_NOT_PRODUCTION_ASSIGNMENT,1,
CAND_6a053888364934859ecd,2020/027,NAMED_PERSON_ON_ELIGIBLE_RECORD,POTENTIAL_NOT_PRODUCTION_ASSIGNMENT,4,
CAND_6a053888364934859ecd,2020/063,NAMED_PERSON_ON_ELIGIBLE_RECORD,POTENTIAL_NOT_PRODUCTION_ASSIGNMENT,4,
CAND_6a053888364934859ecd,2021/012,NAMED_PERSON_ON_ELIGIBLE_RECORD,POTENTIAL_NOT_PRODUCTION_ASSIGNMENT,4,
CAND_6a053888364934859ecd,2023/228,NAMED_PERSON_ON_ELIGIBLE_RECORD,POTENTIAL_NOT_PRODUCTION_ASSIGNMENT,4,
CAND_6a16bbf9ef6c77272b45,2022/036/a,NAMED_PERSON_ON_ELIGIBLE_RECORD,POTENTIAL_NOT_PRODUCTION_ASSIGNMENT,1,
CAND_6a1a381e3667f81c7482,2025/009,NAMED_PERSON_ON_ELIGIBLE_RECORD,POTENTIAL_NOT_PRODUCTION_ASSIGNMENT,2,
CAND_6a1a381e3667f81c7482,2025/076,NAMED_PERSON_ON_ELIGIBLE_RECORD,POTENTIAL_NOT_PRODUCTION_ASSIGNMENT,2,
CAND_6a3a9cda2f0aa5aff477,2024/214,NAMED_PERSON_ON_ELIGIBLE_RECORD,POTENTIAL_NOT_PRODUCTION_ASSIGNMENT,1,
CAND_6a60e56813f6c166da46,2020/074,NAMED_PERSON_ON_ELIGIBLE_RECORD,POTENTIAL_NOT_PRODUCTION_ASSIGNMENT,6,
CAND_6a60e56813f6c166da46,2022/166,NAMED_PERSON_ON_ELIGIBLE_RECORD,POTENTIAL_NOT_PRODUCTION_ASSIGNMENT,6,
CAND_6a60e56813f6c166da46,2024/018,NAMED_PERSON_ON_ELIGIBLE_RECORD,POTENTIAL_NOT_PRODUCTION_ASSIGNMENT,6,
CAND_6a60e56813f6c166da46,2024/173,NAMED_PERSON_ON_ELIGIBLE_RECORD,POTENTIAL_NOT_PRODUCTION_ASSIGNMENT,6,
CAND_6a60e56813f6c166da46,2024/221,NAMED_PERSON_ON_ELIGIBLE_RECORD,POTENTIAL_NOT_PRODUCTION_ASSIGNMENT,6,
CAND_6a60e56813f6c166da46,2025/121,NAMED_PERSON_ON_ELIGIBLE_RECORD,POTENTIAL_NOT_PRODUCTION_ASSIGNMENT,6,
CAND_6ae7c6fc0bd80ad6b346,2020/027,NAMED_PERSON_ON_ELIGIBLE_RECORD,POTENTIAL_NOT_PRODUCTION_ASSIGNMENT,1,
CAND_6af36fc8944c81d7d57a,2025/211,NAMED_PERSON_ON_ELIGIBLE_RECORD,POTENTIAL_NOT_PRODUCTION_ASSIGNMENT,1,
CAND_6b357232ef039c50ac2d,2020/104,NAMED_PERSON_ON_ELIGIBLE_RECORD,POTENTIAL_NOT_PRODUCTION_ASSIGNMENT,1,
CAND_6b3d245a26ace103be63,2021/111,NAMED_PERSON_ON_ELIGIBLE_RECORD,POTENTIAL_NOT_PRODUCTION_ASSIGNMENT,2,
CAND_6b3d245a26ace103be63,2024/009,NAMED_PERSON_ON_ELIGIBLE_RECORD,POTENTIAL_NOT_PRODUCTION_ASSIGNMENT,2,
CAND_6b58edf7516da3617d94,2022/070,NAMED_PERSON_ON_ELIGIBLE_RECORD,POTENTIAL_NOT_PRODUCTION_ASSIGNMENT,2,
CAND_6b58edf7516da3617d94,2024/016,NAMED_PERSON_ON_ELIGIBLE_RECORD,POTENTIAL_NOT_PRODUCTION_ASSIGNMENT,2,
CAND_6b7bafbf60e51000579d,2025/032,NAMED_PERSON_ON_ELIGIBLE_RECORD,POTENTIAL_NOT_PRODUCTION_ASSIGNMENT,1,
CAND_6bd72618be48fcbe30f8,2021/060,NAMED_PERSON_ON_ELIGIBLE_RECORD,POTENTIAL_NOT_PRODUCTION_ASSIGNMENT,2,
CAND_6bd72618be48fcbe30f8,2021/164,NAMED_PERSON_ON_ELIGIBLE_RECORD,POTENTIAL_NOT_PRODUCTION_ASSIGNMENT,2,
CAND_6bdedaf4a666e7fb51a8,2022/118,NAMED_PERSON_ON_ELIGIBLE_RECORD,POTENTIAL_NOT_PRODUCTION_ASSIGNMENT,1,
CAND_6be4c9627112d80206d0,2025/212,NAMED_PERSON_ON_ELIGIBLE_RECORD,POTENTIAL_NOT_PRODUCTION_ASSIGNMENT,1,
CAND_6bee10f245bf374f89e0,2022/071,NAMED_PERSON_ON_ELIGIBLE_RECORD,POTENTIAL_NOT_PRODUCTION_ASSIGNMENT,1,
CAND_6c21fc800c272ce87078,2025/258,NAMED_PERSON_ON_ELIGIBLE_RECORD,POTENTIAL_NOT_PRODUCTION_ASSIGNMENT,1,
CAND_6c3564dbf31534a2e098,2026/037,NAMED_PERSON_ON_ELIGIBLE_RECORD,POTENTIAL_NOT_PRODUCTION_ASSIGNMENT,1,
CAND_6c5448a719156df77cdb,2023/033,NAMED_PERSON_ON_ELIGIBLE_RECORD,POTENTIAL_NOT_PRODUCTION_ASSIGNMENT,1,
CAND_6c831036aebbcc946511,2021/142,NAMED_PERSON_ON_ELIGIBLE_RECORD,POTENTIAL_NOT_PRODUCTION_ASSIGNMENT,3,
CAND_6c831036aebbcc946511,2025/036,NAMED_PERSON_ON_ELIGIBLE_RECORD,POTENTIAL_NOT_PRODUCTION_ASSIGNMENT,3,
CAND_6c831036aebbcc946511,2025/099,NAMED_PERSON_ON_ELIGIBLE_RECORD,POTENTIAL_NOT_PRODUCTION_ASSIGNMENT,3,
CAND_6c99d79c3d721bf81711,2026/082,NAMED_PERSON_ON_ELIGIBLE_RECORD,POTENTIAL_NOT_PRODUCTION_ASSIGNMENT,1,
CAND_6ca0e4c6e12eb8469ca8,2020/104,NAMED_PERSON_ON_ELIGIBLE_RECORD,POTENTIAL_NOT_PRODUCTION_ASSIGNMENT,1,
CAND_6cad3f665dba3c5eac23,2020/013,NAMED_PERSON_ON_ELIGIBLE_RECORD,POTENTIAL_NOT_PRODUCTION_ASSIGNMENT,1,
CAND_6cd28dc346e2ce8f2025,2020/118,NAMED_PERSON_ON_ELIGIBLE_RECORD,POTENTIAL_NOT_PRODUCTION_ASSIGNMENT,1,
CAND_6cde719853e578047d03,2021/074,NAMED_PERSON_ON_ELIGIBLE_RECORD,POTENTIAL_NOT_PRODUCTION_ASSIGNMENT,2,
CAND_6cde719853e578047d03,2024/071,NAMED_PERSON_ON_ELIGIBLE_RECORD,POTENTIAL_NOT_PRODUCTION_ASSIGNMENT,2,
CAND_6d1d795f7c0ec908635e,2020/118,NAMED_PERSON_ON_ELIGIBLE_RECORD,POTENTIAL_NOT_PRODUCTION_ASSIGNMENT,1,
CAND_6d696ecfcac067687207,2021/046,NAMED_PERSON_ON_ELIGIBLE_RECORD,POTENTIAL_NOT_PRODUCTION_ASSIGNMENT,2,
CAND_6d696ecfcac067687207,2025/126,NAMED_PERSON_ON_ELIGIBLE_RECORD,POTENTIAL_NOT_PRODUCTION_ASSIGNMENT,2,
CAND_6d86ce397fceb4ce1cc6,2024/176,NAMED_PERSON_ON_ELIGIBLE_RECORD,POTENTIAL_NOT_PRODUCTION_ASSIGNMENT,1,
CAND_6d9996dc14433efb1471,2022/190,NAMED_PERSON_ON_ELIGIBLE_RECORD,POTENTIAL_NOT_PRODUCTION_ASSIGNMENT,1,
CAND_6d9d5d4124f086d21efd,2025/255,NAMED_PERSON_ON_ELIGIBLE_RECORD,POTENTIAL_NOT_PRODUCTION_ASSIGNMENT,1,
CAND_6db82fe24f7e195ee677,2025/265,NAMED_PERSON_ON_ELIGIBLE_RECORD,POTENTIAL_NOT_PRODUCTION_ASSIGNMENT,1,
CAND_6db9af8045d21da3b578,2021/181,NAMED_PERSON_ON_ELIGIBLE_RECORD,POTENTIAL_NOT_PRODUCTION_ASSIGNMENT,1,
CAND_6dc861360a00033a900b,2025/006,NAMED_PERSON_ON_ELIGIBLE_RECORD,POTENTIAL_NOT_PRODUCTION_ASSIGNMENT,1,
CAND_6dcbbddd8d30ce15f6a1,2024/138,NAMED_PERSON_ON_ELIGIBLE_RECORD,POTENTIAL_NOT_PRODUCTION_ASSIGNMENT,1,
CAND_6dea5431b7f256686909,2024/182,NAMED_PERSON_ON_ELIGIBLE_RECORD,POTENTIAL_NOT_PRODUCTION_ASSIGNMENT,1,
CAND_6e0ba35e6b7ac34679a3,2022/157,NAMED_PERSON_ON_ELIGIBLE_RECORD,POTENTIAL_NOT_PRODUCTION_ASSIGNMENT,2,
CAND_6e0ba35e6b7ac34679a3,2023/005,NAMED_PERSON_ON_ELIGIBLE_RECORD,POTENTIAL_NOT_PRODUCTION_ASSIGNMENT,2,
CAND_6e3efb472852fbc393a5,2021/001,NAMED_PERSON_ON_ELIGIBLE_RECORD,POTENTIAL_NOT_PRODUCTION_ASSIGNMENT,3,
CAND_6e3efb472852fbc393a5,2021/115,NAMED_PERSON_ON_ELIGIBLE_RECORD,POTENTIAL_NOT_PRODUCTION_ASSIGNMENT,3,
CAND_6e3efb472852fbc393a5,2025/079,NAMED_PERSON_ON_ELIGIBLE_RECORD,POTENTIAL_NOT_PRODUCTION_ASSIGNMENT,3,
CAND_6e428973639bb8080011,2022/104,NAMED_PERSON_ON_ELIGIBLE_RECORD,POTENTIAL_NOT_PRODUCTION_ASSIGNMENT,1,
CAND_6e81410ca2770b3f3aae,2023/082,NAMED_PERSON_ON_ELIGIBLE_RECORD,POTENTIAL_NOT_PRODUCTION_ASSIGNMENT,2,
CAND_6e81410ca2770b3f3aae,2023/170,NAMED_PERSON_ON_ELIGIBLE_RECORD,POTENTIAL_NOT_PRODUCTION_ASSIGNMENT,2,
CAND_6eaa12f6a48cd0ee837b,2022/102,NAMED_PERSON_ON_ELIGIBLE_RECORD,POTENTIAL_NOT_PRODUCTION_ASSIGNMENT,1,
CAND_6ec68ba827fab6dfd34d,2025/063,NAMED_PERSON_ON_ELIGIBLE_RECORD,POTENTIAL_NOT_PRODUCTION_ASSIGNMENT,1,
CAND_6ed55ea0692b7554d91f,2025/019,NAMED_PERSON_ON_ELIGIBLE_RECORD,POTENTIAL_NOT_PRODUCTION_ASSIGNMENT,1,
CAND_6eddb3cf38a75159715d,2025/004,NAMED_PERSON_ON_ELIGIBLE_RECORD,POTENTIAL_NOT_PRODUCTION_ASSIGNMENT,1,
CAND_6f30403ac019ea55c2f5,2020/074,NAMED_PERSON_ON_ELIGIBLE_RECORD,POTENTIAL_NOT_PRODUCTION_ASSIGNMENT,1,
CAND_6f4f7c49b641f669f52c,2025/131,NAMED_PERSON_ON_ELIGIBLE_RECORD,POTENTIAL_NOT_PRODUCTION_ASSIGNMENT,1,
CAND_6f6885bf919465f4f9a4,2022/054,NAMED_PERSON_ON_ELIGIBLE_RECORD,POTENTIAL_NOT_PRODUCTION_ASSIGNMENT,1,
CAND_6fd2b20da84f77370d85,2020/027,NAMED_PERSON_ON_ELIGIBLE_RECORD,POTENTIAL_NOT_PRODUCTION_ASSIGNMENT,1,
CAND_7028676abbe5ea78156e,2022/004,NAMED_PERSON_ON_ELIGIBLE_RECORD,POTENTIAL_NOT_PRODUCTION_ASSIGNMENT,1,
CAND_703feab627a01097db0b,2021/141,NAMED_PERSON_ON_ELIGIBLE_RECORD,POTENTIAL_NOT_PRODUCTION_ASSIGNMENT,1,
CAND_704851ff928f114e8971,2023/017,NAMED_PERSON_ON_ELIGIBLE_RECORD,POTENTIAL_NOT_PRODUCTION_ASSIGNMENT,1,
CAND_70540c62c168686d7570,2024/072,NAMED_PERSON_ON_ELIGIBLE_RECORD,POTENTIAL_NOT_PRODUCTION_ASSIGNMENT,1,
CAND_706f2694edeaebbfa645,2020/027,NAMED_PERSON_ON_ELIGIBLE_RECORD,POTENTIAL_NOT_PRODUCTION_ASSIGNMENT,1,
CAND_708034d819add0e55342,2022/075,NAMED_PERSON_ON_ELIGIBLE_RECORD,POTENTIAL_NOT_PRODUCTION_ASSIGNMENT,1,
CAND_70995fdfcebe6b9d7603,2023/016,NAMED_PERSON_ON_ELIGIBLE_RECORD,POTENTIAL_NOT_PRODUCTION_ASSIGNMENT,1,
CAND_70c87fb736f102d21f2b,2021/037,NAMED_PERSON_ON_ELIGIBLE_RECORD,POTENTIAL_NOT_PRODUCTION_ASSIGNMENT,2,
CAND_70c87fb736f102d21f2b,2022/008,NAMED_PERSON_ON_ELIGIBLE_RECORD,POTENTIAL_NOT_PRODUCTION_ASSIGNMENT,2,
CAND_70cdbc77ec51cc8e41c2,2023/202,NAMED_PERSON_ON_ELIGIBLE_RECORD,POTENTIAL_NOT_PRODUCTION_ASSIGNMENT,1,
CAND_70d251f343dbaa8eba1a,2023/181,NAMED_PERSON_ON_ELIGIBLE_RECORD,POTENTIAL_NOT_PRODUCTION_ASSIGNMENT,1,
CAND_70e27cb2133d4a74ff1d,2022/196,NAMED_PERSON_ON_ELIGIBLE_RECORD,POTENTIAL_NOT_PRODUCTION_ASSIGNMENT,1,
CAND_70f07e1cc8deec8f51ed,2020/100,NAMED_PERSON_ON_ELIGIBLE_RECORD,POTENTIAL_NOT_PRODUCTION_ASSIGNMENT,1,
CAND_710dce930b8f4fa4f860,2023/041,NAMED_PERSON_ON_ELIGIBLE_RECORD,POTENTIAL_NOT_PRODUCTION_ASSIGNMENT,1,
CAND_71572d724d8e54ac86ff,2022/010,NAMED_PERSON_ON_ELIGIBLE_RECORD,POTENTIAL_NOT_PRODUCTION_ASSIGNMENT,2,
CAND_71572d724d8e54ac86ff,2025/050,NAMED_PERSON_ON_ELIGIBLE_RECORD,POTENTIAL_NOT_PRODUCTION_ASSIGNMENT,2,
CAND_71628b9e59b7829e6daf,2020/047,NAMED_PERSON_ON_ELIGIBLE_RECORD,POTENTIAL_NOT_PRODUCTION_ASSIGNMENT,3,
CAND_71628b9e59b7829e6daf,2021/064,NAMED_PERSON_ON_ELIGIBLE_RECORD,POTENTIAL_NOT_PRODUCTION_ASSIGNMENT,3,
CAND_71628b9e59b7829e6daf,2022/038,NAMED_PERSON_ON_ELIGIBLE_RECORD,POTENTIAL_NOT_PRODUCTION_ASSIGNMENT,3,
CAND_716a3cc645db6e8ecfd8,2021/164,NAMED_PERSON_ON_ELIGIBLE_RECORD,POTENTIAL_NOT_PRODUCTION_ASSIGNMENT,1,
CAND_71af93c62360a6de74eb,2024/123,NAMED_PERSON_ON_ELIGIBLE_RECORD,POTENTIAL_NOT_PRODUCTION_ASSIGNMENT,1,
CAND_71c0bd009a8082bfeefa,2024/057,NAMED_PERSON_ON_ELIGIBLE_RECORD,POTENTIAL_NOT_PRODUCTION_ASSIGNMENT,1,
CAND_71ff469fd74fe0aadac0,2021/078,NAMED_PERSON_ON_ELIGIBLE_RECORD,POTENTIAL_NOT_PRODUCTION_ASSIGNMENT,1,
CAND_72072aaf791d722f1ff3,2023/084,NAMED_PERSON_ON_ELIGIBLE_RECORD,POTENTIAL_NOT_PRODUCTION_ASSIGNMENT,1,
CAND_720a672c017656398872,2022/129,NAMED_PERSON_ON_ELIGIBLE_RECORD,POTENTIAL_NOT_PRODUCTION_ASSIGNMENT,2,
CAND_720a672c017656398872,2023/076,NAMED_PERSON_ON_ELIGIBLE_RECORD,POTENTIAL_NOT_PRODUCTION_ASSIGNMENT,2,
CAND_721933fef90362ede6a4,2023/080,NAMED_PERSON_ON_ELIGIBLE_RECORD,POTENTIAL_NOT_PRODUCTION_ASSIGNMENT,1,
CAND_7219b8bafa19123b3153,2024/168,NAMED_PERSON_ON_ELIGIBLE_RECORD,POTENTIAL_NOT_PRODUCTION_ASSIGNMENT,1,
CAND_723263f3853e09335fbf,2024/152,NAMED_PERSON_ON_ELIGIBLE_RECORD,POTENTIAL_NOT_PRODUCTION_ASSIGNMENT,2,
CAND_723263f3853e09335fbf,2024/167,NAMED_PERSON_ON_ELIGIBLE_RECORD,POTENTIAL_NOT_PRODUCTION_ASSIGNMENT,2,
CAND_72774c905aef984fe937,2024/096,NAMED_PERSON_ON_ELIGIBLE_RECORD,POTENTIAL_NOT_PRODUCTION_ASSIGNMENT,1,
CAND_72796aecd5d40d8f750f,2021/045,NAMED_PERSON_ON_ELIGIBLE_RECORD,POTENTIAL_NOT_PRODUCTION_ASSIGNMENT,2,
CAND_72796aecd5d40d8f750f,2024/125,NAMED_PERSON_ON_ELIGIBLE_RECORD,POTENTIAL_NOT_PRODUCTION_ASSIGNMENT,2,
CAND_728150feff1a7980e484,2022/048,NAMED_PERSON_ON_ELIGIBLE_RECORD,POTENTIAL_NOT_PRODUCTION_ASSIGNMENT,5,
CAND_728150feff1a7980e484,2024/122,NAMED_PERSON_ON_ELIGIBLE_RECORD,POTENTIAL_NOT_PRODUCTION_ASSIGNMENT,5,
CAND_728150feff1a7980e484,2025/013,NAMED_PERSON_ON_ELIGIBLE_RECORD,POTENTIAL_NOT_PRODUCTION_ASSIGNMENT,5,
CAND_728150feff1a7980e484,2025/017,NAMED_PERSON_ON_ELIGIBLE_RECORD,POTENTIAL_NOT_PRODUCTION_ASSIGNMENT,5,
CAND_728150feff1a7980e484,2025/064,NAMED_PERSON_ON_ELIGIBLE_RECORD,POTENTIAL_NOT_PRODUCTION_ASSIGNMENT,5,
CAND_7283d58374dbd73924d5,2024/106,NAMED_PERSON_ON_ELIGIBLE_RECORD,POTENTIAL_NOT_PRODUCTION_ASSIGNMENT,1,
CAND_729ee08b868a73695a33,2022/192,NAMED_PERSON_ON_ELIGIBLE_RECORD,POTENTIAL_NOT_PRODUCTION_ASSIGNMENT,2,
CAND_729ee08b868a73695a33,2024/084,NAMED_PERSON_ON_ELIGIBLE_RECORD,POTENTIAL_NOT_PRODUCTION_ASSIGNMENT,2,
CAND_732327c29f0e88058f1e,2022/105,NAMED_PERSON_ON_ELIGIBLE_RECORD,POTENTIAL_NOT_PRODUCTION_ASSIGNMENT,2,
CAND_732327c29f0e88058f1e,2023/014,NAMED_PERSON_ON_ELIGIBLE_RECORD,POTENTIAL_NOT_PRODUCTION_ASSIGNMENT,2,
CAND_733ea1ff14ee4b06556c,2023/081,NAMED_PERSON_ON_ELIGIBLE_RECORD,POTENTIAL_NOT_PRODUCTION_ASSIGNMENT,1,
CAND_73531aa2bc30848273b2,2022/029,NAMED_PERSON_ON_ELIGIBLE_RECORD,POTENTIAL_NOT_PRODUCTION_ASSIGNMENT,2,
CAND_73531aa2bc30848273b2,2025/016,NAMED_PERSON_ON_ELIGIBLE_RECORD,POTENTIAL_NOT_PRODUCTION_ASSIGNMENT,2,
CAND_73575d408f959e06c0bc,2025/243,NAMED_PERSON_ON_ELIGIBLE_RECORD,POTENTIAL_NOT_PRODUCTION_ASSIGNMENT,1,
CAND_735e040d32ab0dfc6f74,2023/172,NAMED_PERSON_ON_ELIGIBLE_RECORD,POTENTIAL_NOT_PRODUCTION_ASSIGNMENT,2,
CAND_735e040d32ab0dfc6f74,2024/033,NAMED_PERSON_ON_ELIGIBLE_RECORD,POTENTIAL_NOT_PRODUCTION_ASSIGNMENT,2,
CAND_73f1c354de38652cfe8a,2020/111,NAMED_PERSON_ON_ELIGIBLE_RECORD,POTENTIAL_NOT_PRODUCTION_ASSIGNMENT,8,
CAND_73f1c354de38652cfe8a,2020/114,NAMED_PERSON_ON_ELIGIBLE_RECORD,POTENTIAL_NOT_PRODUCTION_ASSIGNMENT,8,
CAND_73f1c354de38652cfe8a,2023/027,NAMED_PERSON_ON_ELIGIBLE_RECORD,POTENTIAL_NOT_PRODUCTION_ASSIGNMENT,8,
CAND_73f1c354de38652cfe8a,2023/303,NAMED_PERSON_ON_ELIGIBLE_RECORD,POTENTIAL_NOT_PRODUCTION_ASSIGNMENT,8,
CAND_73f1c354de38652cfe8a,2023/305,NAMED_PERSON_ON_ELIGIBLE_RECORD,POTENTIAL_NOT_PRODUCTION_ASSIGNMENT,8,
CAND_73f1c354de38652cfe8a,2024/011,NAMED_PERSON_ON_ELIGIBLE_RECORD,POTENTIAL_NOT_PRODUCTION_ASSIGNMENT,8,
CAND_73f1c354de38652cfe8a,2024/123,NAMED_PERSON_ON_ELIGIBLE_RECORD,POTENTIAL_NOT_PRODUCTION_ASSIGNMENT,8,
CAND_73f1c354de38652cfe8a,2025/140,NAMED_PERSON_ON_ELIGIBLE_RECORD,POTENTIAL_NOT_PRODUCTION_ASSIGNMENT,8,
CAND_73fc29bd68313683d908,2022/022,NAMED_PERSON_ON_ELIGIBLE_RECORD,POTENTIAL_NOT_PRODUCTION_ASSIGNMENT,1,
CAND_73fc901b3068b30a7049,2025/031,NAMED_PERSON_ON_ELIGIBLE_RECORD,POTENTIAL_NOT_PRODUCTION_ASSIGNMENT,1,
CAND_742eedfb96e9cc416563,2020/047,NAMED_PERSON_ON_ELIGIBLE_RECORD,POTENTIAL_NOT_PRODUCTION_ASSIGNMENT,1,
CAND_745e7b3ece3b86dd5ee3,2023/205,NAMED_PERSON_ON_ELIGIBLE_RECORD,POTENTIAL_NOT_PRODUCTION_ASSIGNMENT,1,
CAND_746cb81d68933496f88e,2021/123,NAMED_PERSON_ON_ELIGIBLE_RECORD,POTENTIAL_NOT_PRODUCTION_ASSIGNMENT,5,
CAND_746cb81d68933496f88e,2021/151,NAMED_PERSON_ON_ELIGIBLE_RECORD,POTENTIAL_NOT_PRODUCTION_ASSIGNMENT,5,
CAND_746cb81d68933496f88e,2022/126,NAMED_PERSON_ON_ELIGIBLE_RECORD,POTENTIAL_NOT_PRODUCTION_ASSIGNMENT,5,
CAND_746cb81d68933496f88e,2024/095/a,NAMED_PERSON_ON_ELIGIBLE_RECORD,POTENTIAL_NOT_PRODUCTION_ASSIGNMENT,5,
CAND_746cb81d68933496f88e,2026/060,NAMED_PERSON_ON_ELIGIBLE_RECORD,POTENTIAL_NOT_PRODUCTION_ASSIGNMENT,5,
CAND_748b24a07e6cfb9119b0,2024/002,NAMED_PERSON_ON_ELIGIBLE_RECORD,POTENTIAL_NOT_PRODUCTION_ASSIGNMENT,1,
CAND_749bd5d30a72eb37199c,2023/013,NAMED_PERSON_ON_ELIGIBLE_RECORD,POTENTIAL_NOT_PRODUCTION_ASSIGNMENT,1,
CAND_74ab2c3564e6ea3b0ba2,2025/137,NAMED_PERSON_ON_ELIGIBLE_RECORD,POTENTIAL_NOT_PRODUCTION_ASSIGNMENT,1,
CAND_74cdd98ea489852cdd02,2021/135,NAMED_PERSON_ON_ELIGIBLE_RECORD,POTENTIAL_NOT_PRODUCTION_ASSIGNMENT,2,
CAND_74cdd98ea489852cdd02,2023/295,NAMED_PERSON_ON_ELIGIBLE_RECORD,POTENTIAL_NOT_PRODUCTION_ASSIGNMENT,2,
CAND_74e863bdf2487d57dac0,2022/020,NAMED_PERSON_ON_ELIGIBLE_RECORD,POTENTIAL_NOT_PRODUCTION_ASSIGNMENT,1,
CAND_74e9cc97ec1f1d4b129a,2025/090,NAMED_PERSON_ON_ELIGIBLE_RECORD,POTENTIAL_NOT_PRODUCTION_ASSIGNMENT,1,
CAND_751b97eeadc2940dd344,2022/161,NAMED_PERSON_ON_ELIGIBLE_RECORD,POTENTIAL_NOT_PRODUCTION_ASSIGNMENT,2,
CAND_751b97eeadc2940dd344,2025/019,NAMED_PERSON_ON_ELIGIBLE_RECORD,POTENTIAL_NOT_PRODUCTION_ASSIGNMENT,2,
CAND_75217c79903e26a5ba94,2021/141,NAMED_PERSON_ON_ELIGIBLE_RECORD,POTENTIAL_NOT_PRODUCTION_ASSIGNMENT,2,
CAND_75217c79903e26a5ba94,2025/146,NAMED_PERSON_ON_ELIGIBLE_RECORD,POTENTIAL_NOT_PRODUCTION_ASSIGNMENT,2,
CAND_754940b30633271129b5,2025/007,NAMED_PERSON_ON_ELIGIBLE_RECORD,POTENTIAL_NOT_PRODUCTION_ASSIGNMENT,1,
CAND_754c0852495b6ea93b40,2021/153,NAMED_PERSON_ON_ELIGIBLE_RECORD,POTENTIAL_NOT_PRODUCTION_ASSIGNMENT,1,
CAND_75915661e8654aa773ca,2024/259,NAMED_PERSON_ON_ELIGIBLE_RECORD,POTENTIAL_NOT_PRODUCTION_ASSIGNMENT,1,
CAND_75a07dcfbfff40a3fc2d,2020/047,NAMED_PERSON_ON_ELIGIBLE_RECORD,POTENTIAL_NOT_PRODUCTION_ASSIGNMENT,2,
CAND_75a07dcfbfff40a3fc2d,2021/025,NAMED_PERSON_ON_ELIGIBLE_RECORD,POTENTIAL_NOT_PRODUCTION_ASSIGNMENT,2,
CAND_75b0066388bbd5035e83,2025/139,NAMED_PERSON_ON_ELIGIBLE_RECORD,POTENTIAL_NOT_PRODUCTION_ASSIGNMENT,2,
CAND_75b0066388bbd5035e83,2025/144,NAMED_PERSON_ON_ELIGIBLE_RECORD,POTENTIAL_NOT_PRODUCTION_ASSIGNMENT,2,
CAND_75b8a740e815310dec5b,2026/012,NAMED_PERSON_ON_ELIGIBLE_RECORD,POTENTIAL_NOT_PRODUCTION_ASSIGNMENT,1,
CAND_75edebd9fa7eaf1f6c85,2022/171,NAMED_PERSON_ON_ELIGIBLE_RECORD,POTENTIAL_NOT_PRODUCTION_ASSIGNMENT,1,
CAND_765fc8acaceb562508fc,2020/059,NAMED_PERSON_ON_ELIGIBLE_RECORD,POTENTIAL_NOT_PRODUCTION_ASSIGNMENT,1,
CAND_76642f074215bd5f1555,2023/212,NAMED_PERSON_ON_ELIGIBLE_RECORD,POTENTIAL_NOT_PRODUCTION_ASSIGNMENT,1,
CAND_76902f43047f9e922816,2024/231,NAMED_PERSON_ON_ELIGIBLE_RECORD,POTENTIAL_NOT_PRODUCTION_ASSIGNMENT,1,
CAND_76bce3d13eea16bb8347,2024/043,NAMED_PERSON_ON_ELIGIBLE_RECORD,POTENTIAL_NOT_PRODUCTION_ASSIGNMENT,5,
CAND_76bce3d13eea16bb8347,2024/121,NAMED_PERSON_ON_ELIGIBLE_RECORD,POTENTIAL_NOT_PRODUCTION_ASSIGNMENT,5,
CAND_76bce3d13eea16bb8347,2024/144,NAMED_PERSON_ON_ELIGIBLE_RECORD,POTENTIAL_NOT_PRODUCTION_ASSIGNMENT,5,
CAND_76bce3d13eea16bb8347,2025/134,NAMED_PERSON_ON_ELIGIBLE_RECORD,POTENTIAL_NOT_PRODUCTION_ASSIGNMENT,5,
CAND_76bce3d13eea16bb8347,2025/240,NAMED_PERSON_ON_ELIGIBLE_RECORD,POTENTIAL_NOT_PRODUCTION_ASSIGNMENT,5,
CAND_76dbc0d3380f4e81705a,2024/237,NAMED_PERSON_ON_ELIGIBLE_RECORD,POTENTIAL_NOT_PRODUCTION_ASSIGNMENT,1,
CAND_76e45b8c7e9993ed959a,2024/208,NAMED_PERSON_ON_ELIGIBLE_RECORD,POTENTIAL_NOT_PRODUCTION_ASSIGNMENT,1,
CAND_76e8615f807b477abf9e,2022/005,NAMED_PERSON_ON_ELIGIBLE_RECORD,POTENTIAL_NOT_PRODUCTION_ASSIGNMENT,1,
CAND_772dfe5fed53d7141ac8,2025/090,NAMED_PERSON_ON_ELIGIBLE_RECORD,POTENTIAL_NOT_PRODUCTION_ASSIGNMENT,1,
CAND_7742457ce74261ea8916,2021/112,NAMED_PERSON_ON_ELIGIBLE_RECORD,POTENTIAL_NOT_PRODUCTION_ASSIGNMENT,1,
CAND_776701b68ac3b46ccbc4,2024/095/b,NAMED_PERSON_ON_ELIGIBLE_RECORD,POTENTIAL_NOT_PRODUCTION_ASSIGNMENT,3,
CAND_776701b68ac3b46ccbc4,2025/152,NAMED_PERSON_ON_ELIGIBLE_RECORD,POTENTIAL_NOT_PRODUCTION_ASSIGNMENT,3,
CAND_776701b68ac3b46ccbc4,2025/224,NAMED_PERSON_ON_ELIGIBLE_RECORD,POTENTIAL_NOT_PRODUCTION_ASSIGNMENT,3,
CAND_77705fd8919613a88234,2020/117,NAMED_PERSON_ON_ELIGIBLE_RECORD,POTENTIAL_NOT_PRODUCTION_ASSIGNMENT,2,
CAND_77705fd8919613a88234,2025/118,NAMED_PERSON_ON_ELIGIBLE_RECORD,POTENTIAL_NOT_PRODUCTION_ASSIGNMENT,2,
CAND_77a74927ccb3063ec2de,2022/121,NAMED_PERSON_ON_ELIGIBLE_RECORD,POTENTIAL_NOT_PRODUCTION_ASSIGNMENT,1,
CAND_77ccc9f18d5e5175a89b,2025/141,NAMED_PERSON_ON_ELIGIBLE_RECORD,POTENTIAL_NOT_PRODUCTION_ASSIGNMENT,1,
CAND_77e5bccbc2983157477c,2024/152,NAMED_PERSON_ON_ELIGIBLE_RECORD,POTENTIAL_NOT_PRODUCTION_ASSIGNMENT,1,
CAND_77e6950ed611d31b9b1e,2024/152,NAMED_PERSON_ON_ELIGIBLE_RECORD,POTENTIAL_NOT_PRODUCTION_ASSIGNMENT,1,
CAND_786ff642f98876b0535d,2021/168,NAMED_PERSON_ON_ELIGIBLE_RECORD,POTENTIAL_NOT_PRODUCTION_ASSIGNMENT,2,
CAND_786ff642f98876b0535d,2023/079,NAMED_PERSON_ON_ELIGIBLE_RECORD,POTENTIAL_NOT_PRODUCTION_ASSIGNMENT,2,
CAND_7870479878694f0f6cb7,2025/106,NAMED_PERSON_ON_ELIGIBLE_RECORD,POTENTIAL_NOT_PRODUCTION_ASSIGNMENT,1,
CAND_78947fa71231c43eecef,2023/003,NAMED_PERSON_ON_ELIGIBLE_RECORD,POTENTIAL_NOT_PRODUCTION_ASSIGNMENT,1,
CAND_78bb10168a6798e05e20,2022/109,NAMED_PERSON_ON_ELIGIBLE_RECORD,POTENTIAL_NOT_PRODUCTION_ASSIGNMENT,4,
CAND_78bb10168a6798e05e20,2022/135,NAMED_PERSON_ON_ELIGIBLE_RECORD,POTENTIAL_NOT_PRODUCTION_ASSIGNMENT,4,
CAND_78bb10168a6798e05e20,2023/274,NAMED_PERSON_ON_ELIGIBLE_RECORD,POTENTIAL_NOT_PRODUCTION_ASSIGNMENT,4,
CAND_78bb10168a6798e05e20,2026/016,NAMED_PERSON_ON_ELIGIBLE_RECORD,POTENTIAL_NOT_PRODUCTION_ASSIGNMENT,4,
CAND_78bdc6804ddcdd6a2a4b,2025/061,NAMED_PERSON_ON_ELIGIBLE_RECORD,POTENTIAL_NOT_PRODUCTION_ASSIGNMENT,1,
CAND_78edaebc3c5c7b9fc800,2020/077,NAMED_PERSON_ON_ELIGIBLE_RECORD,POTENTIAL_NOT_PRODUCTION_ASSIGNMENT,1,
CAND_792ca23b9428c018eaef,2020/047,NAMED_PERSON_ON_ELIGIBLE_RECORD,POTENTIAL_NOT_PRODUCTION_ASSIGNMENT,3,
CAND_792ca23b9428c018eaef,2022/191,NAMED_PERSON_ON_ELIGIBLE_RECORD,POTENTIAL_NOT_PRODUCTION_ASSIGNMENT,3,
CAND_792ca23b9428c018eaef,2024/064,NAMED_PERSON_ON_ELIGIBLE_RECORD,POTENTIAL_NOT_PRODUCTION_ASSIGNMENT,3,
CAND_7945a0e9a388b321199c,2020/027,NAMED_PERSON_ON_ELIGIBLE_RECORD,POTENTIAL_NOT_PRODUCTION_ASSIGNMENT,1,
CAND_795a31304c33f1dc6ac0,2025/025,NAMED_PERSON_ON_ELIGIBLE_RECORD,POTENTIAL_NOT_PRODUCTION_ASSIGNMENT,1,
CAND_795e8e545dca6b9275da,2021/003,NAMED_PERSON_ON_ELIGIBLE_RECORD,POTENTIAL_NOT_PRODUCTION_ASSIGNMENT,5,
CAND_795e8e545dca6b9275da,2022/175,NAMED_PERSON_ON_ELIGIBLE_RECORD,POTENTIAL_NOT_PRODUCTION_ASSIGNMENT,5,
CAND_795e8e545dca6b9275da,2023/069,NAMED_PERSON_ON_ELIGIBLE_RECORD,POTENTIAL_NOT_PRODUCTION_ASSIGNMENT,5,
CAND_795e8e545dca6b9275da,2023/070,NAMED_PERSON_ON_ELIGIBLE_RECORD,POTENTIAL_NOT_PRODUCTION_ASSIGNMENT,5,
CAND_795e8e545dca6b9275da,2024/170,NAMED_PERSON_ON_ELIGIBLE_RECORD,POTENTIAL_NOT_PRODUCTION_ASSIGNMENT,5,
CAND_79bdfe91d19afee2a294,2022/023,NAMED_PERSON_ON_ELIGIBLE_RECORD,POTENTIAL_NOT_PRODUCTION_ASSIGNMENT,3,
CAND_79bdfe91d19afee2a294,2022/033,NAMED_PERSON_ON_ELIGIBLE_RECORD,POTENTIAL_NOT_PRODUCTION_ASSIGNMENT,3,
CAND_79bdfe91d19afee2a294,2026/051,NAMED_PERSON_ON_ELIGIBLE_RECORD,POTENTIAL_NOT_PRODUCTION_ASSIGNMENT,3,
CAND_79c3bee075d778dabf48,2020/027,NAMED_PERSON_ON_ELIGIBLE_RECORD,POTENTIAL_NOT_PRODUCTION_ASSIGNMENT,1,
CAND_7a08caac7cb326ece2a8,2020/009,NAMED_PERSON_ON_ELIGIBLE_RECORD,POTENTIAL_NOT_PRODUCTION_ASSIGNMENT,3,
CAND_7a08caac7cb326ece2a8,2021/077,NAMED_PERSON_ON_ELIGIBLE_RECORD,POTENTIAL_NOT_PRODUCTION_ASSIGNMENT,3,
CAND_7a08caac7cb326ece2a8,2026/014,NAMED_PERSON_ON_ELIGIBLE_RECORD,POTENTIAL_NOT_PRODUCTION_ASSIGNMENT,3,
CAND_7a2968a36cfa153771aa,2025/266,NAMED_PERSON_ON_ELIGIBLE_RECORD,POTENTIAL_NOT_PRODUCTION_ASSIGNMENT,1,
CAND_7a40558541ce1366ae08,2021/070,NAMED_PERSON_ON_ELIGIBLE_RECORD,POTENTIAL_NOT_PRODUCTION_ASSIGNMENT,2,
CAND_7a40558541ce1366ae08,2025/101,NAMED_PERSON_ON_ELIGIBLE_RECORD,POTENTIAL_NOT_PRODUCTION_ASSIGNMENT,2,
CAND_7a749649af0ae04133c4,2023/204,NAMED_PERSON_ON_ELIGIBLE_RECORD,POTENTIAL_NOT_PRODUCTION_ASSIGNMENT,2,
CAND_7a749649af0ae04133c4,2026/078,NAMED_PERSON_ON_ELIGIBLE_RECORD,POTENTIAL_NOT_PRODUCTION_ASSIGNMENT,2,
CAND_7a92eb073f52c4909d39,2020/063,NAMED_PERSON_ON_ELIGIBLE_RECORD,POTENTIAL_NOT_PRODUCTION_ASSIGNMENT,1,
CAND_7abb9673798e1a137825,2020/079,NAMED_PERSON_ON_ELIGIBLE_RECORD,POTENTIAL_NOT_PRODUCTION_ASSIGNMENT,1,
CAND_7ad2d386ff6c2bac3e38,2021/121,NAMED_PERSON_ON_ELIGIBLE_RECORD,POTENTIAL_NOT_PRODUCTION_ASSIGNMENT,1,
CAND_7ae2cb169b0f956d4c13,2022/124,NAMED_PERSON_ON_ELIGIBLE_RECORD,POTENTIAL_NOT_PRODUCTION_ASSIGNMENT,1,
CAND_7af65646c8ad26b709f8,2020/027,NAMED_PERSON_ON_ELIGIBLE_RECORD,POTENTIAL_NOT_PRODUCTION_ASSIGNMENT,2,
CAND_7af65646c8ad26b709f8,2020/104,NAMED_PERSON_ON_ELIGIBLE_RECORD,POTENTIAL_NOT_PRODUCTION_ASSIGNMENT,2,
CAND_7b067d14f596a96e5fad,2023/053,NAMED_PERSON_ON_ELIGIBLE_RECORD,POTENTIAL_NOT_PRODUCTION_ASSIGNMENT,1,
CAND_7b270e26fa141c5c7caa,2022/071,NAMED_PERSON_ON_ELIGIBLE_RECORD,POTENTIAL_NOT_PRODUCTION_ASSIGNMENT,2,
CAND_7b270e26fa141c5c7caa,2025/132,NAMED_PERSON_ON_ELIGIBLE_RECORD,POTENTIAL_NOT_PRODUCTION_ASSIGNMENT,2,
CAND_7b37885c560a264cafdc,2026/030,NAMED_PERSON_ON_ELIGIBLE_RECORD,POTENTIAL_NOT_PRODUCTION_ASSIGNMENT,1,
CAND_7b43e52f6ea13f2d0043,2025/029,NAMED_PERSON_ON_ELIGIBLE_RECORD,POTENTIAL_NOT_PRODUCTION_ASSIGNMENT,1,
CAND_7b5f19a2b88b42b4156e,2024/201,NAMED_PERSON_ON_ELIGIBLE_RECORD,POTENTIAL_NOT_PRODUCTION_ASSIGNMENT,1,
CAND_7b6e24782770192406f6,2024/152,NAMED_PERSON_ON_ELIGIBLE_RECORD,POTENTIAL_NOT_PRODUCTION_ASSIGNMENT,1,
CAND_7b7b005d9d3325e5e2a6,2025/215,NAMED_PERSON_ON_ELIGIBLE_RECORD,POTENTIAL_NOT_PRODUCTION_ASSIGNMENT,1,
CAND_7b85355b66061c259511,2023/231,NAMED_PERSON_ON_ELIGIBLE_RECORD,POTENTIAL_NOT_PRODUCTION_ASSIGNMENT,2,
CAND_7b85355b66061c259511,2024/186,NAMED_PERSON_ON_ELIGIBLE_RECORD,POTENTIAL_NOT_PRODUCTION_ASSIGNMENT,2,
CAND_7b9057e9241b126e0cc5,2024/232,NAMED_PERSON_ON_ELIGIBLE_RECORD,POTENTIAL_NOT_PRODUCTION_ASSIGNMENT,1,
CAND_7bb0a83fff3019c20cfd,2025/174,NAMED_PERSON_ON_ELIGIBLE_RECORD,POTENTIAL_NOT_PRODUCTION_ASSIGNMENT,1,
CAND_7bde15172b73c255c3e0,2024/046,NAMED_PERSON_ON_ELIGIBLE_RECORD,POTENTIAL_NOT_PRODUCTION_ASSIGNMENT,1,
CAND_7bedeae240a3b1bfda5c,2022/178,NAMED_PERSON_ON_ELIGIBLE_RECORD,POTENTIAL_NOT_PRODUCTION_ASSIGNMENT,1,
CAND_7c0bd07ed902b023039f,2024/045,NAMED_PERSON_ON_ELIGIBLE_RECORD,POTENTIAL_NOT_PRODUCTION_ASSIGNMENT,1,
CAND_7c5c83e98b593dc18714,2024/055,NAMED_PERSON_ON_ELIGIBLE_RECORD,POTENTIAL_NOT_PRODUCTION_ASSIGNMENT,2,
CAND_7c5c83e98b593dc18714,2024/143,NAMED_PERSON_ON_ELIGIBLE_RECORD,POTENTIAL_NOT_PRODUCTION_ASSIGNMENT,2,
CAND_7cf082549fe465e4b1c3,2024/034,NAMED_PERSON_ON_ELIGIBLE_RECORD,POTENTIAL_NOT_PRODUCTION_ASSIGNMENT,2,
CAND_7cf082549fe465e4b1c3,2024/072,NAMED_PERSON_ON_ELIGIBLE_RECORD,POTENTIAL_NOT_PRODUCTION_ASSIGNMENT,2,
CAND_7cf1899d7f40b8a9a38c,2023/056,NAMED_PERSON_ON_ELIGIBLE_RECORD,POTENTIAL_NOT_PRODUCTION_ASSIGNMENT,1,
CAND_7d3915ca5059132a5cef,2022/172,NAMED_PERSON_ON_ELIGIBLE_RECORD,POTENTIAL_NOT_PRODUCTION_ASSIGNMENT,3,
CAND_7d3915ca5059132a5cef,2024/184,NAMED_PERSON_ON_ELIGIBLE_RECORD,POTENTIAL_NOT_PRODUCTION_ASSIGNMENT,3,
CAND_7d3915ca5059132a5cef,2026/081,NAMED_PERSON_ON_ELIGIBLE_RECORD,POTENTIAL_NOT_PRODUCTION_ASSIGNMENT,3,
CAND_7d39a0c77bbb0c98d37f,2026/049,NAMED_PERSON_ON_ELIGIBLE_RECORD,POTENTIAL_NOT_PRODUCTION_ASSIGNMENT,1,
CAND_7d68cfbac2ebda378290,2024/208,NAMED_PERSON_ON_ELIGIBLE_RECORD,POTENTIAL_NOT_PRODUCTION_ASSIGNMENT,1,
CAND_7d87dd0e405cce91a4cb,2023/228,NAMED_PERSON_ON_ELIGIBLE_RECORD,POTENTIAL_NOT_PRODUCTION_ASSIGNMENT,1,
CAND_7d8cbb3120715e764370,2020/104,NAMED_PERSON_ON_ELIGIBLE_RECORD,POTENTIAL_NOT_PRODUCTION_ASSIGNMENT,1,
CAND_7d91946a2cf022084e3d,2024/150,NAMED_PERSON_ON_ELIGIBLE_RECORD,POTENTIAL_NOT_PRODUCTION_ASSIGNMENT,1,
CAND_7dc897c3b021c8e3cfb0,2025/068,NAMED_PERSON_ON_ELIGIBLE_RECORD,POTENTIAL_NOT_PRODUCTION_ASSIGNMENT,1,
CAND_7dd791da17b9eefbc35b,2022/168,NAMED_PERSON_ON_ELIGIBLE_RECORD,POTENTIAL_NOT_PRODUCTION_ASSIGNMENT,1,
CAND_7ddd9a4a6bc51b59df9f,2024/072,NAMED_PERSON_ON_ELIGIBLE_RECORD,POTENTIAL_NOT_PRODUCTION_ASSIGNMENT,1,
CAND_7de8a60e8c980221ced0,2024/006,NAMED_PERSON_ON_ELIGIBLE_RECORD,POTENTIAL_NOT_PRODUCTION_ASSIGNMENT,1,
CAND_7dfdd51494c272849286,2022/113,NAMED_PERSON_ON_ELIGIBLE_RECORD,POTENTIAL_NOT_PRODUCTION_ASSIGNMENT,2,
CAND_7dfdd51494c272849286,2022/145,NAMED_PERSON_ON_ELIGIBLE_RECORD,POTENTIAL_NOT_PRODUCTION_ASSIGNMENT,2,
CAND_7e0850e1f8b611c7c993,2026/035,NAMED_PERSON_ON_ELIGIBLE_RECORD,POTENTIAL_NOT_PRODUCTION_ASSIGNMENT,1,
CAND_7e0ea0a5a4c9acafb56b,2022/083,NAMED_PERSON_ON_ELIGIBLE_RECORD,POTENTIAL_NOT_PRODUCTION_ASSIGNMENT,1,
CAND_7e392491d89bc37bcd91,2024/094,NAMED_PERSON_ON_ELIGIBLE_RECORD,POTENTIAL_NOT_PRODUCTION_ASSIGNMENT,1,
CAND_7e4bf27f161efe1d1e97,2023/231,NAMED_PERSON_ON_ELIGIBLE_RECORD,POTENTIAL_NOT_PRODUCTION_ASSIGNMENT,1,
CAND_7e535504952abaa9fee8,2021/155,NAMED_PERSON_ON_ELIGIBLE_RECORD,POTENTIAL_NOT_PRODUCTION_ASSIGNMENT,1,
CAND_7e87681eca41771b97cc,2020/027,NAMED_PERSON_ON_ELIGIBLE_RECORD,POTENTIAL_NOT_PRODUCTION_ASSIGNMENT,1,
CAND_7e8cb400eef3538b75b1,2023/067,NAMED_PERSON_ON_ELIGIBLE_RECORD,POTENTIAL_NOT_PRODUCTION_ASSIGNMENT,2,
CAND_7e8cb400eef3538b75b1,2024/205,NAMED_PERSON_ON_ELIGIBLE_RECORD,POTENTIAL_NOT_PRODUCTION_ASSIGNMENT,2,
CAND_7eada63a002daff8c75c,2020/027,NAMED_PERSON_ON_ELIGIBLE_RECORD,POTENTIAL_NOT_PRODUCTION_ASSIGNMENT,1,
CAND_7ec3e6489cbe25316c21,2024/063,NAMED_PERSON_ON_ELIGIBLE_RECORD,POTENTIAL_NOT_PRODUCTION_ASSIGNMENT,1,
CAND_7ed06b8e58ddc2425281,2024/067,NAMED_PERSON_ON_ELIGIBLE_RECORD,POTENTIAL_NOT_PRODUCTION_ASSIGNMENT,1,
CAND_7f210ec1b0239749ea34,2024/126,NAMED_PERSON_ON_ELIGIBLE_RECORD,POTENTIAL_NOT_PRODUCTION_ASSIGNMENT,1,
CAND_7f39497fbe2879f76de9,2022/102,NAMED_PERSON_ON_ELIGIBLE_RECORD,POTENTIAL_NOT_PRODUCTION_ASSIGNMENT,1,
CAND_7fc1f7f12dcd742d0d40,2023/022,NAMED_PERSON_ON_ELIGIBLE_RECORD,POTENTIAL_NOT_PRODUCTION_ASSIGNMENT,2,
CAND_7fc1f7f12dcd742d0d40,2023/023,NAMED_PERSON_ON_ELIGIBLE_RECORD,POTENTIAL_NOT_PRODUCTION_ASSIGNMENT,2,
CAND_8001f13c36de0fab7db0,2020/027,NAMED_PERSON_ON_ELIGIBLE_RECORD,POTENTIAL_NOT_PRODUCTION_ASSIGNMENT,1,
CAND_80198e507c12dc46f9d8,2024/003,NAMED_PERSON_ON_ELIGIBLE_RECORD,POTENTIAL_NOT_PRODUCTION_ASSIGNMENT,1,
CAND_80389f965b92d412025d,2020/027,NAMED_PERSON_ON_ELIGIBLE_RECORD,POTENTIAL_NOT_PRODUCTION_ASSIGNMENT,1,
CAND_804c50a974a77cd84447,2020/054,NAMED_PERSON_ON_ELIGIBLE_RECORD,POTENTIAL_NOT_PRODUCTION_ASSIGNMENT,1,
CAND_805c48ef5ee3825bea29,2024/015,NAMED_PERSON_ON_ELIGIBLE_RECORD,POTENTIAL_NOT_PRODUCTION_ASSIGNMENT,1,
CAND_80a0433d0269d0d5d041,2020/004,NAMED_PERSON_ON_ELIGIBLE_RECORD,POTENTIAL_NOT_PRODUCTION_ASSIGNMENT,1,
CAND_80c0e34bc74583128225,2024/138,NAMED_PERSON_ON_ELIGIBLE_RECORD,POTENTIAL_NOT_PRODUCTION_ASSIGNMENT,1,
CAND_80c613a57cba45c05ad9,2021/137,NAMED_PERSON_ON_ELIGIBLE_RECORD,POTENTIAL_NOT_PRODUCTION_ASSIGNMENT,3,
CAND_80c613a57cba45c05ad9,2023/242,NAMED_PERSON_ON_ELIGIBLE_RECORD,POTENTIAL_NOT_PRODUCTION_ASSIGNMENT,3,
CAND_80c613a57cba45c05ad9,2024/083,NAMED_PERSON_ON_ELIGIBLE_RECORD,POTENTIAL_NOT_PRODUCTION_ASSIGNMENT,3,
CAND_80ce4f253afd48c50d06,2022/058,NAMED_PERSON_ON_ELIGIBLE_RECORD,POTENTIAL_NOT_PRODUCTION_ASSIGNMENT,1,
CAND_81301c1d26d8ccfd461b,2020/027,NAMED_PERSON_ON_ELIGIBLE_RECORD,POTENTIAL_NOT_PRODUCTION_ASSIGNMENT,2,
CAND_81301c1d26d8ccfd461b,2023/228,NAMED_PERSON_ON_ELIGIBLE_RECORD,POTENTIAL_NOT_PRODUCTION_ASSIGNMENT,2,
CAND_8146de0af832db1da280,2023/001,NAMED_PERSON_ON_ELIGIBLE_RECORD,POTENTIAL_NOT_PRODUCTION_ASSIGNMENT,1,
CAND_8159a81b04eea0fa24ba,2022/117,NAMED_PERSON_ON_ELIGIBLE_RECORD,POTENTIAL_NOT_PRODUCTION_ASSIGNMENT,1,
CAND_815f366da950c981f4d3,2025/012,NAMED_PERSON_ON_ELIGIBLE_RECORD,POTENTIAL_NOT_PRODUCTION_ASSIGNMENT,2,
CAND_815f366da950c981f4d3,2025/089,NAMED_PERSON_ON_ELIGIBLE_RECORD,POTENTIAL_NOT_PRODUCTION_ASSIGNMENT,2,
CAND_81722cd264341711a2f1,2025/239,NAMED_PERSON_ON_ELIGIBLE_RECORD,POTENTIAL_NOT_PRODUCTION_ASSIGNMENT,1,
CAND_81756fe7ecb7c6ef6298,2025/199,NAMED_PERSON_ON_ELIGIBLE_RECORD,POTENTIAL_NOT_PRODUCTION_ASSIGNMENT,1,
CAND_8188049afa60ec956ebe,2022/017,NAMED_PERSON_ON_ELIGIBLE_RECORD,POTENTIAL_NOT_PRODUCTION_ASSIGNMENT,2,
CAND_8188049afa60ec956ebe,2022/081,NAMED_PERSON_ON_ELIGIBLE_RECORD,POTENTIAL_NOT_PRODUCTION_ASSIGNMENT,2,
CAND_81b432c55efcdc041e9d,2021/012,NAMED_PERSON_ON_ELIGIBLE_RECORD,POTENTIAL_NOT_PRODUCTION_ASSIGNMENT,1,
CAND_81b9fb92691022975ec2,2024/091,NAMED_PERSON_ON_ELIGIBLE_RECORD,POTENTIAL_NOT_PRODUCTION_ASSIGNMENT,1,
CAND_81cf65191cd771c54216,2023/016,NAMED_PERSON_ON_ELIGIBLE_RECORD,POTENTIAL_NOT_PRODUCTION_ASSIGNMENT,1,
CAND_8208cda6a9389ac30dc6,2025/224,NAMED_PERSON_ON_ELIGIBLE_RECORD,POTENTIAL_NOT_PRODUCTION_ASSIGNMENT,1,
CAND_820d80003be4779a0028,2020/094,NAMED_PERSON_ON_ELIGIBLE_RECORD,POTENTIAL_NOT_PRODUCTION_ASSIGNMENT,1,
CAND_8214eb39ae3c0f43c4bc,2021/178,NAMED_PERSON_ON_ELIGIBLE_RECORD,POTENTIAL_NOT_PRODUCTION_ASSIGNMENT,1,
CAND_8221bc5f4346215256be,2020/047,NAMED_PERSON_ON_ELIGIBLE_RECORD,POTENTIAL_NOT_PRODUCTION_ASSIGNMENT,1,
CAND_82278739570cbf251447,2020/115,NAMED_PERSON_ON_ELIGIBLE_RECORD,POTENTIAL_NOT_PRODUCTION_ASSIGNMENT,1,
CAND_82288b823d12281ed145,2021/076,NAMED_PERSON_ON_ELIGIBLE_RECORD,POTENTIAL_NOT_PRODUCTION_ASSIGNMENT,1,
CAND_8262902a5f08b692f252,2024/095/b,NAMED_PERSON_ON_ELIGIBLE_RECORD,POTENTIAL_NOT_PRODUCTION_ASSIGNMENT,1,
CAND_8267784fecd5ede364d9,2020/104,NAMED_PERSON_ON_ELIGIBLE_RECORD,POTENTIAL_NOT_PRODUCTION_ASSIGNMENT,1,
CAND_8276ec42944546dcb8c9,2025/057,NAMED_PERSON_ON_ELIGIBLE_RECORD,POTENTIAL_NOT_PRODUCTION_ASSIGNMENT,4,
CAND_8276ec42944546dcb8c9,2025/108,NAMED_PERSON_ON_ELIGIBLE_RECORD,POTENTIAL_NOT_PRODUCTION_ASSIGNMENT,4,
CAND_8276ec42944546dcb8c9,2026/015,NAMED_PERSON_ON_ELIGIBLE_RECORD,POTENTIAL_NOT_PRODUCTION_ASSIGNMENT,4,
CAND_8276ec42944546dcb8c9,2026/050,NAMED_PERSON_ON_ELIGIBLE_RECORD,POTENTIAL_NOT_PRODUCTION_ASSIGNMENT,4,
CAND_82796ad89d38ec5b0b4d,2023/030,NAMED_PERSON_ON_ELIGIBLE_RECORD,POTENTIAL_NOT_PRODUCTION_ASSIGNMENT,1,
CAND_827b5e8d9f327169fdc9,2021/019,NAMED_PERSON_ON_ELIGIBLE_RECORD,POTENTIAL_NOT_PRODUCTION_ASSIGNMENT,3,
CAND_827b5e8d9f327169fdc9,2024/185,NAMED_PERSON_ON_ELIGIBLE_RECORD,POTENTIAL_NOT_PRODUCTION_ASSIGNMENT,3,
CAND_827b5e8d9f327169fdc9,2025/028,NAMED_PERSON_ON_ELIGIBLE_RECORD,POTENTIAL_NOT_PRODUCTION_ASSIGNMENT,3,
CAND_8280303d2552781cd457,2021/078,NAMED_PERSON_ON_ELIGIBLE_RECORD,POTENTIAL_NOT_PRODUCTION_ASSIGNMENT,1,
CAND_828b79423801bef67531,2019/023,NAMED_PERSON_ON_ELIGIBLE_RECORD,POTENTIAL_NOT_PRODUCTION_ASSIGNMENT,1,
CAND_82c1be94794a3ed061b4,2021/092,NAMED_PERSON_ON_ELIGIBLE_RECORD,POTENTIAL_NOT_PRODUCTION_ASSIGNMENT,4,
CAND_82c1be94794a3ed061b4,2021/156,NAMED_PERSON_ON_ELIGIBLE_RECORD,POTENTIAL_NOT_PRODUCTION_ASSIGNMENT,4,
CAND_82c1be94794a3ed061b4,2021/165,NAMED_PERSON_ON_ELIGIBLE_RECORD,POTENTIAL_NOT_PRODUCTION_ASSIGNMENT,4,
CAND_82c1be94794a3ed061b4,2022/145,NAMED_PERSON_ON_ELIGIBLE_RECORD,POTENTIAL_NOT_PRODUCTION_ASSIGNMENT,4,
CAND_831ffd211f17b703f5af,2024/032,NAMED_PERSON_ON_ELIGIBLE_RECORD,POTENTIAL_NOT_PRODUCTION_ASSIGNMENT,1,
CAND_83b9f7949c790606b0c3,2025/054,NAMED_PERSON_ON_ELIGIBLE_RECORD,POTENTIAL_NOT_PRODUCTION_ASSIGNMENT,1,
CAND_83ca05fba71794c112f2,2024/098,NAMED_PERSON_ON_ELIGIBLE_RECORD,POTENTIAL_NOT_PRODUCTION_ASSIGNMENT,1,
CAND_83ca90913b53f68a0cdf,2020/118,NAMED_PERSON_ON_ELIGIBLE_RECORD,POTENTIAL_NOT_PRODUCTION_ASSIGNMENT,20,HIGH_COUNT_GE_10
CAND_83ca90913b53f68a0cdf,2020/127,NAMED_PERSON_ON_ELIGIBLE_RECORD,POTENTIAL_NOT_PRODUCTION_ASSIGNMENT,20,HIGH_COUNT_GE_10
CAND_83ca90913b53f68a0cdf,2020/128,NAMED_PERSON_ON_ELIGIBLE_RECORD,POTENTIAL_NOT_PRODUCTION_ASSIGNMENT,20,HIGH_COUNT_GE_10
CAND_83ca90913b53f68a0cdf,2020/129,NAMED_PERSON_ON_ELIGIBLE_RECORD,POTENTIAL_NOT_PRODUCTION_ASSIGNMENT,20,HIGH_COUNT_GE_10
CAND_83ca90913b53f68a0cdf,2021/025,NAMED_PERSON_ON_ELIGIBLE_RECORD,POTENTIAL_NOT_PRODUCTION_ASSIGNMENT,20,HIGH_COUNT_GE_10
CAND_83ca90913b53f68a0cdf,2022/030,NAMED_PERSON_ON_ELIGIBLE_RECORD,POTENTIAL_NOT_PRODUCTION_ASSIGNMENT,20,HIGH_COUNT_GE_10
CAND_83ca90913b53f68a0cdf,2022/038,NAMED_PERSON_ON_ELIGIBLE_RECORD,POTENTIAL_NOT_PRODUCTION_ASSIGNMENT,20,HIGH_COUNT_GE_10
CAND_83ca90913b53f68a0cdf,2022/057,NAMED_PERSON_ON_ELIGIBLE_RECORD,POTENTIAL_NOT_PRODUCTION_ASSIGNMENT,20,HIGH_COUNT_GE_10
CAND_83ca90913b53f68a0cdf,2022/111,NAMED_PERSON_ON_ELIGIBLE_RECORD,POTENTIAL_NOT_PRODUCTION_ASSIGNMENT,20,HIGH_COUNT_GE_10
CAND_83ca90913b53f68a0cdf,2023/004,NAMED_PERSON_ON_ELIGIBLE_RECORD,POTENTIAL_NOT_PRODUCTION_ASSIGNMENT,20,HIGH_COUNT_GE_10
CAND_83ca90913b53f68a0cdf,2024/061,NAMED_PERSON_ON_ELIGIBLE_RECORD,POTENTIAL_NOT_PRODUCTION_ASSIGNMENT,20,HIGH_COUNT_GE_10
CAND_83ca90913b53f68a0cdf,2024/095/b,NAMED_PERSON_ON_ELIGIBLE_RECORD,POTENTIAL_NOT_PRODUCTION_ASSIGNMENT,20,HIGH_COUNT_GE_10
CAND_83ca90913b53f68a0cdf,2024/208,NAMED_PERSON_ON_ELIGIBLE_RECORD,POTENTIAL_NOT_PRODUCTION_ASSIGNMENT,20,HIGH_COUNT_GE_10
CAND_83ca90913b53f68a0cdf,2025/152,NAMED_PERSON_ON_ELIGIBLE_RECORD,POTENTIAL_NOT_PRODUCTION_ASSIGNMENT,20,HIGH_COUNT_GE_10
CAND_83ca90913b53f68a0cdf,2025/183,NAMED_PERSON_ON_ELIGIBLE_RECORD,POTENTIAL_NOT_PRODUCTION_ASSIGNMENT,20,HIGH_COUNT_GE_10
CAND_83ca90913b53f68a0cdf,2025/188,NAMED_PERSON_ON_ELIGIBLE_RECORD,POTENTIAL_NOT_PRODUCTION_ASSIGNMENT,20,HIGH_COUNT_GE_10
CAND_83ca90913b53f68a0cdf,2025/200,NAMED_PERSON_ON_ELIGIBLE_RECORD,POTENTIAL_NOT_PRODUCTION_ASSIGNMENT,20,HIGH_COUNT_GE_10
CAND_83ca90913b53f68a0cdf,2025/224,NAMED_PERSON_ON_ELIGIBLE_RECORD,POTENTIAL_NOT_PRODUCTION_ASSIGNMENT,20,HIGH_COUNT_GE_10
CAND_83ca90913b53f68a0cdf,2025/237,NAMED_PERSON_ON_ELIGIBLE_RECORD,POTENTIAL_NOT_PRODUCTION_ASSIGNMENT,20,HIGH_COUNT_GE_10
CAND_83ca90913b53f68a0cdf,2026/007,NAMED_PERSON_ON_ELIGIBLE_RECORD,POTENTIAL_NOT_PRODUCTION_ASSIGNMENT,20,HIGH_COUNT_GE_10
CAND_83e08c9834755ea38e9e,2023/273,NAMED_PERSON_ON_ELIGIBLE_RECORD,POTENTIAL_NOT_PRODUCTION_ASSIGNMENT,1,
CAND_83fc09b3baff91de2bdf,2023/263,NAMED_PERSON_ON_ELIGIBLE_RECORD,POTENTIAL_NOT_PRODUCTION_ASSIGNMENT,1,
CAND_84079d86a6d6a2014fa9,2020/013,NAMED_PERSON_ON_ELIGIBLE_RECORD,POTENTIAL_NOT_PRODUCTION_ASSIGNMENT,1,
CAND_84304024c431cef1f152,2021/016,NAMED_PERSON_ON_ELIGIBLE_RECORD,POTENTIAL_NOT_PRODUCTION_ASSIGNMENT,2,
CAND_84304024c431cef1f152,2023/053,NAMED_PERSON_ON_ELIGIBLE_RECORD,POTENTIAL_NOT_PRODUCTION_ASSIGNMENT,2,
CAND_8452935811321cfc1cb0,2023/007,NAMED_PERSON_ON_ELIGIBLE_RECORD,POTENTIAL_NOT_PRODUCTION_ASSIGNMENT,2,
CAND_8452935811321cfc1cb0,2025/257,NAMED_PERSON_ON_ELIGIBLE_RECORD,POTENTIAL_NOT_PRODUCTION_ASSIGNMENT,2,
CAND_846403d187b55121ca20,2023/297,NAMED_PERSON_ON_ELIGIBLE_RECORD,POTENTIAL_NOT_PRODUCTION_ASSIGNMENT,2,
CAND_846403d187b55121ca20,2025/136,NAMED_PERSON_ON_ELIGIBLE_RECORD,POTENTIAL_NOT_PRODUCTION_ASSIGNMENT,2,
CAND_8475798f9d413897e625,2024/182,NAMED_PERSON_ON_ELIGIBLE_RECORD,POTENTIAL_NOT_PRODUCTION_ASSIGNMENT,1,
CAND_8479e3cb5f0fa9d7e307,2020/109,NAMED_PERSON_ON_ELIGIBLE_RECORD,POTENTIAL_NOT_PRODUCTION_ASSIGNMENT,3,
CAND_8479e3cb5f0fa9d7e307,2021/004,NAMED_PERSON_ON_ELIGIBLE_RECORD,POTENTIAL_NOT_PRODUCTION_ASSIGNMENT,3,
CAND_8479e3cb5f0fa9d7e307,2022/137,NAMED_PERSON_ON_ELIGIBLE_RECORD,POTENTIAL_NOT_PRODUCTION_ASSIGNMENT,3,
CAND_84900cfca491f4267ba4,2020/027,NAMED_PERSON_ON_ELIGIBLE_RECORD,POTENTIAL_NOT_PRODUCTION_ASSIGNMENT,1,
CAND_84994cbb785c548f65a9,2022/030,NAMED_PERSON_ON_ELIGIBLE_RECORD,POTENTIAL_NOT_PRODUCTION_ASSIGNMENT,1,
CAND_849a0fc973fdb5f7b82b,2020/073,NAMED_PERSON_ON_ELIGIBLE_RECORD,POTENTIAL_NOT_PRODUCTION_ASSIGNMENT,2,
CAND_849a0fc973fdb5f7b82b,2021/061,NAMED_PERSON_ON_ELIGIBLE_RECORD,POTENTIAL_NOT_PRODUCTION_ASSIGNMENT,2,
CAND_84a078235548bd95d752,2021/085,NAMED_PERSON_ON_ELIGIBLE_RECORD,POTENTIAL_NOT_PRODUCTION_ASSIGNMENT,1,
CAND_84a29973c52a2b2d404e,2022/110,NAMED_PERSON_ON_ELIGIBLE_RECORD,POTENTIAL_NOT_PRODUCTION_ASSIGNMENT,2,
CAND_84a29973c52a2b2d404e,2024/119,NAMED_PERSON_ON_ELIGIBLE_RECORD,POTENTIAL_NOT_PRODUCTION_ASSIGNMENT,2,
CAND_84bc61f372c88d6cac7f,2026/050,NAMED_PERSON_ON_ELIGIBLE_RECORD,POTENTIAL_NOT_PRODUCTION_ASSIGNMENT,1,
CAND_84c2415d33f5dbd33c73,2025/217,NAMED_PERSON_ON_ELIGIBLE_RECORD,POTENTIAL_NOT_PRODUCTION_ASSIGNMENT,1,
CAND_84d5dfe01c30316e023b,2022/070,NAMED_PERSON_ON_ELIGIBLE_RECORD,POTENTIAL_NOT_PRODUCTION_ASSIGNMENT,1,
CAND_84eee9983ecd9f965f66,2025/076,NAMED_PERSON_ON_ELIGIBLE_RECORD,POTENTIAL_NOT_PRODUCTION_ASSIGNMENT,1,
CAND_84f60a07713bc41ec2f7,2020/087,NAMED_PERSON_ON_ELIGIBLE_RECORD,POTENTIAL_NOT_PRODUCTION_ASSIGNMENT,1,
CAND_8551be308217916c85b9,2022/065,NAMED_PERSON_ON_ELIGIBLE_RECORD,POTENTIAL_NOT_PRODUCTION_ASSIGNMENT,2,
CAND_8551be308217916c85b9,2022/107,NAMED_PERSON_ON_ELIGIBLE_RECORD,POTENTIAL_NOT_PRODUCTION_ASSIGNMENT,2,
CAND_8557e606397061ad2096,2020/027,NAMED_PERSON_ON_ELIGIBLE_RECORD,POTENTIAL_NOT_PRODUCTION_ASSIGNMENT,1,
CAND_85723c80f890cf3296a4,2024/079,NAMED_PERSON_ON_ELIGIBLE_RECORD,POTENTIAL_NOT_PRODUCTION_ASSIGNMENT,1,
CAND_8576add3b21302c49014,2024/096,NAMED_PERSON_ON_ELIGIBLE_RECORD,POTENTIAL_NOT_PRODUCTION_ASSIGNMENT,1,
CAND_857f0579f0ef347ddee2,2022/139,NAMED_PERSON_ON_ELIGIBLE_RECORD,POTENTIAL_NOT_PRODUCTION_ASSIGNMENT,1,
CAND_8583c0dfcbcaead0d0b7,2022/059,NAMED_PERSON_ON_ELIGIBLE_RECORD,POTENTIAL_NOT_PRODUCTION_ASSIGNMENT,1,
CAND_859e3fe0a618c62bdeaa,2020/047,NAMED_PERSON_ON_ELIGIBLE_RECORD,POTENTIAL_NOT_PRODUCTION_ASSIGNMENT,2,
CAND_859e3fe0a618c62bdeaa,2024/095/b,NAMED_PERSON_ON_ELIGIBLE_RECORD,POTENTIAL_NOT_PRODUCTION_ASSIGNMENT,2,
CAND_85b0237ea36ea8f5e18e,2025/060,NAMED_PERSON_ON_ELIGIBLE_RECORD,POTENTIAL_NOT_PRODUCTION_ASSIGNMENT,1,
CAND_85ce46161d6671f53422,2020/107,NAMED_PERSON_ON_ELIGIBLE_RECORD,POTENTIAL_NOT_PRODUCTION_ASSIGNMENT,1,
CAND_85d8167660c0855d41db,2020/047,NAMED_PERSON_ON_ELIGIBLE_RECORD,POTENTIAL_NOT_PRODUCTION_ASSIGNMENT,1,
CAND_85ec89577df4ae4720ed,2020/118,NAMED_PERSON_ON_ELIGIBLE_RECORD,POTENTIAL_NOT_PRODUCTION_ASSIGNMENT,5,
CAND_85ec89577df4ae4720ed,2022/030,NAMED_PERSON_ON_ELIGIBLE_RECORD,POTENTIAL_NOT_PRODUCTION_ASSIGNMENT,5,
CAND_85ec89577df4ae4720ed,2023/162,NAMED_PERSON_ON_ELIGIBLE_RECORD,POTENTIAL_NOT_PRODUCTION_ASSIGNMENT,5,
CAND_85ec89577df4ae4720ed,2023/166,NAMED_PERSON_ON_ELIGIBLE_RECORD,POTENTIAL_NOT_PRODUCTION_ASSIGNMENT,5,
CAND_85ec89577df4ae4720ed,2024/088,NAMED_PERSON_ON_ELIGIBLE_RECORD,POTENTIAL_NOT_PRODUCTION_ASSIGNMENT,5,
CAND_8613f810efa0146625eb,2025/010,NAMED_PERSON_ON_ELIGIBLE_RECORD,POTENTIAL_NOT_PRODUCTION_ASSIGNMENT,1,
CAND_861dbdf56e2ca505bb98,2022/048,NAMED_PERSON_ON_ELIGIBLE_RECORD,POTENTIAL_NOT_PRODUCTION_ASSIGNMENT,4,
CAND_861dbdf56e2ca505bb98,2025/013,NAMED_PERSON_ON_ELIGIBLE_RECORD,POTENTIAL_NOT_PRODUCTION_ASSIGNMENT,4,
CAND_861dbdf56e2ca505bb98,2025/017,NAMED_PERSON_ON_ELIGIBLE_RECORD,POTENTIAL_NOT_PRODUCTION_ASSIGNMENT,4,
CAND_861dbdf56e2ca505bb98,2025/064,NAMED_PERSON_ON_ELIGIBLE_RECORD,POTENTIAL_NOT_PRODUCTION_ASSIGNMENT,4,
CAND_8631def412b03350a33f,2019/016,NAMED_PERSON_ON_ELIGIBLE_RECORD,POTENTIAL_NOT_PRODUCTION_ASSIGNMENT,1,
CAND_8641c4762fcef5e7c21d,2024/021,NAMED_PERSON_ON_ELIGIBLE_RECORD,POTENTIAL_NOT_PRODUCTION_ASSIGNMENT,1,
CAND_8648edcba16bdc96f046,2021/076,NAMED_PERSON_ON_ELIGIBLE_RECORD,POTENTIAL_NOT_PRODUCTION_ASSIGNMENT,2,
CAND_8648edcba16bdc96f046,2023/034,NAMED_PERSON_ON_ELIGIBLE_RECORD,POTENTIAL_NOT_PRODUCTION_ASSIGNMENT,2,
CAND_8663b4efaa7fc809134c,2024/178,NAMED_PERSON_ON_ELIGIBLE_RECORD,POTENTIAL_NOT_PRODUCTION_ASSIGNMENT,1,
CAND_8669948b5665afaec057,2021/012,NAMED_PERSON_ON_ELIGIBLE_RECORD,POTENTIAL_NOT_PRODUCTION_ASSIGNMENT,1,
CAND_866d4c122ace2c30e85a,2022/027,NAMED_PERSON_ON_ELIGIBLE_RECORD,POTENTIAL_NOT_PRODUCTION_ASSIGNMENT,2,
CAND_866d4c122ace2c30e85a,2022/137,NAMED_PERSON_ON_ELIGIBLE_RECORD,POTENTIAL_NOT_PRODUCTION_ASSIGNMENT,2,
CAND_868f5356529c1ca4e58f,2020/027,NAMED_PERSON_ON_ELIGIBLE_RECORD,POTENTIAL_NOT_PRODUCTION_ASSIGNMENT,1,
CAND_86906bce010a2d41304a,2019/018,NAMED_PERSON_ON_ELIGIBLE_RECORD,POTENTIAL_NOT_PRODUCTION_ASSIGNMENT,2,
CAND_86906bce010a2d41304a,2022/106,NAMED_PERSON_ON_ELIGIBLE_RECORD,POTENTIAL_NOT_PRODUCTION_ASSIGNMENT,2,
CAND_86c0a88eeda90c9b3de4,2023/296,NAMED_PERSON_ON_ELIGIBLE_RECORD,POTENTIAL_NOT_PRODUCTION_ASSIGNMENT,1,
CAND_86d5d4fec253faae6ec0,2023/007,NAMED_PERSON_ON_ELIGIBLE_RECORD,POTENTIAL_NOT_PRODUCTION_ASSIGNMENT,1,
CAND_8728418f8d7e6c51f3c1,2020/080,NAMED_PERSON_ON_ELIGIBLE_RECORD,POTENTIAL_NOT_PRODUCTION_ASSIGNMENT,3,
CAND_8728418f8d7e6c51f3c1,2021/131,NAMED_PERSON_ON_ELIGIBLE_RECORD,POTENTIAL_NOT_PRODUCTION_ASSIGNMENT,3,
CAND_8728418f8d7e6c51f3c1,2021/154,NAMED_PERSON_ON_ELIGIBLE_RECORD,POTENTIAL_NOT_PRODUCTION_ASSIGNMENT,3,
CAND_8761417ad8359e061b8f,2026/057,NAMED_PERSON_ON_ELIGIBLE_RECORD,POTENTIAL_NOT_PRODUCTION_ASSIGNMENT,1,
CAND_8769288eb776c54f7071,2021/149,NAMED_PERSON_ON_ELIGIBLE_RECORD,POTENTIAL_NOT_PRODUCTION_ASSIGNMENT,1,
CAND_8771c4bb786a2b8cbd9c,2021/160,NAMED_PERSON_ON_ELIGIBLE_RECORD,POTENTIAL_NOT_PRODUCTION_ASSIGNMENT,1,
CAND_879839d557f8e6002d69,2021/013,NAMED_PERSON_ON_ELIGIBLE_RECORD,POTENTIAL_NOT_PRODUCTION_ASSIGNMENT,1,
CAND_87aa7356de97080cc3ca,2024/110,NAMED_PERSON_ON_ELIGIBLE_RECORD,POTENTIAL_NOT_PRODUCTION_ASSIGNMENT,1,
CAND_87be249a6e00076b17ea,2024/003,NAMED_PERSON_ON_ELIGIBLE_RECORD,POTENTIAL_NOT_PRODUCTION_ASSIGNMENT,1,
CAND_87c4610a617a3b9534cd,2025/185,NAMED_PERSON_ON_ELIGIBLE_RECORD,POTENTIAL_NOT_PRODUCTION_ASSIGNMENT,1,
CAND_87cca725c46c007c6f39,2020/008,NAMED_PERSON_ON_ELIGIBLE_RECORD,POTENTIAL_NOT_PRODUCTION_ASSIGNMENT,1,
CAND_880ba81d118838538eea,2025/047,NAMED_PERSON_ON_ELIGIBLE_RECORD,POTENTIAL_NOT_PRODUCTION_ASSIGNMENT,2,
CAND_880ba81d118838538eea,2025/061,NAMED_PERSON_ON_ELIGIBLE_RECORD,POTENTIAL_NOT_PRODUCTION_ASSIGNMENT,2,
CAND_881c7cdf3d097697f8a3,2021/071,NAMED_PERSON_ON_ELIGIBLE_RECORD,POTENTIAL_NOT_PRODUCTION_ASSIGNMENT,1,
CAND_882b840241311f499220,2024/154,NAMED_PERSON_ON_ELIGIBLE_RECORD,POTENTIAL_NOT_PRODUCTION_ASSIGNMENT,1,
CAND_885d3777377aa6450348,2020/027,NAMED_PERSON_ON_ELIGIBLE_RECORD,POTENTIAL_NOT_PRODUCTION_ASSIGNMENT,1,
CAND_886221597a01a7299b76,2024/205,NAMED_PERSON_ON_ELIGIBLE_RECORD,POTENTIAL_NOT_PRODUCTION_ASSIGNMENT,1,
CAND_888031ce250842f9e031,2023/007,NAMED_PERSON_ON_ELIGIBLE_RECORD,POTENTIAL_NOT_PRODUCTION_ASSIGNMENT,1,
CAND_8895b70e8140a9504c9f,2021/003,NAMED_PERSON_ON_ELIGIBLE_RECORD,POTENTIAL_NOT_PRODUCTION_ASSIGNMENT,2,
CAND_8895b70e8140a9504c9f,2024/170,NAMED_PERSON_ON_ELIGIBLE_RECORD,POTENTIAL_NOT_PRODUCTION_ASSIGNMENT,2,
CAND_88b2a44a837070965acf,2024/213,NAMED_PERSON_ON_ELIGIBLE_RECORD,POTENTIAL_NOT_PRODUCTION_ASSIGNMENT,2,
CAND_88b2a44a837070965acf,2024/218,NAMED_PERSON_ON_ELIGIBLE_RECORD,POTENTIAL_NOT_PRODUCTION_ASSIGNMENT,2,
CAND_88eae222293f2553cca6,2020/027,NAMED_PERSON_ON_ELIGIBLE_RECORD,POTENTIAL_NOT_PRODUCTION_ASSIGNMENT,1,
CAND_8905c113090d4c661664,2022/122,NAMED_PERSON_ON_ELIGIBLE_RECORD,POTENTIAL_NOT_PRODUCTION_ASSIGNMENT,1,
CAND_890b2017182d27626958,2022/005,NAMED_PERSON_ON_ELIGIBLE_RECORD,POTENTIAL_NOT_PRODUCTION_ASSIGNMENT,1,
CAND_89404836e85cec683a04,2023/288,NAMED_PERSON_ON_ELIGIBLE_RECORD,POTENTIAL_NOT_PRODUCTION_ASSIGNMENT,4,
CAND_89404836e85cec683a04,2024/093,NAMED_PERSON_ON_ELIGIBLE_RECORD,POTENTIAL_NOT_PRODUCTION_ASSIGNMENT,4,
CAND_89404836e85cec683a04,2025/228,NAMED_PERSON_ON_ELIGIBLE_RECORD,POTENTIAL_NOT_PRODUCTION_ASSIGNMENT,4,
CAND_89404836e85cec683a04,2026/054,NAMED_PERSON_ON_ELIGIBLE_RECORD,POTENTIAL_NOT_PRODUCTION_ASSIGNMENT,4,
CAND_894960fe958a175e4491,2022/115,NAMED_PERSON_ON_ELIGIBLE_RECORD,POTENTIAL_NOT_PRODUCTION_ASSIGNMENT,1,
CAND_8989e13395c0bfbe7893,2022/063,NAMED_PERSON_ON_ELIGIBLE_RECORD,POTENTIAL_NOT_PRODUCTION_ASSIGNMENT,1,
CAND_89cfcb0e037503dad410,2020/018,NAMED_PERSON_ON_ELIGIBLE_RECORD,POTENTIAL_NOT_PRODUCTION_ASSIGNMENT,2,
CAND_89cfcb0e037503dad410,2020/105,NAMED_PERSON_ON_ELIGIBLE_RECORD,POTENTIAL_NOT_PRODUCTION_ASSIGNMENT,2,
CAND_89d1574ad9201295da9c,2024/221,NAMED_PERSON_ON_ELIGIBLE_RECORD,POTENTIAL_NOT_PRODUCTION_ASSIGNMENT,1,
CAND_89d69d8445e06c0b8ec4,2022/083,NAMED_PERSON_ON_ELIGIBLE_RECORD,POTENTIAL_NOT_PRODUCTION_ASSIGNMENT,1,
CAND_89e3fe03de9454828c05,2019/022,NAMED_PERSON_ON_ELIGIBLE_RECORD,POTENTIAL_NOT_PRODUCTION_ASSIGNMENT,1,
CAND_89fc0fcb8430386d11c8,2024/075,NAMED_PERSON_ON_ELIGIBLE_RECORD,POTENTIAL_NOT_PRODUCTION_ASSIGNMENT,1,
CAND_89fd5d77df9479ac7fd4,2023/013,NAMED_PERSON_ON_ELIGIBLE_RECORD,POTENTIAL_NOT_PRODUCTION_ASSIGNMENT,1,
CAND_8a0837f3eed15e856625,2020/027,NAMED_PERSON_ON_ELIGIBLE_RECORD,POTENTIAL_NOT_PRODUCTION_ASSIGNMENT,1,
CAND_8a180e623d16bdb4da11,2020/027,NAMED_PERSON_ON_ELIGIBLE_RECORD,POTENTIAL_NOT_PRODUCTION_ASSIGNMENT,1,
CAND_8abaf76afe5f9d5937fd,2020/079,NAMED_PERSON_ON_ELIGIBLE_RECORD,POTENTIAL_NOT_PRODUCTION_ASSIGNMENT,1,
CAND_8ac0b2d9a5aa2882ec2a,2022/140,NAMED_PERSON_ON_ELIGIBLE_RECORD,POTENTIAL_NOT_PRODUCTION_ASSIGNMENT,2,
CAND_8ac0b2d9a5aa2882ec2a,2025/174,NAMED_PERSON_ON_ELIGIBLE_RECORD,POTENTIAL_NOT_PRODUCTION_ASSIGNMENT,2,
CAND_8accc74c9ccaac446086,2020/047,NAMED_PERSON_ON_ELIGIBLE_RECORD,POTENTIAL_NOT_PRODUCTION_ASSIGNMENT,5,
CAND_8accc74c9ccaac446086,2021/124,NAMED_PERSON_ON_ELIGIBLE_RECORD,POTENTIAL_NOT_PRODUCTION_ASSIGNMENT,5,
CAND_8accc74c9ccaac446086,2024/118,NAMED_PERSON_ON_ELIGIBLE_RECORD,POTENTIAL_NOT_PRODUCTION_ASSIGNMENT,5,
CAND_8accc74c9ccaac446086,2025/009,NAMED_PERSON_ON_ELIGIBLE_RECORD,POTENTIAL_NOT_PRODUCTION_ASSIGNMENT,5,
CAND_8accc74c9ccaac446086,2025/076,NAMED_PERSON_ON_ELIGIBLE_RECORD,POTENTIAL_NOT_PRODUCTION_ASSIGNMENT,5,
CAND_8adae906979f4d95262c,2020/129,NAMED_PERSON_ON_ELIGIBLE_RECORD,POTENTIAL_NOT_PRODUCTION_ASSIGNMENT,1,
CAND_8ae8e447f0cfce78f652,2021/091,NAMED_PERSON_ON_ELIGIBLE_RECORD,POTENTIAL_NOT_PRODUCTION_ASSIGNMENT,2,
CAND_8ae8e447f0cfce78f652,2022/154,NAMED_PERSON_ON_ELIGIBLE_RECORD,POTENTIAL_NOT_PRODUCTION_ASSIGNMENT,2,
CAND_8b1da4e9abd7c0a47e77,2025/165,NAMED_PERSON_ON_ELIGIBLE_RECORD,POTENTIAL_NOT_PRODUCTION_ASSIGNMENT,1,
CAND_8b1dfc12bf1be63763a4,2025/218,NAMED_PERSON_ON_ELIGIBLE_RECORD,POTENTIAL_NOT_PRODUCTION_ASSIGNMENT,1,
CAND_8b28593a63a44c7c6e58,2020/027,NAMED_PERSON_ON_ELIGIBLE_RECORD,POTENTIAL_NOT_PRODUCTION_ASSIGNMENT,1,
CAND_8b3e80dd85077e152b44,2023/076,NAMED_PERSON_ON_ELIGIBLE_RECORD,POTENTIAL_NOT_PRODUCTION_ASSIGNMENT,3,
CAND_8b3e80dd85077e152b44,2025/139,NAMED_PERSON_ON_ELIGIBLE_RECORD,POTENTIAL_NOT_PRODUCTION_ASSIGNMENT,3,
CAND_8b3e80dd85077e152b44,2025/144,NAMED_PERSON_ON_ELIGIBLE_RECORD,POTENTIAL_NOT_PRODUCTION_ASSIGNMENT,3,
CAND_8b56120be7ab324e2f01,2020/027,NAMED_PERSON_ON_ELIGIBLE_RECORD,POTENTIAL_NOT_PRODUCTION_ASSIGNMENT,1,
CAND_8b679e0f8720dca79beb,2022/094,NAMED_PERSON_ON_ELIGIBLE_RECORD,POTENTIAL_NOT_PRODUCTION_ASSIGNMENT,1,
CAND_8b6dc8884ef86ef6aad8,2019/018,NAMED_PERSON_ON_ELIGIBLE_RECORD,POTENTIAL_NOT_PRODUCTION_ASSIGNMENT,4,
CAND_8b6dc8884ef86ef6aad8,2023/069,NAMED_PERSON_ON_ELIGIBLE_RECORD,POTENTIAL_NOT_PRODUCTION_ASSIGNMENT,4,
CAND_8b6dc8884ef86ef6aad8,2023/070,NAMED_PERSON_ON_ELIGIBLE_RECORD,POTENTIAL_NOT_PRODUCTION_ASSIGNMENT,4,
CAND_8b6dc8884ef86ef6aad8,2024/033,NAMED_PERSON_ON_ELIGIBLE_RECORD,POTENTIAL_NOT_PRODUCTION_ASSIGNMENT,4,
CAND_8b76f8be1172c5a0fe65,2022/123,NAMED_PERSON_ON_ELIGIBLE_RECORD,POTENTIAL_NOT_PRODUCTION_ASSIGNMENT,2,
CAND_8b76f8be1172c5a0fe65,2023/080,NAMED_PERSON_ON_ELIGIBLE_RECORD,POTENTIAL_NOT_PRODUCTION_ASSIGNMENT,2,
CAND_8ba3252ad04a65dfabca,2022/005,NAMED_PERSON_ON_ELIGIBLE_RECORD,POTENTIAL_NOT_PRODUCTION_ASSIGNMENT,1,
CAND_8bbe2eb02697cd8765b8,2024/176,NAMED_PERSON_ON_ELIGIBLE_RECORD,POTENTIAL_NOT_PRODUCTION_ASSIGNMENT,1,
CAND_8bbfa831aea7f90ecbb5,2022/083,NAMED_PERSON_ON_ELIGIBLE_RECORD,POTENTIAL_NOT_PRODUCTION_ASSIGNMENT,1,
CAND_8bbfcdaa194134be24aa,2020/047,NAMED_PERSON_ON_ELIGIBLE_RECORD,POTENTIAL_NOT_PRODUCTION_ASSIGNMENT,3,
CAND_8bbfcdaa194134be24aa,2021/124,NAMED_PERSON_ON_ELIGIBLE_RECORD,POTENTIAL_NOT_PRODUCTION_ASSIGNMENT,3,
CAND_8bbfcdaa194134be24aa,2025/076,NAMED_PERSON_ON_ELIGIBLE_RECORD,POTENTIAL_NOT_PRODUCTION_ASSIGNMENT,3,
CAND_8c014931b694408f11b9,2020/027,NAMED_PERSON_ON_ELIGIBLE_RECORD,POTENTIAL_NOT_PRODUCTION_ASSIGNMENT,1,
CAND_8c21e5935deebb0f6911,2021/006,NAMED_PERSON_ON_ELIGIBLE_RECORD,POTENTIAL_NOT_PRODUCTION_ASSIGNMENT,1,
CAND_8c554fe6f5d9b2bdf6d1,2021/128,NAMED_PERSON_ON_ELIGIBLE_RECORD,POTENTIAL_NOT_PRODUCTION_ASSIGNMENT,1,
CAND_8c73af78d4a591c3841f,2026/032,NAMED_PERSON_ON_ELIGIBLE_RECORD,POTENTIAL_NOT_PRODUCTION_ASSIGNMENT,1,
CAND_8c9cba916c473df012d2,2026/014,NAMED_PERSON_ON_ELIGIBLE_RECORD,POTENTIAL_NOT_PRODUCTION_ASSIGNMENT,1,
CAND_8cc3abf9af93420979e7,2023/132,NAMED_PERSON_ON_ELIGIBLE_RECORD,POTENTIAL_NOT_PRODUCTION_ASSIGNMENT,1,
CAND_8ccaaeff9cbb1cdd20cf,2021/060,NAMED_PERSON_ON_ELIGIBLE_RECORD,POTENTIAL_NOT_PRODUCTION_ASSIGNMENT,2,
CAND_8ccaaeff9cbb1cdd20cf,2021/164,NAMED_PERSON_ON_ELIGIBLE_RECORD,POTENTIAL_NOT_PRODUCTION_ASSIGNMENT,2,
CAND_8cdce7b3191d87030825,2025/051,NAMED_PERSON_ON_ELIGIBLE_RECORD,POTENTIAL_NOT_PRODUCTION_ASSIGNMENT,1,
CAND_8cf987e0d7b679a27a76,2025/150,NAMED_PERSON_ON_ELIGIBLE_RECORD,POTENTIAL_NOT_PRODUCTION_ASSIGNMENT,1,
CAND_8d182d1dd6961781ea9e,2021/067,NAMED_PERSON_ON_ELIGIBLE_RECORD,POTENTIAL_NOT_PRODUCTION_ASSIGNMENT,2,
CAND_8d182d1dd6961781ea9e,2026/036,NAMED_PERSON_ON_ELIGIBLE_RECORD,POTENTIAL_NOT_PRODUCTION_ASSIGNMENT,2,
CAND_8d1f0c67d313e4e66c5b,2022/190,NAMED_PERSON_ON_ELIGIBLE_RECORD,POTENTIAL_NOT_PRODUCTION_ASSIGNMENT,1,
CAND_8d2ec356a45b268c136f,2023/260,NAMED_PERSON_ON_ELIGIBLE_RECORD,POTENTIAL_NOT_PRODUCTION_ASSIGNMENT,1,
CAND_8d2f836cdca28e2384a0,2022/017,NAMED_PERSON_ON_ELIGIBLE_RECORD,POTENTIAL_NOT_PRODUCTION_ASSIGNMENT,1,
CAND_8d4cf0f051ad508f70c6,2023/085,NAMED_PERSON_ON_ELIGIBLE_RECORD,POTENTIAL_NOT_PRODUCTION_ASSIGNMENT,1,
CAND_8d4d064b37e9218a84ad,2025/074,NAMED_PERSON_ON_ELIGIBLE_RECORD,POTENTIAL_NOT_PRODUCTION_ASSIGNMENT,1,
CAND_8d52b3c824e6501ac119,2020/104,NAMED_PERSON_ON_ELIGIBLE_RECORD,POTENTIAL_NOT_PRODUCTION_ASSIGNMENT,1,
CAND_8d6751bedb0cfa8bdda2,2020/005,NAMED_PERSON_ON_ELIGIBLE_RECORD,POTENTIAL_NOT_PRODUCTION_ASSIGNMENT,2,
CAND_8d6751bedb0cfa8bdda2,2020/055,NAMED_PERSON_ON_ELIGIBLE_RECORD,POTENTIAL_NOT_PRODUCTION_ASSIGNMENT,2,
CAND_8d6b81a62af22e0112e4,2019/005,NAMED_PERSON_ON_ELIGIBLE_RECORD,POTENTIAL_NOT_PRODUCTION_ASSIGNMENT,1,
CAND_8d6bf312b9591832e424,2020/117,NAMED_PERSON_ON_ELIGIBLE_RECORD,POTENTIAL_NOT_PRODUCTION_ASSIGNMENT,1,
CAND_8d765cbd79beb4dc13ab,2025/178,NAMED_PERSON_ON_ELIGIBLE_RECORD,POTENTIAL_NOT_PRODUCTION_ASSIGNMENT,1,
CAND_8d8417278f228c97f3cb,2024/047,NAMED_PERSON_ON_ELIGIBLE_RECORD,POTENTIAL_NOT_PRODUCTION_ASSIGNMENT,1,
CAND_8d9e2bb4d8eab2cc4e68,2021/031,NAMED_PERSON_ON_ELIGIBLE_RECORD,POTENTIAL_NOT_PRODUCTION_ASSIGNMENT,1,
CAND_8dc7126e1d5c995c15ad,2021/135,NAMED_PERSON_ON_ELIGIBLE_RECORD,POTENTIAL_NOT_PRODUCTION_ASSIGNMENT,1,
CAND_8dd37fc7f5c3652cde19,2025/148,NAMED_PERSON_ON_ELIGIBLE_RECORD,POTENTIAL_NOT_PRODUCTION_ASSIGNMENT,1,
CAND_8def62f639319a36edab,2025/001,NAMED_PERSON_ON_ELIGIBLE_RECORD,POTENTIAL_NOT_PRODUCTION_ASSIGNMENT,1,
CAND_8e713624f67c0cbba606,2021/171,NAMED_PERSON_ON_ELIGIBLE_RECORD,POTENTIAL_NOT_PRODUCTION_ASSIGNMENT,1,
CAND_8ea13ab2168b88998b78,2021/067,NAMED_PERSON_ON_ELIGIBLE_RECORD,POTENTIAL_NOT_PRODUCTION_ASSIGNMENT,1,
CAND_8ec46dbf4bc2a182bb22,2026/066,NAMED_PERSON_ON_ELIGIBLE_RECORD,POTENTIAL_NOT_PRODUCTION_ASSIGNMENT,1,
CAND_8f440afa401721e28c5e,2021/024,NAMED_PERSON_ON_ELIGIBLE_RECORD,POTENTIAL_NOT_PRODUCTION_ASSIGNMENT,1,
CAND_8f524497249ea612522f,2025/145,NAMED_PERSON_ON_ELIGIBLE_RECORD,POTENTIAL_NOT_PRODUCTION_ASSIGNMENT,1,
CAND_8f6bcb936f64f8a12453,2025/021,NAMED_PERSON_ON_ELIGIBLE_RECORD,POTENTIAL_NOT_PRODUCTION_ASSIGNMENT,1,
CAND_8f72f56cd8331f5e26c3,2023/084,NAMED_PERSON_ON_ELIGIBLE_RECORD,POTENTIAL_NOT_PRODUCTION_ASSIGNMENT,1,
CAND_8f921e55815ff7fc2485,2019/007,NAMED_PERSON_ON_ELIGIBLE_RECORD,POTENTIAL_NOT_PRODUCTION_ASSIGNMENT,1,
CAND_8f94173b88798748c512,2021/180,NAMED_PERSON_ON_ELIGIBLE_RECORD,POTENTIAL_NOT_PRODUCTION_ASSIGNMENT,1,
CAND_8f9686dc8f197a17c0b8,2026/035,NAMED_PERSON_ON_ELIGIBLE_RECORD,POTENTIAL_NOT_PRODUCTION_ASSIGNMENT,1,
CAND_8fa1821dbf8f65f261ff,2020/027,NAMED_PERSON_ON_ELIGIBLE_RECORD,POTENTIAL_NOT_PRODUCTION_ASSIGNMENT,1,
CAND_8fd99ca284b73598ed55,2025/242,NAMED_PERSON_ON_ELIGIBLE_RECORD,POTENTIAL_NOT_PRODUCTION_ASSIGNMENT,1,
CAND_8fdadf5f7adfbc78120f,2021/158,NAMED_PERSON_ON_ELIGIBLE_RECORD,POTENTIAL_NOT_PRODUCTION_ASSIGNMENT,1,
CAND_8ffa288f06a41bcf78e9,2019/009,NAMED_PERSON_ON_ELIGIBLE_RECORD,POTENTIAL_NOT_PRODUCTION_ASSIGNMENT,1,
CAND_90227cb95e8e721e13ce,2025/033,NAMED_PERSON_ON_ELIGIBLE_RECORD,POTENTIAL_NOT_PRODUCTION_ASSIGNMENT,1,
CAND_90383b4b0447ec4c7316,2020/062,NAMED_PERSON_ON_ELIGIBLE_RECORD,POTENTIAL_NOT_PRODUCTION_ASSIGNMENT,1,
CAND_9049561f449a01b0d0d6,2020/127,NAMED_PERSON_ON_ELIGIBLE_RECORD,POTENTIAL_NOT_PRODUCTION_ASSIGNMENT,1,
CAND_904c727dd81718a39044,2020/104,NAMED_PERSON_ON_ELIGIBLE_RECORD,POTENTIAL_NOT_PRODUCTION_ASSIGNMENT,1,
CAND_906dc3285ba879da4e08,2023/228,NAMED_PERSON_ON_ELIGIBLE_RECORD,POTENTIAL_NOT_PRODUCTION_ASSIGNMENT,1,
CAND_907344ef2ad4b3a96717,2024/201,NAMED_PERSON_ON_ELIGIBLE_RECORD,POTENTIAL_NOT_PRODUCTION_ASSIGNMENT,2,
CAND_907344ef2ad4b3a96717,2025/037,NAMED_PERSON_ON_ELIGIBLE_RECORD,POTENTIAL_NOT_PRODUCTION_ASSIGNMENT,2,
CAND_9084a79dda9dd2edcf52,2023/082,NAMED_PERSON_ON_ELIGIBLE_RECORD,POTENTIAL_NOT_PRODUCTION_ASSIGNMENT,1,
CAND_908c811c538fbf3c9476,2024/035,NAMED_PERSON_ON_ELIGIBLE_RECORD,POTENTIAL_NOT_PRODUCTION_ASSIGNMENT,1,
CAND_90e1ea3e0dd28a49bde8,2025/264,NAMED_PERSON_ON_ELIGIBLE_RECORD,POTENTIAL_NOT_PRODUCTION_ASSIGNMENT,1,
CAND_90f6766ab464627d85df,2020/062,NAMED_PERSON_ON_ELIGIBLE_RECORD,POTENTIAL_NOT_PRODUCTION_ASSIGNMENT,1,
CAND_915231ce5130d217ca8a,2021/047,NAMED_PERSON_ON_ELIGIBLE_RECORD,POTENTIAL_NOT_PRODUCTION_ASSIGNMENT,1,
CAND_916e95e032d217547f59,2022/203,NAMED_PERSON_ON_ELIGIBLE_RECORD,POTENTIAL_NOT_PRODUCTION_ASSIGNMENT,1,
CAND_919dfa30aad503bb0047,2024/059,NAMED_PERSON_ON_ELIGIBLE_RECORD,POTENTIAL_NOT_PRODUCTION_ASSIGNMENT,1,
CAND_91a70b859d3cdcff558f,2020/029,NAMED_PERSON_ON_ELIGIBLE_RECORD,POTENTIAL_NOT_PRODUCTION_ASSIGNMENT,2,
CAND_91a70b859d3cdcff558f,2023/151,NAMED_PERSON_ON_ELIGIBLE_RECORD,POTENTIAL_NOT_PRODUCTION_ASSIGNMENT,2,
CAND_91c4bf5158ec89a39def,2024/178,NAMED_PERSON_ON_ELIGIBLE_RECORD,POTENTIAL_NOT_PRODUCTION_ASSIGNMENT,1,
CAND_91d4ce85c02e857f89d9,2020/027,NAMED_PERSON_ON_ELIGIBLE_RECORD,POTENTIAL_NOT_PRODUCTION_ASSIGNMENT,1,
CAND_91e276d20cb782b4bbe4,2023/040,NAMED_PERSON_ON_ELIGIBLE_RECORD,POTENTIAL_NOT_PRODUCTION_ASSIGNMENT,1,
CAND_9207fd0ba409fab98259,2020/012,NAMED_PERSON_ON_ELIGIBLE_RECORD,POTENTIAL_NOT_PRODUCTION_ASSIGNMENT,2,
CAND_9207fd0ba409fab98259,2022/187,NAMED_PERSON_ON_ELIGIBLE_RECORD,POTENTIAL_NOT_PRODUCTION_ASSIGNMENT,2,
CAND_9212cffa64dc3ae2aed3,2021/177,NAMED_PERSON_ON_ELIGIBLE_RECORD,POTENTIAL_NOT_PRODUCTION_ASSIGNMENT,1,
CAND_9220c34d2c66cc3c26e1,2021/182,NAMED_PERSON_ON_ELIGIBLE_RECORD,POTENTIAL_NOT_PRODUCTION_ASSIGNMENT,2,
CAND_9220c34d2c66cc3c26e1,2024/196,NAMED_PERSON_ON_ELIGIBLE_RECORD,POTENTIAL_NOT_PRODUCTION_ASSIGNMENT,2,
CAND_92580a2da49115a4c046,2023/031,NAMED_PERSON_ON_ELIGIBLE_RECORD,POTENTIAL_NOT_PRODUCTION_ASSIGNMENT,1,
CAND_925927b1f734f1f2cbe7,2020/027,NAMED_PERSON_ON_ELIGIBLE_RECORD,POTENTIAL_NOT_PRODUCTION_ASSIGNMENT,1,
CAND_9277ae8941c9e27bd690,2025/133,NAMED_PERSON_ON_ELIGIBLE_RECORD,POTENTIAL_NOT_PRODUCTION_ASSIGNMENT,1,
CAND_9281be76142073ae5c31,2020/027,NAMED_PERSON_ON_ELIGIBLE_RECORD,POTENTIAL_NOT_PRODUCTION_ASSIGNMENT,1,
CAND_929fe376cf06ac7e7401,2024/016,NAMED_PERSON_ON_ELIGIBLE_RECORD,POTENTIAL_NOT_PRODUCTION_ASSIGNMENT,1,
CAND_92a23c2ce89ea2c5e65a,2022/129,NAMED_PERSON_ON_ELIGIBLE_RECORD,POTENTIAL_NOT_PRODUCTION_ASSIGNMENT,5,
CAND_92a23c2ce89ea2c5e65a,2023/076,NAMED_PERSON_ON_ELIGIBLE_RECORD,POTENTIAL_NOT_PRODUCTION_ASSIGNMENT,5,
CAND_92a23c2ce89ea2c5e65a,2024/224,NAMED_PERSON_ON_ELIGIBLE_RECORD,POTENTIAL_NOT_PRODUCTION_ASSIGNMENT,5,
CAND_92a23c2ce89ea2c5e65a,2024/236,NAMED_PERSON_ON_ELIGIBLE_RECORD,POTENTIAL_NOT_PRODUCTION_ASSIGNMENT,5,
CAND_92a23c2ce89ea2c5e65a,2025/130,NAMED_PERSON_ON_ELIGIBLE_RECORD,POTENTIAL_NOT_PRODUCTION_ASSIGNMENT,5,
CAND_92ab0518dd9139b440d3,2023/074,NAMED_PERSON_ON_ELIGIBLE_RECORD,POTENTIAL_NOT_PRODUCTION_ASSIGNMENT,1,
CAND_92b82fabe47ea265f7f5,2020/092,NAMED_PERSON_ON_ELIGIBLE_RECORD,POTENTIAL_NOT_PRODUCTION_ASSIGNMENT,1,
CAND_92bc208ab4f863f315a4,2025/104,NAMED_PERSON_ON_ELIGIBLE_RECORD,POTENTIAL_NOT_PRODUCTION_ASSIGNMENT,1,
CAND_92c376858dc4a2c23a3d,2020/028,NAMED_PERSON_ON_ELIGIBLE_RECORD,POTENTIAL_NOT_PRODUCTION_ASSIGNMENT,1,
CAND_92c597de9bce1b46b4d2,2023/162,NAMED_PERSON_ON_ELIGIBLE_RECORD,POTENTIAL_NOT_PRODUCTION_ASSIGNMENT,3,
CAND_92c597de9bce1b46b4d2,2023/166,NAMED_PERSON_ON_ELIGIBLE_RECORD,POTENTIAL_NOT_PRODUCTION_ASSIGNMENT,3,
CAND_92c597de9bce1b46b4d2,2025/158,NAMED_PERSON_ON_ELIGIBLE_RECORD,POTENTIAL_NOT_PRODUCTION_ASSIGNMENT,3,
CAND_92cc9bcc9e03910ae2d7,2025/101,NAMED_PERSON_ON_ELIGIBLE_RECORD,POTENTIAL_NOT_PRODUCTION_ASSIGNMENT,2,
CAND_92cc9bcc9e03910ae2d7,2026/076,NAMED_PERSON_ON_ELIGIBLE_RECORD,POTENTIAL_NOT_PRODUCTION_ASSIGNMENT,2,
CAND_92cf53cc261d324d21fa,2020/038,NAMED_PERSON_ON_ELIGIBLE_RECORD,POTENTIAL_NOT_PRODUCTION_ASSIGNMENT,6,
CAND_92cf53cc261d324d21fa,2021/003,NAMED_PERSON_ON_ELIGIBLE_RECORD,POTENTIAL_NOT_PRODUCTION_ASSIGNMENT,6,
CAND_92cf53cc261d324d21fa,2022/023,NAMED_PERSON_ON_ELIGIBLE_RECORD,POTENTIAL_NOT_PRODUCTION_ASSIGNMENT,6,
CAND_92cf53cc261d324d21fa,2022/033,NAMED_PERSON_ON_ELIGIBLE_RECORD,POTENTIAL_NOT_PRODUCTION_ASSIGNMENT,6,
CAND_92cf53cc261d324d21fa,2024/170,NAMED_PERSON_ON_ELIGIBLE_RECORD,POTENTIAL_NOT_PRODUCTION_ASSIGNMENT,6,
CAND_92cf53cc261d324d21fa,2025/234,NAMED_PERSON_ON_ELIGIBLE_RECORD,POTENTIAL_NOT_PRODUCTION_ASSIGNMENT,6,
CAND_92d53bfc0111a8b8561b,2023/006,NAMED_PERSON_ON_ELIGIBLE_RECORD,POTENTIAL_NOT_PRODUCTION_ASSIGNMENT,1,
CAND_92e32bb986c3e24395eb,2021/046,NAMED_PERSON_ON_ELIGIBLE_RECORD,POTENTIAL_NOT_PRODUCTION_ASSIGNMENT,1,
CAND_930bf2381374b02bfcdd,2025/123,NAMED_PERSON_ON_ELIGIBLE_RECORD,POTENTIAL_NOT_PRODUCTION_ASSIGNMENT,1,
CAND_931ccfc52d9ca603f128,2021/164,NAMED_PERSON_ON_ELIGIBLE_RECORD,POTENTIAL_NOT_PRODUCTION_ASSIGNMENT,1,
CAND_9337a2d11bddee9489b9,2026/053,NAMED_PERSON_ON_ELIGIBLE_RECORD,POTENTIAL_NOT_PRODUCTION_ASSIGNMENT,1,
CAND_9353474587aa7502e93f,2021/174,NAMED_PERSON_ON_ELIGIBLE_RECORD,POTENTIAL_NOT_PRODUCTION_ASSIGNMENT,1,
CAND_937247d7349965899d11,2021/021,NAMED_PERSON_ON_ELIGIBLE_RECORD,POTENTIAL_NOT_PRODUCTION_ASSIGNMENT,2,
CAND_937247d7349965899d11,2026/056,NAMED_PERSON_ON_ELIGIBLE_RECORD,POTENTIAL_NOT_PRODUCTION_ASSIGNMENT,2,
CAND_9384b0da25713edf63aa,2021/155,NAMED_PERSON_ON_ELIGIBLE_RECORD,POTENTIAL_NOT_PRODUCTION_ASSIGNMENT,1,
CAND_938dade3895738e76719,2020/027,NAMED_PERSON_ON_ELIGIBLE_RECORD,POTENTIAL_NOT_PRODUCTION_ASSIGNMENT,1,
CAND_93ab61fd6a7948ad22b7,2023/066,NAMED_PERSON_ON_ELIGIBLE_RECORD,POTENTIAL_NOT_PRODUCTION_ASSIGNMENT,1,
CAND_93d41eaf12ec81461297,2024/061,NAMED_PERSON_ON_ELIGIBLE_RECORD,POTENTIAL_NOT_PRODUCTION_ASSIGNMENT,2,
CAND_93d41eaf12ec81461297,2025/237,NAMED_PERSON_ON_ELIGIBLE_RECORD,POTENTIAL_NOT_PRODUCTION_ASSIGNMENT,2,
CAND_93d7e182fdaa76f93ffb,2020/020,NAMED_PERSON_ON_ELIGIBLE_RECORD,POTENTIAL_NOT_PRODUCTION_ASSIGNMENT,1,
CAND_93d8227cd99b2d5b711b,2022/037,NAMED_PERSON_ON_ELIGIBLE_RECORD,POTENTIAL_NOT_PRODUCTION_ASSIGNMENT,2,
CAND_93d8227cd99b2d5b711b,2024/001,NAMED_PERSON_ON_ELIGIBLE_RECORD,POTENTIAL_NOT_PRODUCTION_ASSIGNMENT,2,
CAND_9430fd26aacab927e298,2024/031,NAMED_PERSON_ON_ELIGIBLE_RECORD,POTENTIAL_NOT_PRODUCTION_ASSIGNMENT,1,
CAND_9435073409542537a4c8,2020/096,NAMED_PERSON_ON_ELIGIBLE_RECORD,POTENTIAL_NOT_PRODUCTION_ASSIGNMENT,1,
CAND_943f189aea140b8a8c3b,2023/181,NAMED_PERSON_ON_ELIGIBLE_RECORD,POTENTIAL_NOT_PRODUCTION_ASSIGNMENT,3,
CAND_943f189aea140b8a8c3b,2023/285,NAMED_PERSON_ON_ELIGIBLE_RECORD,POTENTIAL_NOT_PRODUCTION_ASSIGNMENT,3,
CAND_943f189aea140b8a8c3b,2024/051,NAMED_PERSON_ON_ELIGIBLE_RECORD,POTENTIAL_NOT_PRODUCTION_ASSIGNMENT,3,
CAND_947eaef9b799603c1580,2025/094,NAMED_PERSON_ON_ELIGIBLE_RECORD,POTENTIAL_NOT_PRODUCTION_ASSIGNMENT,1,
CAND_94f2ae57cd8b775cb483,2024/125,NAMED_PERSON_ON_ELIGIBLE_RECORD,POTENTIAL_NOT_PRODUCTION_ASSIGNMENT,1,
CAND_9517281ba53edd3d8684,2022/081,NAMED_PERSON_ON_ELIGIBLE_RECORD,POTENTIAL_NOT_PRODUCTION_ASSIGNMENT,2,
CAND_9517281ba53edd3d8684,2023/106,NAMED_PERSON_ON_ELIGIBLE_RECORD,POTENTIAL_NOT_PRODUCTION_ASSIGNMENT,2,
CAND_953a14d76d6134ab9643,2020/047,NAMED_PERSON_ON_ELIGIBLE_RECORD,POTENTIAL_NOT_PRODUCTION_ASSIGNMENT,5,
CAND_953a14d76d6134ab9643,2020/118,NAMED_PERSON_ON_ELIGIBLE_RECORD,POTENTIAL_NOT_PRODUCTION_ASSIGNMENT,5,
CAND_953a14d76d6134ab9643,2025/158,NAMED_PERSON_ON_ELIGIBLE_RECORD,POTENTIAL_NOT_PRODUCTION_ASSIGNMENT,5,
CAND_953a14d76d6134ab9643,2025/257,NAMED_PERSON_ON_ELIGIBLE_RECORD,POTENTIAL_NOT_PRODUCTION_ASSIGNMENT,5,
CAND_953a14d76d6134ab9643,2026/045,NAMED_PERSON_ON_ELIGIBLE_RECORD,POTENTIAL_NOT_PRODUCTION_ASSIGNMENT,5,
CAND_954045cd5fa1b9334dff,2023/206,NAMED_PERSON_ON_ELIGIBLE_RECORD,POTENTIAL_NOT_PRODUCTION_ASSIGNMENT,6,
CAND_954045cd5fa1b9334dff,2023/303,NAMED_PERSON_ON_ELIGIBLE_RECORD,POTENTIAL_NOT_PRODUCTION_ASSIGNMENT,6,
CAND_954045cd5fa1b9334dff,2024/011,NAMED_PERSON_ON_ELIGIBLE_RECORD,POTENTIAL_NOT_PRODUCTION_ASSIGNMENT,6,
CAND_954045cd5fa1b9334dff,2024/123,NAMED_PERSON_ON_ELIGIBLE_RECORD,POTENTIAL_NOT_PRODUCTION_ASSIGNMENT,6,
CAND_954045cd5fa1b9334dff,2024/179,NAMED_PERSON_ON_ELIGIBLE_RECORD,POTENTIAL_NOT_PRODUCTION_ASSIGNMENT,6,
CAND_954045cd5fa1b9334dff,2024/220,NAMED_PERSON_ON_ELIGIBLE_RECORD,POTENTIAL_NOT_PRODUCTION_ASSIGNMENT,6,
CAND_95bbdd401e6379c0929e,2020/026,NAMED_PERSON_ON_ELIGIBLE_RECORD,POTENTIAL_NOT_PRODUCTION_ASSIGNMENT,1,
CAND_95bfe564e35af5c62cb8,2024/127,NAMED_PERSON_ON_ELIGIBLE_RECORD,POTENTIAL_NOT_PRODUCTION_ASSIGNMENT,2,
CAND_95bfe564e35af5c62cb8,2025/197,NAMED_PERSON_ON_ELIGIBLE_RECORD,POTENTIAL_NOT_PRODUCTION_ASSIGNMENT,2,
CAND_95d368e92aec77824a67,2024/003,NAMED_PERSON_ON_ELIGIBLE_RECORD,POTENTIAL_NOT_PRODUCTION_ASSIGNMENT,1,
CAND_95d7caea753134f59302,2023/177,NAMED_PERSON_ON_ELIGIBLE_RECORD,POTENTIAL_NOT_PRODUCTION_ASSIGNMENT,1,
CAND_95ed8e9d9f0b322b7967,2026/051,NAMED_PERSON_ON_ELIGIBLE_RECORD,POTENTIAL_NOT_PRODUCTION_ASSIGNMENT,1,
CAND_962cc35aa91244c28412,2020/084,NAMED_PERSON_ON_ELIGIBLE_RECORD,POTENTIAL_NOT_PRODUCTION_ASSIGNMENT,1,
CAND_965c419029d1729053e4,2023/073,NAMED_PERSON_ON_ELIGIBLE_RECORD,POTENTIAL_NOT_PRODUCTION_ASSIGNMENT,1,
CAND_96685d6edf325f7fabea,2024/152,NAMED_PERSON_ON_ELIGIBLE_RECORD,POTENTIAL_NOT_PRODUCTION_ASSIGNMENT,2,
CAND_96685d6edf325f7fabea,2024/167,NAMED_PERSON_ON_ELIGIBLE_RECORD,POTENTIAL_NOT_PRODUCTION_ASSIGNMENT,2,
CAND_966ca306f59536f83492,2024/175,NAMED_PERSON_ON_ELIGIBLE_RECORD,POTENTIAL_NOT_PRODUCTION_ASSIGNMENT,1,
CAND_966e0fee37abd70e73b0,2024/072,NAMED_PERSON_ON_ELIGIBLE_RECORD,POTENTIAL_NOT_PRODUCTION_ASSIGNMENT,1,
CAND_967144db6ddccba597e1,2023/053,NAMED_PERSON_ON_ELIGIBLE_RECORD,POTENTIAL_NOT_PRODUCTION_ASSIGNMENT,2,
CAND_967144db6ddccba597e1,2023/308,NAMED_PERSON_ON_ELIGIBLE_RECORD,POTENTIAL_NOT_PRODUCTION_ASSIGNMENT,2,
CAND_9675b2ce79adc30f11d2,2021/074,NAMED_PERSON_ON_ELIGIBLE_RECORD,POTENTIAL_NOT_PRODUCTION_ASSIGNMENT,8,
CAND_9675b2ce79adc30f11d2,2022/048,NAMED_PERSON_ON_ELIGIBLE_RECORD,POTENTIAL_NOT_PRODUCTION_ASSIGNMENT,8,
CAND_9675b2ce79adc30f11d2,2024/043,NAMED_PERSON_ON_ELIGIBLE_RECORD,POTENTIAL_NOT_PRODUCTION_ASSIGNMENT,8,
CAND_9675b2ce79adc30f11d2,2024/071,NAMED_PERSON_ON_ELIGIBLE_RECORD,POTENTIAL_NOT_PRODUCTION_ASSIGNMENT,8,
CAND_9675b2ce79adc30f11d2,2024/122,NAMED_PERSON_ON_ELIGIBLE_RECORD,POTENTIAL_NOT_PRODUCTION_ASSIGNMENT,8,
CAND_9675b2ce79adc30f11d2,2025/013,NAMED_PERSON_ON_ELIGIBLE_RECORD,POTENTIAL_NOT_PRODUCTION_ASSIGNMENT,8,
CAND_9675b2ce79adc30f11d2,2025/017,NAMED_PERSON_ON_ELIGIBLE_RECORD,POTENTIAL_NOT_PRODUCTION_ASSIGNMENT,8,
CAND_9675b2ce79adc30f11d2,2025/064,NAMED_PERSON_ON_ELIGIBLE_RECORD,POTENTIAL_NOT_PRODUCTION_ASSIGNMENT,8,
CAND_967c14cf8edaafcf5387,2024/016,NAMED_PERSON_ON_ELIGIBLE_RECORD,POTENTIAL_NOT_PRODUCTION_ASSIGNMENT,1,
CAND_9688630a2749c88f3e95,2025/231,NAMED_PERSON_ON_ELIGIBLE_RECORD,POTENTIAL_NOT_PRODUCTION_ASSIGNMENT,1,
CAND_969492655e40bb3b7856,2020/027,NAMED_PERSON_ON_ELIGIBLE_RECORD,POTENTIAL_NOT_PRODUCTION_ASSIGNMENT,1,
CAND_96a00799989073084712,2020/063,NAMED_PERSON_ON_ELIGIBLE_RECORD,POTENTIAL_NOT_PRODUCTION_ASSIGNMENT,1,
CAND_972a8c528193db9e0200,2025/124,NAMED_PERSON_ON_ELIGIBLE_RECORD,POTENTIAL_NOT_PRODUCTION_ASSIGNMENT,1,
CAND_9730ca864e8c0bd9f95b,2021/029,NAMED_PERSON_ON_ELIGIBLE_RECORD,POTENTIAL_NOT_PRODUCTION_ASSIGNMENT,1,
CAND_9735246a348071d00ebf,2020/107,NAMED_PERSON_ON_ELIGIBLE_RECORD,POTENTIAL_NOT_PRODUCTION_ASSIGNMENT,1,
CAND_974bc837ff01c8ddfc9e,2026/039,NAMED_PERSON_ON_ELIGIBLE_RECORD,POTENTIAL_NOT_PRODUCTION_ASSIGNMENT,2,
CAND_974bc837ff01c8ddfc9e,2026/055,NAMED_PERSON_ON_ELIGIBLE_RECORD,POTENTIAL_NOT_PRODUCTION_ASSIGNMENT,2,
CAND_97801f555f305bdf0fff,2019/017,NAMED_PERSON_ON_ELIGIBLE_RECORD,POTENTIAL_NOT_PRODUCTION_ASSIGNMENT,2,
CAND_97801f555f305bdf0fff,2019/018,NAMED_PERSON_ON_ELIGIBLE_RECORD,POTENTIAL_NOT_PRODUCTION_ASSIGNMENT,2,
CAND_979f46b77023cf2e04ce,2025/015,NAMED_PERSON_ON_ELIGIBLE_RECORD,POTENTIAL_NOT_PRODUCTION_ASSIGNMENT,1,
CAND_97a4a7e71bb238eae9e1,2024/189,NAMED_PERSON_ON_ELIGIBLE_RECORD,POTENTIAL_NOT_PRODUCTION_ASSIGNMENT,2,
CAND_97a4a7e71bb238eae9e1,2026/024,NAMED_PERSON_ON_ELIGIBLE_RECORD,POTENTIAL_NOT_PRODUCTION_ASSIGNMENT,2,
CAND_97ad67ebc900419dccb5,2023/005,NAMED_PERSON_ON_ELIGIBLE_RECORD,POTENTIAL_NOT_PRODUCTION_ASSIGNMENT,1,
CAND_97fa5819aa1404cdcb8c,2023/176,NAMED_PERSON_ON_ELIGIBLE_RECORD,POTENTIAL_NOT_PRODUCTION_ASSIGNMENT,1,
CAND_98024f544e953a1c9fc7,2021/085,NAMED_PERSON_ON_ELIGIBLE_RECORD,POTENTIAL_NOT_PRODUCTION_ASSIGNMENT,2,
CAND_98024f544e953a1c9fc7,2022/190,NAMED_PERSON_ON_ELIGIBLE_RECORD,POTENTIAL_NOT_PRODUCTION_ASSIGNMENT,2,
CAND_98080b60c6f98cfeb339,2025/024,NAMED_PERSON_ON_ELIGIBLE_RECORD,POTENTIAL_NOT_PRODUCTION_ASSIGNMENT,1,
CAND_9810de6a67475298424f,2025/196,NAMED_PERSON_ON_ELIGIBLE_RECORD,POTENTIAL_NOT_PRODUCTION_ASSIGNMENT,1,
CAND_982e1dea4d68ad034c0b,2025/224,NAMED_PERSON_ON_ELIGIBLE_RECORD,POTENTIAL_NOT_PRODUCTION_ASSIGNMENT,1,
CAND_9831f11d90ebe8b306cc,2019/013,NAMED_PERSON_ON_ELIGIBLE_RECORD,POTENTIAL_NOT_PRODUCTION_ASSIGNMENT,4,
CAND_9831f11d90ebe8b306cc,2020/068,NAMED_PERSON_ON_ELIGIBLE_RECORD,POTENTIAL_NOT_PRODUCTION_ASSIGNMENT,4,
CAND_9831f11d90ebe8b306cc,2020/109,NAMED_PERSON_ON_ELIGIBLE_RECORD,POTENTIAL_NOT_PRODUCTION_ASSIGNMENT,4,
CAND_9831f11d90ebe8b306cc,2023/016,NAMED_PERSON_ON_ELIGIBLE_RECORD,POTENTIAL_NOT_PRODUCTION_ASSIGNMENT,4,
CAND_9838be5cf91955b10802,2021/109,NAMED_PERSON_ON_ELIGIBLE_RECORD,POTENTIAL_NOT_PRODUCTION_ASSIGNMENT,1,
CAND_98645fafbf33a566f1da,2022/114,NAMED_PERSON_ON_ELIGIBLE_RECORD,POTENTIAL_NOT_PRODUCTION_ASSIGNMENT,1,
CAND_9873cd329f7be57b0910,2020/047,NAMED_PERSON_ON_ELIGIBLE_RECORD,POTENTIAL_NOT_PRODUCTION_ASSIGNMENT,3,
CAND_9873cd329f7be57b0910,2024/118,NAMED_PERSON_ON_ELIGIBLE_RECORD,POTENTIAL_NOT_PRODUCTION_ASSIGNMENT,3,
CAND_9873cd329f7be57b0910,2025/076,NAMED_PERSON_ON_ELIGIBLE_RECORD,POTENTIAL_NOT_PRODUCTION_ASSIGNMENT,3,
CAND_988166935e02e2efe42d,2021/098,NAMED_PERSON_ON_ELIGIBLE_RECORD,POTENTIAL_NOT_PRODUCTION_ASSIGNMENT,3,
CAND_988166935e02e2efe42d,2021/138,NAMED_PERSON_ON_ELIGIBLE_RECORD,POTENTIAL_NOT_PRODUCTION_ASSIGNMENT,3,
CAND_988166935e02e2efe42d,2021/145,NAMED_PERSON_ON_ELIGIBLE_RECORD,POTENTIAL_NOT_PRODUCTION_ASSIGNMENT,3,
CAND_989e8cd914ae8a8c829f,2026/027,NAMED_PERSON_ON_ELIGIBLE_RECORD,POTENTIAL_NOT_PRODUCTION_ASSIGNMENT,1,
CAND_98a60cd4d26bb08d0c8b,2020/083,NAMED_PERSON_ON_ELIGIBLE_RECORD,POTENTIAL_NOT_PRODUCTION_ASSIGNMENT,6,
CAND_98a60cd4d26bb08d0c8b,2022/072,NAMED_PERSON_ON_ELIGIBLE_RECORD,POTENTIAL_NOT_PRODUCTION_ASSIGNMENT,6,
CAND_98a60cd4d26bb08d0c8b,2022/133,NAMED_PERSON_ON_ELIGIBLE_RECORD,POTENTIAL_NOT_PRODUCTION_ASSIGNMENT,6,
CAND_98a60cd4d26bb08d0c8b,2023/035,NAMED_PERSON_ON_ELIGIBLE_RECORD,POTENTIAL_NOT_PRODUCTION_ASSIGNMENT,6,
CAND_98a60cd4d26bb08d0c8b,2024/107,NAMED_PERSON_ON_ELIGIBLE_RECORD,POTENTIAL_NOT_PRODUCTION_ASSIGNMENT,6,
CAND_98a60cd4d26bb08d0c8b,2025/014,NAMED_PERSON_ON_ELIGIBLE_RECORD,POTENTIAL_NOT_PRODUCTION_ASSIGNMENT,6,
CAND_98aa1c9f0faa2730996a,2025/021,NAMED_PERSON_ON_ELIGIBLE_RECORD,POTENTIAL_NOT_PRODUCTION_ASSIGNMENT,1,
CAND_98bd879d3a532978f0a9,2022/176,NAMED_PERSON_ON_ELIGIBLE_RECORD,POTENTIAL_NOT_PRODUCTION_ASSIGNMENT,3,
CAND_98bd879d3a532978f0a9,2023/021,NAMED_PERSON_ON_ELIGIBLE_RECORD,POTENTIAL_NOT_PRODUCTION_ASSIGNMENT,3,
CAND_98bd879d3a532978f0a9,2025/115,NAMED_PERSON_ON_ELIGIBLE_RECORD,POTENTIAL_NOT_PRODUCTION_ASSIGNMENT,3,
CAND_98dc16115b8ead1d0ddd,2022/134,NAMED_PERSON_ON_ELIGIBLE_RECORD,POTENTIAL_NOT_PRODUCTION_ASSIGNMENT,2,
CAND_98dc16115b8ead1d0ddd,2025/053,NAMED_PERSON_ON_ELIGIBLE_RECORD,POTENTIAL_NOT_PRODUCTION_ASSIGNMENT,2,
CAND_98e23c33e012be414f77,2020/129,NAMED_PERSON_ON_ELIGIBLE_RECORD,POTENTIAL_NOT_PRODUCTION_ASSIGNMENT,1,
CAND_98f645d062336592c89f,2025/267,NAMED_PERSON_ON_ELIGIBLE_RECORD,POTENTIAL_NOT_PRODUCTION_ASSIGNMENT,1,
CAND_9914a0afd7f726adb38c,2021/141,NAMED_PERSON_ON_ELIGIBLE_RECORD,POTENTIAL_NOT_PRODUCTION_ASSIGNMENT,1,
CAND_992097c383cab28b7b5e,2025/145,NAMED_PERSON_ON_ELIGIBLE_RECORD,POTENTIAL_NOT_PRODUCTION_ASSIGNMENT,1,
CAND_9945780b737a95bc0c4c,2020/027,NAMED_PERSON_ON_ELIGIBLE_RECORD,POTENTIAL_NOT_PRODUCTION_ASSIGNMENT,1,
CAND_995788ebeb3af3be0820,2026/042,NAMED_PERSON_ON_ELIGIBLE_RECORD,POTENTIAL_NOT_PRODUCTION_ASSIGNMENT,1,
CAND_998272c6b0051511283d,2020/027,NAMED_PERSON_ON_ELIGIBLE_RECORD,POTENTIAL_NOT_PRODUCTION_ASSIGNMENT,1,
CAND_99a6ef9372314d4d03d4,2022/010,NAMED_PERSON_ON_ELIGIBLE_RECORD,POTENTIAL_NOT_PRODUCTION_ASSIGNMENT,1,
CAND_99c85dccf97a2fb20cb1,2023/170,NAMED_PERSON_ON_ELIGIBLE_RECORD,POTENTIAL_NOT_PRODUCTION_ASSIGNMENT,1,
CAND_99d07b373bd30d68a644,2025/037,NAMED_PERSON_ON_ELIGIBLE_RECORD,POTENTIAL_NOT_PRODUCTION_ASSIGNMENT,1,
CAND_99e0b47a25571db81390,2021/096,NAMED_PERSON_ON_ELIGIBLE_RECORD,POTENTIAL_NOT_PRODUCTION_ASSIGNMENT,6,
CAND_99e0b47a25571db81390,2021/101,NAMED_PERSON_ON_ELIGIBLE_RECORD,POTENTIAL_NOT_PRODUCTION_ASSIGNMENT,6,
CAND_99e0b47a25571db81390,2022/176,NAMED_PERSON_ON_ELIGIBLE_RECORD,POTENTIAL_NOT_PRODUCTION_ASSIGNMENT,6,
CAND_99e0b47a25571db81390,2024/057,NAMED_PERSON_ON_ELIGIBLE_RECORD,POTENTIAL_NOT_PRODUCTION_ASSIGNMENT,6,
CAND_99e0b47a25571db81390,2024/075,NAMED_PERSON_ON_ELIGIBLE_RECORD,POTENTIAL_NOT_PRODUCTION_ASSIGNMENT,6,
CAND_99e0b47a25571db81390,2024/137,NAMED_PERSON_ON_ELIGIBLE_RECORD,POTENTIAL_NOT_PRODUCTION_ASSIGNMENT,6,
CAND_9a242a3d9b0b27522944,2023/299,NAMED_PERSON_ON_ELIGIBLE_RECORD,POTENTIAL_NOT_PRODUCTION_ASSIGNMENT,1,
CAND_9a3ce6b3388ad4309b5d,2022/180,NAMED_PERSON_ON_ELIGIBLE_RECORD,POTENTIAL_NOT_PRODUCTION_ASSIGNMENT,1,
CAND_9a66068f01b9fee917da,2020/092,NAMED_PERSON_ON_ELIGIBLE_RECORD,POTENTIAL_NOT_PRODUCTION_ASSIGNMENT,1,
CAND_9a672711339a38ef7498,2023/029,NAMED_PERSON_ON_ELIGIBLE_RECORD,POTENTIAL_NOT_PRODUCTION_ASSIGNMENT,2,
CAND_9a672711339a38ef7498,2023/036,NAMED_PERSON_ON_ELIGIBLE_RECORD,POTENTIAL_NOT_PRODUCTION_ASSIGNMENT,2,
CAND_9a7525a2652756863fee,2024/208,NAMED_PERSON_ON_ELIGIBLE_RECORD,POTENTIAL_NOT_PRODUCTION_ASSIGNMENT,1,
CAND_9a82aea7bb1408651292,2023/281,NAMED_PERSON_ON_ELIGIBLE_RECORD,POTENTIAL_NOT_PRODUCTION_ASSIGNMENT,1,
CAND_9a97ff53c1d243c530bf,2023/095,NAMED_PERSON_ON_ELIGIBLE_RECORD,POTENTIAL_NOT_PRODUCTION_ASSIGNMENT,1,
CAND_9ab5a87812a8c8998ff6,2021/095,NAMED_PERSON_ON_ELIGIBLE_RECORD,POTENTIAL_NOT_PRODUCTION_ASSIGNMENT,1,
CAND_9ad9affc2fda26d15c91,2025/207,NAMED_PERSON_ON_ELIGIBLE_RECORD,POTENTIAL_NOT_PRODUCTION_ASSIGNMENT,1,
CAND_9ada446c280621cf84fd,2025/037,NAMED_PERSON_ON_ELIGIBLE_RECORD,POTENTIAL_NOT_PRODUCTION_ASSIGNMENT,1,
CAND_9ae5cdb2828946789c00,2025/267,NAMED_PERSON_ON_ELIGIBLE_RECORD,POTENTIAL_NOT_PRODUCTION_ASSIGNMENT,1,
CAND_9af605c04cccf2440e0b,2020/034,NAMED_PERSON_ON_ELIGIBLE_RECORD,POTENTIAL_NOT_PRODUCTION_ASSIGNMENT,1,
CAND_9b1210191c9843d2f2bf,2020/027,NAMED_PERSON_ON_ELIGIBLE_RECORD,POTENTIAL_NOT_PRODUCTION_ASSIGNMENT,1,
CAND_9b1c1a0e064f98d6c880,2022/037,NAMED_PERSON_ON_ELIGIBLE_RECORD,POTENTIAL_NOT_PRODUCTION_ASSIGNMENT,2,
CAND_9b1c1a0e064f98d6c880,2025/131,NAMED_PERSON_ON_ELIGIBLE_RECORD,POTENTIAL_NOT_PRODUCTION_ASSIGNMENT,2,
CAND_9b442a9953233bd9a15f,2023/044,NAMED_PERSON_ON_ELIGIBLE_RECORD,POTENTIAL_NOT_PRODUCTION_ASSIGNMENT,1,
CAND_9b48a28bb74966e6f137,2022/024,NAMED_PERSON_ON_ELIGIBLE_RECORD,POTENTIAL_NOT_PRODUCTION_ASSIGNMENT,1,
CAND_9b4d585c59bc78b5bcc8,2020/077,NAMED_PERSON_ON_ELIGIBLE_RECORD,POTENTIAL_NOT_PRODUCTION_ASSIGNMENT,2,
CAND_9b4d585c59bc78b5bcc8,2021/046,NAMED_PERSON_ON_ELIGIBLE_RECORD,POTENTIAL_NOT_PRODUCTION_ASSIGNMENT,2,
CAND_9b69aef048b9ec48a21f,2020/045,NAMED_PERSON_ON_ELIGIBLE_RECORD,POTENTIAL_NOT_PRODUCTION_ASSIGNMENT,2,
CAND_9b69aef048b9ec48a21f,2020/076,NAMED_PERSON_ON_ELIGIBLE_RECORD,POTENTIAL_NOT_PRODUCTION_ASSIGNMENT,2,
CAND_9b7e4b7c5d7df2d42b28,2020/129,NAMED_PERSON_ON_ELIGIBLE_RECORD,POTENTIAL_NOT_PRODUCTION_ASSIGNMENT,1,
CAND_9b8dc2b04b58c596e7c2,2022/161,NAMED_PERSON_ON_ELIGIBLE_RECORD,POTENTIAL_NOT_PRODUCTION_ASSIGNMENT,6,
CAND_9b8dc2b04b58c596e7c2,2022/163,NAMED_PERSON_ON_ELIGIBLE_RECORD,POTENTIAL_NOT_PRODUCTION_ASSIGNMENT,6,
CAND_9b8dc2b04b58c596e7c2,2024/027,NAMED_PERSON_ON_ELIGIBLE_RECORD,POTENTIAL_NOT_PRODUCTION_ASSIGNMENT,6,
CAND_9b8dc2b04b58c596e7c2,2024/049,NAMED_PERSON_ON_ELIGIBLE_RECORD,POTENTIAL_NOT_PRODUCTION_ASSIGNMENT,6,
CAND_9b8dc2b04b58c596e7c2,2024/158,NAMED_PERSON_ON_ELIGIBLE_RECORD,POTENTIAL_NOT_PRODUCTION_ASSIGNMENT,6,
CAND_9b8dc2b04b58c596e7c2,2024/173,NAMED_PERSON_ON_ELIGIBLE_RECORD,POTENTIAL_NOT_PRODUCTION_ASSIGNMENT,6,
CAND_9bd18faefa05cf998557,2022/154,NAMED_PERSON_ON_ELIGIBLE_RECORD,POTENTIAL_NOT_PRODUCTION_ASSIGNMENT,2,
CAND_9bd18faefa05cf998557,2026/089,NAMED_PERSON_ON_ELIGIBLE_RECORD,POTENTIAL_NOT_PRODUCTION_ASSIGNMENT,2,
CAND_9bead48a9d15830f002e,2021/046,NAMED_PERSON_ON_ELIGIBLE_RECORD,POTENTIAL_NOT_PRODUCTION_ASSIGNMENT,1,
CAND_9bf9306994074ab11d3b,2021/150,NAMED_PERSON_ON_ELIGIBLE_RECORD,POTENTIAL_NOT_PRODUCTION_ASSIGNMENT,4,
CAND_9bf9306994074ab11d3b,2021/159,NAMED_PERSON_ON_ELIGIBLE_RECORD,POTENTIAL_NOT_PRODUCTION_ASSIGNMENT,4,
CAND_9bf9306994074ab11d3b,2022/160,NAMED_PERSON_ON_ELIGIBLE_RECORD,POTENTIAL_NOT_PRODUCTION_ASSIGNMENT,4,
CAND_9bf9306994074ab11d3b,2023/082,NAMED_PERSON_ON_ELIGIBLE_RECORD,POTENTIAL_NOT_PRODUCTION_ASSIGNMENT,4,
CAND_9c0a7ea42d14fdc0d53d,2020/128,NAMED_PERSON_ON_ELIGIBLE_RECORD,POTENTIAL_NOT_PRODUCTION_ASSIGNMENT,2,
CAND_9c0a7ea42d14fdc0d53d,2022/111,NAMED_PERSON_ON_ELIGIBLE_RECORD,POTENTIAL_NOT_PRODUCTION_ASSIGNMENT,2,
CAND_9c0f84de818106d5c664,2022/078,NAMED_PERSON_ON_ELIGIBLE_RECORD,POTENTIAL_NOT_PRODUCTION_ASSIGNMENT,1,
CAND_9c294815ad163498ace5,2021/012,NAMED_PERSON_ON_ELIGIBLE_RECORD,POTENTIAL_NOT_PRODUCTION_ASSIGNMENT,1,
CAND_9c43deb722b9600e6602,2019/019,NAMED_PERSON_ON_ELIGIBLE_RECORD,POTENTIAL_NOT_PRODUCTION_ASSIGNMENT,1,
CAND_9c55869d3d9d86f99e90,2024/090,NAMED_PERSON_ON_ELIGIBLE_RECORD,POTENTIAL_NOT_PRODUCTION_ASSIGNMENT,1,
CAND_9c6857122dcf6ae908db,2020/027,NAMED_PERSON_ON_ELIGIBLE_RECORD,POTENTIAL_NOT_PRODUCTION_ASSIGNMENT,1,
CAND_9c7227efdab1bc2f58c1,2020/027,NAMED_PERSON_ON_ELIGIBLE_RECORD,POTENTIAL_NOT_PRODUCTION_ASSIGNMENT,1,
CAND_9c9712dcdfb0c023e4d4,2021/140,NAMED_PERSON_ON_ELIGIBLE_RECORD,POTENTIAL_NOT_PRODUCTION_ASSIGNMENT,1,
CAND_9cb7f4501124d007dd89,2024/040,NAMED_PERSON_ON_ELIGIBLE_RECORD,POTENTIAL_NOT_PRODUCTION_ASSIGNMENT,2,
CAND_9cb7f4501124d007dd89,2024/201,NAMED_PERSON_ON_ELIGIBLE_RECORD,POTENTIAL_NOT_PRODUCTION_ASSIGNMENT,2,
CAND_9ccf38473c5f90644f3e,2025/015,NAMED_PERSON_ON_ELIGIBLE_RECORD,POTENTIAL_NOT_PRODUCTION_ASSIGNMENT,1,
CAND_9ce089e1861ec47c8b00,2022/113,NAMED_PERSON_ON_ELIGIBLE_RECORD,POTENTIAL_NOT_PRODUCTION_ASSIGNMENT,1,
CAND_9d01cc99221b4c34366a,2021/162,NAMED_PERSON_ON_ELIGIBLE_RECORD,POTENTIAL_NOT_PRODUCTION_ASSIGNMENT,2,
CAND_9d01cc99221b4c34366a,2024/174,NAMED_PERSON_ON_ELIGIBLE_RECORD,POTENTIAL_NOT_PRODUCTION_ASSIGNMENT,2,
CAND_9d07013c153f8e44aafc,2021/082,NAMED_PERSON_ON_ELIGIBLE_RECORD,POTENTIAL_NOT_PRODUCTION_ASSIGNMENT,1,
CAND_9d1686d2cb758aac4619,2023/193,NAMED_PERSON_ON_ELIGIBLE_RECORD,POTENTIAL_NOT_PRODUCTION_ASSIGNMENT,2,
CAND_9d1686d2cb758aac4619,2025/145,NAMED_PERSON_ON_ELIGIBLE_RECORD,POTENTIAL_NOT_PRODUCTION_ASSIGNMENT,2,
CAND_9d1d20b6835762047d3e,2020/027,NAMED_PERSON_ON_ELIGIBLE_RECORD,POTENTIAL_NOT_PRODUCTION_ASSIGNMENT,1,
CAND_9d3840a7168053cfc830,2020/027,NAMED_PERSON_ON_ELIGIBLE_RECORD,POTENTIAL_NOT_PRODUCTION_ASSIGNMENT,1,
CAND_9d55f6e785b91eae2697,2021/012,NAMED_PERSON_ON_ELIGIBLE_RECORD,POTENTIAL_NOT_PRODUCTION_ASSIGNMENT,1,
CAND_9e02dec22afe3eb6d594,2024/024,NAMED_PERSON_ON_ELIGIBLE_RECORD,POTENTIAL_NOT_PRODUCTION_ASSIGNMENT,1,
CAND_9e07576b10e236f26736,2026/028,NAMED_PERSON_ON_ELIGIBLE_RECORD,POTENTIAL_NOT_PRODUCTION_ASSIGNMENT,1,
CAND_9e25a3dc22b0c2efb7fd,2026/054,NAMED_PERSON_ON_ELIGIBLE_RECORD,POTENTIAL_NOT_PRODUCTION_ASSIGNMENT,1,
CAND_9e4dc8208a574263c0b9,2024/020,NAMED_PERSON_ON_ELIGIBLE_RECORD,POTENTIAL_NOT_PRODUCTION_ASSIGNMENT,3,
CAND_9e4dc8208a574263c0b9,2024/184,NAMED_PERSON_ON_ELIGIBLE_RECORD,POTENTIAL_NOT_PRODUCTION_ASSIGNMENT,3,
CAND_9e4dc8208a574263c0b9,2026/081,NAMED_PERSON_ON_ELIGIBLE_RECORD,POTENTIAL_NOT_PRODUCTION_ASSIGNMENT,3,
CAND_9e570d2b9690efaaad29,2026/008,NAMED_PERSON_ON_ELIGIBLE_RECORD,POTENTIAL_NOT_PRODUCTION_ASSIGNMENT,1,
CAND_9e841bf63a6084c4b3ee,2024/055,NAMED_PERSON_ON_ELIGIBLE_RECORD,POTENTIAL_NOT_PRODUCTION_ASSIGNMENT,2,
CAND_9e841bf63a6084c4b3ee,2024/143,NAMED_PERSON_ON_ELIGIBLE_RECORD,POTENTIAL_NOT_PRODUCTION_ASSIGNMENT,2,
CAND_9e8805b413e73611295a,2023/310,NAMED_PERSON_ON_ELIGIBLE_RECORD,POTENTIAL_NOT_PRODUCTION_ASSIGNMENT,1,
CAND_9f1fe8f2052683418fdb,2020/049,NAMED_PERSON_ON_ELIGIBLE_RECORD,POTENTIAL_NOT_PRODUCTION_ASSIGNMENT,10,HIGH_COUNT_GE_10
CAND_9f1fe8f2052683418fdb,2020/121,NAMED_PERSON_ON_ELIGIBLE_RECORD,POTENTIAL_NOT_PRODUCTION_ASSIGNMENT,10,HIGH_COUNT_GE_10
CAND_9f1fe8f2052683418fdb,2022/103,NAMED_PERSON_ON_ELIGIBLE_RECORD,POTENTIAL_NOT_PRODUCTION_ASSIGNMENT,10,HIGH_COUNT_GE_10
CAND_9f1fe8f2052683418fdb,2022/107,NAMED_PERSON_ON_ELIGIBLE_RECORD,POTENTIAL_NOT_PRODUCTION_ASSIGNMENT,10,HIGH_COUNT_GE_10
CAND_9f1fe8f2052683418fdb,2023/235,NAMED_PERSON_ON_ELIGIBLE_RECORD,POTENTIAL_NOT_PRODUCTION_ASSIGNMENT,10,HIGH_COUNT_GE_10
CAND_9f1fe8f2052683418fdb,2023/288,NAMED_PERSON_ON_ELIGIBLE_RECORD,POTENTIAL_NOT_PRODUCTION_ASSIGNMENT,10,HIGH_COUNT_GE_10
CAND_9f1fe8f2052683418fdb,2024/093,NAMED_PERSON_ON_ELIGIBLE_RECORD,POTENTIAL_NOT_PRODUCTION_ASSIGNMENT,10,HIGH_COUNT_GE_10
CAND_9f1fe8f2052683418fdb,2025/043,NAMED_PERSON_ON_ELIGIBLE_RECORD,POTENTIAL_NOT_PRODUCTION_ASSIGNMENT,10,HIGH_COUNT_GE_10
CAND_9f1fe8f2052683418fdb,2025/228,NAMED_PERSON_ON_ELIGIBLE_RECORD,POTENTIAL_NOT_PRODUCTION_ASSIGNMENT,10,HIGH_COUNT_GE_10
CAND_9f1fe8f2052683418fdb,2026/054,NAMED_PERSON_ON_ELIGIBLE_RECORD,POTENTIAL_NOT_PRODUCTION_ASSIGNMENT,10,HIGH_COUNT_GE_10
CAND_9f3ced583725941a94a1,2023/016,NAMED_PERSON_ON_ELIGIBLE_RECORD,POTENTIAL_NOT_PRODUCTION_ASSIGNMENT,1,
CAND_9f575c1583e8458ef847,2024/070,NAMED_PERSON_ON_ELIGIBLE_RECORD,POTENTIAL_NOT_PRODUCTION_ASSIGNMENT,1,
CAND_9f5fe63ef13821caf2a3,2023/172,NAMED_PERSON_ON_ELIGIBLE_RECORD,POTENTIAL_NOT_PRODUCTION_ASSIGNMENT,1,
CAND_9f84a055cf17cc7253e1,2025/109,NAMED_PERSON_ON_ELIGIBLE_RECORD,POTENTIAL_NOT_PRODUCTION_ASSIGNMENT,1,
CAND_9f934944b4c6e0cd3176,2023/048,NAMED_PERSON_ON_ELIGIBLE_RECORD,POTENTIAL_NOT_PRODUCTION_ASSIGNMENT,2,
CAND_9f934944b4c6e0cd3176,2023/155,NAMED_PERSON_ON_ELIGIBLE_RECORD,POTENTIAL_NOT_PRODUCTION_ASSIGNMENT,2,
CAND_9f961e71cac1a2a7d9ca,2023/262,NAMED_PERSON_ON_ELIGIBLE_RECORD,POTENTIAL_NOT_PRODUCTION_ASSIGNMENT,1,
CAND_9faf37fb27231336c88f,2021/075,NAMED_PERSON_ON_ELIGIBLE_RECORD,POTENTIAL_NOT_PRODUCTION_ASSIGNMENT,1,
CAND_9fd47c3f5bb38a610c31,2024/213,NAMED_PERSON_ON_ELIGIBLE_RECORD,POTENTIAL_NOT_PRODUCTION_ASSIGNMENT,1,
CAND_a007d16cfd20dfa1a477,2024/003,NAMED_PERSON_ON_ELIGIBLE_RECORD,POTENTIAL_NOT_PRODUCTION_ASSIGNMENT,1,
CAND_a00e397f1db6783231db,2026/077,NAMED_PERSON_ON_ELIGIBLE_RECORD,POTENTIAL_NOT_PRODUCTION_ASSIGNMENT,1,
CAND_a019c141bb64241bf793,2022/153,NAMED_PERSON_ON_ELIGIBLE_RECORD,POTENTIAL_NOT_PRODUCTION_ASSIGNMENT,1,
CAND_a02a79aa0058990ab086,2026/047,NAMED_PERSON_ON_ELIGIBLE_RECORD,POTENTIAL_NOT_PRODUCTION_ASSIGNMENT,1,
CAND_a03e2d19ae1edf39a5f2,2025/016,NAMED_PERSON_ON_ELIGIBLE_RECORD,POTENTIAL_NOT_PRODUCTION_ASSIGNMENT,1,
CAND_a0457fbeee2f2f969ec8,2025/127,NAMED_PERSON_ON_ELIGIBLE_RECORD,POTENTIAL_NOT_PRODUCTION_ASSIGNMENT,1,
CAND_a06d912b0713e09e4757,2022/093,NAMED_PERSON_ON_ELIGIBLE_RECORD,POTENTIAL_NOT_PRODUCTION_ASSIGNMENT,3,
CAND_a06d912b0713e09e4757,2022/144,NAMED_PERSON_ON_ELIGIBLE_RECORD,POTENTIAL_NOT_PRODUCTION_ASSIGNMENT,3,
CAND_a06d912b0713e09e4757,2023/033,NAMED_PERSON_ON_ELIGIBLE_RECORD,POTENTIAL_NOT_PRODUCTION_ASSIGNMENT,3,
CAND_a0702c67905da996f495,2020/070,NAMED_PERSON_ON_ELIGIBLE_RECORD,POTENTIAL_NOT_PRODUCTION_ASSIGNMENT,1,
CAND_a0760bfa386a495d1791,2023/009,NAMED_PERSON_ON_ELIGIBLE_RECORD,POTENTIAL_NOT_PRODUCTION_ASSIGNMENT,1,
CAND_a0a6fe49fa7ecd02b41e,2023/007,NAMED_PERSON_ON_ELIGIBLE_RECORD,POTENTIAL_NOT_PRODUCTION_ASSIGNMENT,1,
CAND_a0e1ac4c7da1d4a2b13a,2020/018,NAMED_PERSON_ON_ELIGIBLE_RECORD,POTENTIAL_NOT_PRODUCTION_ASSIGNMENT,6,
CAND_a0e1ac4c7da1d4a2b13a,2021/005,NAMED_PERSON_ON_ELIGIBLE_RECORD,POTENTIAL_NOT_PRODUCTION_ASSIGNMENT,6,
CAND_a0e1ac4c7da1d4a2b13a,2021/020,NAMED_PERSON_ON_ELIGIBLE_RECORD,POTENTIAL_NOT_PRODUCTION_ASSIGNMENT,6,
CAND_a0e1ac4c7da1d4a2b13a,2021/123,NAMED_PERSON_ON_ELIGIBLE_RECORD,POTENTIAL_NOT_PRODUCTION_ASSIGNMENT,6,
CAND_a0e1ac4c7da1d4a2b13a,2022/093,NAMED_PERSON_ON_ELIGIBLE_RECORD,POTENTIAL_NOT_PRODUCTION_ASSIGNMENT,6,
CAND_a0e1ac4c7da1d4a2b13a,2025/093,NAMED_PERSON_ON_ELIGIBLE_RECORD,POTENTIAL_NOT_PRODUCTION_ASSIGNMENT,6,
CAND_a0f158654ad38a6813a3,2025/066,NAMED_PERSON_ON_ELIGIBLE_RECORD,POTENTIAL_NOT_PRODUCTION_ASSIGNMENT,1,
CAND_a10acc897d06ef09f0d0,2023/095,NAMED_PERSON_ON_ELIGIBLE_RECORD,POTENTIAL_NOT_PRODUCTION_ASSIGNMENT,2,
CAND_a10acc897d06ef09f0d0,2025/242,NAMED_PERSON_ON_ELIGIBLE_RECORD,POTENTIAL_NOT_PRODUCTION_ASSIGNMENT,2,
CAND_a10b9fc7312a9aa6c9a6,2022/114,NAMED_PERSON_ON_ELIGIBLE_RECORD,POTENTIAL_NOT_PRODUCTION_ASSIGNMENT,1,
CAND_a13d787725e8d801b629,2020/027,NAMED_PERSON_ON_ELIGIBLE_RECORD,POTENTIAL_NOT_PRODUCTION_ASSIGNMENT,3,
CAND_a13d787725e8d801b629,2021/012,NAMED_PERSON_ON_ELIGIBLE_RECORD,POTENTIAL_NOT_PRODUCTION_ASSIGNMENT,3,
CAND_a13d787725e8d801b629,2023/228,NAMED_PERSON_ON_ELIGIBLE_RECORD,POTENTIAL_NOT_PRODUCTION_ASSIGNMENT,3,
CAND_a151c2e9d082b6734fe8,2023/042,NAMED_PERSON_ON_ELIGIBLE_RECORD,POTENTIAL_NOT_PRODUCTION_ASSIGNMENT,1,
CAND_a17750625f0965c9629d,2025/003,NAMED_PERSON_ON_ELIGIBLE_RECORD,POTENTIAL_NOT_PRODUCTION_ASSIGNMENT,1,
CAND_a180f8841f647411fe90,2022/204,NAMED_PERSON_ON_ELIGIBLE_RECORD,POTENTIAL_NOT_PRODUCTION_ASSIGNMENT,1,
CAND_a199dbf768ff681c0f0e,2026/085,NAMED_PERSON_ON_ELIGIBLE_RECORD,POTENTIAL_NOT_PRODUCTION_ASSIGNMENT,1,
CAND_a1b5474a38fe1ae46428,2025/174,NAMED_PERSON_ON_ELIGIBLE_RECORD,POTENTIAL_NOT_PRODUCTION_ASSIGNMENT,1,
CAND_a1b639c43787480f41cb,2025/033,NAMED_PERSON_ON_ELIGIBLE_RECORD,POTENTIAL_NOT_PRODUCTION_ASSIGNMENT,1,
CAND_a1d78f55e684744c0276,2023/067,NAMED_PERSON_ON_ELIGIBLE_RECORD,POTENTIAL_NOT_PRODUCTION_ASSIGNMENT,2,
CAND_a1d78f55e684744c0276,2024/205,NAMED_PERSON_ON_ELIGIBLE_RECORD,POTENTIAL_NOT_PRODUCTION_ASSIGNMENT,2,
CAND_a1d97487f5eff2995976,2022/070,NAMED_PERSON_ON_ELIGIBLE_RECORD,POTENTIAL_NOT_PRODUCTION_ASSIGNMENT,1,
CAND_a1ddf34c0fd5890fbaa3,2025/067,NAMED_PERSON_ON_ELIGIBLE_RECORD,POTENTIAL_NOT_PRODUCTION_ASSIGNMENT,1,
CAND_a1dff678aeda41994202,2022/132,NAMED_PERSON_ON_ELIGIBLE_RECORD,POTENTIAL_NOT_PRODUCTION_ASSIGNMENT,1,
CAND_a1e4d581de457f3e5980,2022/024,NAMED_PERSON_ON_ELIGIBLE_RECORD,POTENTIAL_NOT_PRODUCTION_ASSIGNMENT,1,
CAND_a210293428d657b4b5f0,2020/104,NAMED_PERSON_ON_ELIGIBLE_RECORD,POTENTIAL_NOT_PRODUCTION_ASSIGNMENT,1,
CAND_a21b043f023baf1f6888,2021/002,NAMED_PERSON_ON_ELIGIBLE_RECORD,POTENTIAL_NOT_PRODUCTION_ASSIGNMENT,1,
CAND_a239b33757fde3854483,2025/193,NAMED_PERSON_ON_ELIGIBLE_RECORD,POTENTIAL_NOT_PRODUCTION_ASSIGNMENT,1,
CAND_a251029a4ddd6dad55cb,2021/100,NAMED_PERSON_ON_ELIGIBLE_RECORD,POTENTIAL_NOT_PRODUCTION_ASSIGNMENT,1,
CAND_a29e7892188d401c2d77,2024/172,NAMED_PERSON_ON_ELIGIBLE_RECORD,POTENTIAL_NOT_PRODUCTION_ASSIGNMENT,1,
CAND_a2cb2dbd233fe7dba19f,2021/128,NAMED_PERSON_ON_ELIGIBLE_RECORD,POTENTIAL_NOT_PRODUCTION_ASSIGNMENT,1,
CAND_a2cec8dbc85707fe1cb0,2024/096,NAMED_PERSON_ON_ELIGIBLE_RECORD,POTENTIAL_NOT_PRODUCTION_ASSIGNMENT,1,
CAND_a2f34073e10784055192,2020/128,NAMED_PERSON_ON_ELIGIBLE_RECORD,POTENTIAL_NOT_PRODUCTION_ASSIGNMENT,12,HIGH_COUNT_GE_10
CAND_a2f34073e10784055192,2020/129,NAMED_PERSON_ON_ELIGIBLE_RECORD,POTENTIAL_NOT_PRODUCTION_ASSIGNMENT,12,HIGH_COUNT_GE_10
CAND_a2f34073e10784055192,2021/025,NAMED_PERSON_ON_ELIGIBLE_RECORD,POTENTIAL_NOT_PRODUCTION_ASSIGNMENT,12,HIGH_COUNT_GE_10
CAND_a2f34073e10784055192,2022/111,NAMED_PERSON_ON_ELIGIBLE_RECORD,POTENTIAL_NOT_PRODUCTION_ASSIGNMENT,12,HIGH_COUNT_GE_10
CAND_a2f34073e10784055192,2023/004,NAMED_PERSON_ON_ELIGIBLE_RECORD,POTENTIAL_NOT_PRODUCTION_ASSIGNMENT,12,HIGH_COUNT_GE_10
CAND_a2f34073e10784055192,2023/056,NAMED_PERSON_ON_ELIGIBLE_RECORD,POTENTIAL_NOT_PRODUCTION_ASSIGNMENT,12,HIGH_COUNT_GE_10
CAND_a2f34073e10784055192,2023/166,NAMED_PERSON_ON_ELIGIBLE_RECORD,POTENTIAL_NOT_PRODUCTION_ASSIGNMENT,12,HIGH_COUNT_GE_10
CAND_a2f34073e10784055192,2024/088,NAMED_PERSON_ON_ELIGIBLE_RECORD,POTENTIAL_NOT_PRODUCTION_ASSIGNMENT,12,HIGH_COUNT_GE_10
CAND_a2f34073e10784055192,2025/158,NAMED_PERSON_ON_ELIGIBLE_RECORD,POTENTIAL_NOT_PRODUCTION_ASSIGNMENT,12,HIGH_COUNT_GE_10
CAND_a2f34073e10784055192,2025/209,NAMED_PERSON_ON_ELIGIBLE_RECORD,POTENTIAL_NOT_PRODUCTION_ASSIGNMENT,12,HIGH_COUNT_GE_10
CAND_a2f34073e10784055192,2025/241,NAMED_PERSON_ON_ELIGIBLE_RECORD,POTENTIAL_NOT_PRODUCTION_ASSIGNMENT,12,HIGH_COUNT_GE_10
CAND_a2f34073e10784055192,2025/257,NAMED_PERSON_ON_ELIGIBLE_RECORD,POTENTIAL_NOT_PRODUCTION_ASSIGNMENT,12,HIGH_COUNT_GE_10
CAND_a30c469814f8217c6c1a,2020/099,NAMED_PERSON_ON_ELIGIBLE_RECORD,POTENTIAL_NOT_PRODUCTION_ASSIGNMENT,1,
CAND_a30eed6cbd9eb8488abd,2020/023,NAMED_PERSON_ON_ELIGIBLE_RECORD,POTENTIAL_NOT_PRODUCTION_ASSIGNMENT,1,
CAND_a31277881f592913f630,2022/194,NAMED_PERSON_ON_ELIGIBLE_RECORD,POTENTIAL_NOT_PRODUCTION_ASSIGNMENT,2,
CAND_a31277881f592913f630,2024/184,NAMED_PERSON_ON_ELIGIBLE_RECORD,POTENTIAL_NOT_PRODUCTION_ASSIGNMENT,2,
CAND_a33f3ff1d1f6394d0508,2023/067,NAMED_PERSON_ON_ELIGIBLE_RECORD,POTENTIAL_NOT_PRODUCTION_ASSIGNMENT,1,
CAND_a341a21f31b14df493ff,2026/033,NAMED_PERSON_ON_ELIGIBLE_RECORD,POTENTIAL_NOT_PRODUCTION_ASSIGNMENT,1,
CAND_a348a5339c96f46d2d2a,2020/030/a,NAMED_PERSON_ON_ELIGIBLE_RECORD,POTENTIAL_NOT_PRODUCTION_ASSIGNMENT,2,
CAND_a348a5339c96f46d2d2a,2023/299,NAMED_PERSON_ON_ELIGIBLE_RECORD,POTENTIAL_NOT_PRODUCTION_ASSIGNMENT,2,
CAND_a355092a9639a67022cc,2023/215,NAMED_PERSON_ON_ELIGIBLE_RECORD,POTENTIAL_NOT_PRODUCTION_ASSIGNMENT,1,
CAND_a36f2d75f484ae724f19,2022/099,NAMED_PERSON_ON_ELIGIBLE_RECORD,POTENTIAL_NOT_PRODUCTION_ASSIGNMENT,1,
CAND_a3a09300cfc8ec777312,2024/013,NAMED_PERSON_ON_ELIGIBLE_RECORD,POTENTIAL_NOT_PRODUCTION_ASSIGNMENT,2,
CAND_a3a09300cfc8ec777312,2026/025,NAMED_PERSON_ON_ELIGIBLE_RECORD,POTENTIAL_NOT_PRODUCTION_ASSIGNMENT,2,
CAND_a3c3ca78f8bc62ecade8,2022/203,NAMED_PERSON_ON_ELIGIBLE_RECORD,POTENTIAL_NOT_PRODUCTION_ASSIGNMENT,1,
CAND_a3dd83db36bdb916d510,2025/121,NAMED_PERSON_ON_ELIGIBLE_RECORD,POTENTIAL_NOT_PRODUCTION_ASSIGNMENT,1,
CAND_a3e462d47d5995e23866,2023/162,NAMED_PERSON_ON_ELIGIBLE_RECORD,POTENTIAL_NOT_PRODUCTION_ASSIGNMENT,4,
CAND_a3e462d47d5995e23866,2023/166,NAMED_PERSON_ON_ELIGIBLE_RECORD,POTENTIAL_NOT_PRODUCTION_ASSIGNMENT,4,
CAND_a3e462d47d5995e23866,2024/088,NAMED_PERSON_ON_ELIGIBLE_RECORD,POTENTIAL_NOT_PRODUCTION_ASSIGNMENT,4,
CAND_a3e462d47d5995e23866,2025/158,NAMED_PERSON_ON_ELIGIBLE_RECORD,POTENTIAL_NOT_PRODUCTION_ASSIGNMENT,4,
CAND_a3e7fdce893c197c2793,2022/030,NAMED_PERSON_ON_ELIGIBLE_RECORD,POTENTIAL_NOT_PRODUCTION_ASSIGNMENT,1,
CAND_a3f4a621df2f7b52a4da,2025/146,NAMED_PERSON_ON_ELIGIBLE_RECORD,POTENTIAL_NOT_PRODUCTION_ASSIGNMENT,1,
CAND_a4104250f1518d37ee76,2022/100,NAMED_PERSON_ON_ELIGIBLE_RECORD,POTENTIAL_NOT_PRODUCTION_ASSIGNMENT,1,
CAND_a4106ba3edeb976e7fa8,2021/060,NAMED_PERSON_ON_ELIGIBLE_RECORD,POTENTIAL_NOT_PRODUCTION_ASSIGNMENT,1,
CAND_a41d0c4b378aa39f9806,2021/143,NAMED_PERSON_ON_ELIGIBLE_RECORD,POTENTIAL_NOT_PRODUCTION_ASSIGNMENT,2,
CAND_a41d0c4b378aa39f9806,2023/038,NAMED_PERSON_ON_ELIGIBLE_RECORD,POTENTIAL_NOT_PRODUCTION_ASSIGNMENT,2,
CAND_a41e692cbb86d1f07fec,2023/259,NAMED_PERSON_ON_ELIGIBLE_RECORD,POTENTIAL_NOT_PRODUCTION_ASSIGNMENT,1,
CAND_a421c80858bfefe9839a,2023/291,NAMED_PERSON_ON_ELIGIBLE_RECORD,POTENTIAL_NOT_PRODUCTION_ASSIGNMENT,1,
CAND_a4440bf9d84279d1998f,2022/005,NAMED_PERSON_ON_ELIGIBLE_RECORD,POTENTIAL_NOT_PRODUCTION_ASSIGNMENT,1,
CAND_a475122be7245349f7c8,2025/183,NAMED_PERSON_ON_ELIGIBLE_RECORD,POTENTIAL_NOT_PRODUCTION_ASSIGNMENT,4,
CAND_a475122be7245349f7c8,2025/188,NAMED_PERSON_ON_ELIGIBLE_RECORD,POTENTIAL_NOT_PRODUCTION_ASSIGNMENT,4,
CAND_a475122be7245349f7c8,2025/200,NAMED_PERSON_ON_ELIGIBLE_RECORD,POTENTIAL_NOT_PRODUCTION_ASSIGNMENT,4,
CAND_a475122be7245349f7c8,2026/007,NAMED_PERSON_ON_ELIGIBLE_RECORD,POTENTIAL_NOT_PRODUCTION_ASSIGNMENT,4,
CAND_a4dc9245f1d275aa2372,2026/066,NAMED_PERSON_ON_ELIGIBLE_RECORD,POTENTIAL_NOT_PRODUCTION_ASSIGNMENT,1,
CAND_a4f3093a4c24aee641e7,2024/151,NAMED_PERSON_ON_ELIGIBLE_RECORD,POTENTIAL_NOT_PRODUCTION_ASSIGNMENT,1,
CAND_a4fc84c789efee54673b,2024/110,NAMED_PERSON_ON_ELIGIBLE_RECORD,POTENTIAL_NOT_PRODUCTION_ASSIGNMENT,1,
CAND_a501136d99a5fe13894e,2019/019,NAMED_PERSON_ON_ELIGIBLE_RECORD,POTENTIAL_NOT_PRODUCTION_ASSIGNMENT,3,
CAND_a501136d99a5fe13894e,2021/098,NAMED_PERSON_ON_ELIGIBLE_RECORD,POTENTIAL_NOT_PRODUCTION_ASSIGNMENT,3,
CAND_a501136d99a5fe13894e,2021/138,NAMED_PERSON_ON_ELIGIBLE_RECORD,POTENTIAL_NOT_PRODUCTION_ASSIGNMENT,3,
CAND_a5151f5c5fba23537a4d,2020/081,NAMED_PERSON_ON_ELIGIBLE_RECORD,POTENTIAL_NOT_PRODUCTION_ASSIGNMENT,1,
CAND_a544bf63a07249a9dc55,2025/056,NAMED_PERSON_ON_ELIGIBLE_RECORD,POTENTIAL_NOT_PRODUCTION_ASSIGNMENT,1,
CAND_a564b9a95a8620a27bdd,2020/104,NAMED_PERSON_ON_ELIGIBLE_RECORD,POTENTIAL_NOT_PRODUCTION_ASSIGNMENT,2,
CAND_a564b9a95a8620a27bdd,2025/021,NAMED_PERSON_ON_ELIGIBLE_RECORD,POTENTIAL_NOT_PRODUCTION_ASSIGNMENT,2,
CAND_a58bf052a2e95cd8eddf,2023/228,NAMED_PERSON_ON_ELIGIBLE_RECORD,POTENTIAL_NOT_PRODUCTION_ASSIGNMENT,1,
CAND_a595ac57fa8d43152cf4,2020/084,NAMED_PERSON_ON_ELIGIBLE_RECORD,POTENTIAL_NOT_PRODUCTION_ASSIGNMENT,1,
CAND_a59fcbde4e55d48a40f6,2022/134,NAMED_PERSON_ON_ELIGIBLE_RECORD,POTENTIAL_NOT_PRODUCTION_ASSIGNMENT,2,
CAND_a59fcbde4e55d48a40f6,2025/053,NAMED_PERSON_ON_ELIGIBLE_RECORD,POTENTIAL_NOT_PRODUCTION_ASSIGNMENT,2,
CAND_a5a1d3f066248fef6812,2023/217,NAMED_PERSON_ON_ELIGIBLE_RECORD,POTENTIAL_NOT_PRODUCTION_ASSIGNMENT,1,
CAND_a5b46049180397522667,2023/241,NAMED_PERSON_ON_ELIGIBLE_RECORD,POTENTIAL_NOT_PRODUCTION_ASSIGNMENT,1,
CAND_a5b5c2fd6c5eb7c0009f,2020/027,NAMED_PERSON_ON_ELIGIBLE_RECORD,POTENTIAL_NOT_PRODUCTION_ASSIGNMENT,1,
CAND_a5dd3dd6b15c64b850b9,2020/020,NAMED_PERSON_ON_ELIGIBLE_RECORD,POTENTIAL_NOT_PRODUCTION_ASSIGNMENT,2,
CAND_a5dd3dd6b15c64b850b9,2021/155,NAMED_PERSON_ON_ELIGIBLE_RECORD,POTENTIAL_NOT_PRODUCTION_ASSIGNMENT,2,
CAND_a5ddd0e59b2057a78d7b,2023/309,NAMED_PERSON_ON_ELIGIBLE_RECORD,POTENTIAL_NOT_PRODUCTION_ASSIGNMENT,1,
CAND_a602bd6bc079c4c3e92f,2024/119,NAMED_PERSON_ON_ELIGIBLE_RECORD,POTENTIAL_NOT_PRODUCTION_ASSIGNMENT,1,
CAND_a60a4d51580fdd068fb3,2024/010,NAMED_PERSON_ON_ELIGIBLE_RECORD,POTENTIAL_NOT_PRODUCTION_ASSIGNMENT,1,
CAND_a64928338a0b5dbdf0d8,2021/185,NAMED_PERSON_ON_ELIGIBLE_RECORD,POTENTIAL_NOT_PRODUCTION_ASSIGNMENT,1,
CAND_a660550b794480de5013,2021/094,NAMED_PERSON_ON_ELIGIBLE_RECORD,POTENTIAL_NOT_PRODUCTION_ASSIGNMENT,1,
CAND_a6c55c89e010efbd89fa,2022/091,NAMED_PERSON_ON_ELIGIBLE_RECORD,POTENTIAL_NOT_PRODUCTION_ASSIGNMENT,3,
CAND_a6c55c89e010efbd89fa,2023/037,NAMED_PERSON_ON_ELIGIBLE_RECORD,POTENTIAL_NOT_PRODUCTION_ASSIGNMENT,3,
CAND_a6c55c89e010efbd89fa,2025/120,NAMED_PERSON_ON_ELIGIBLE_RECORD,POTENTIAL_NOT_PRODUCTION_ASSIGNMENT,3,
CAND_a6f4f16c7f23f37935aa,2022/064,NAMED_PERSON_ON_ELIGIBLE_RECORD,POTENTIAL_NOT_PRODUCTION_ASSIGNMENT,1,
CAND_a751a49cc33c0a4d1940,2023/282,NAMED_PERSON_ON_ELIGIBLE_RECORD,POTENTIAL_NOT_PRODUCTION_ASSIGNMENT,2,
CAND_a751a49cc33c0a4d1940,2023/283,NAMED_PERSON_ON_ELIGIBLE_RECORD,POTENTIAL_NOT_PRODUCTION_ASSIGNMENT,2,
CAND_a75f85d41c99f75bc2c3,2020/121,NAMED_PERSON_ON_ELIGIBLE_RECORD,POTENTIAL_NOT_PRODUCTION_ASSIGNMENT,4,
CAND_a75f85d41c99f75bc2c3,2022/065,NAMED_PERSON_ON_ELIGIBLE_RECORD,POTENTIAL_NOT_PRODUCTION_ASSIGNMENT,4,
CAND_a75f85d41c99f75bc2c3,2022/077,NAMED_PERSON_ON_ELIGIBLE_RECORD,POTENTIAL_NOT_PRODUCTION_ASSIGNMENT,4,
CAND_a75f85d41c99f75bc2c3,2022/103,NAMED_PERSON_ON_ELIGIBLE_RECORD,POTENTIAL_NOT_PRODUCTION_ASSIGNMENT,4,
CAND_a77280f9f641da2acf15,2025/233,NAMED_PERSON_ON_ELIGIBLE_RECORD,POTENTIAL_NOT_PRODUCTION_ASSIGNMENT,1,
CAND_a7777f9ba4778cf1b752,2024/163,NAMED_PERSON_ON_ELIGIBLE_RECORD,POTENTIAL_NOT_PRODUCTION_ASSIGNMENT,1,
CAND_a777878e928054f3649b,2022/174,NAMED_PERSON_ON_ELIGIBLE_RECORD,POTENTIAL_NOT_PRODUCTION_ASSIGNMENT,12,HIGH_COUNT_GE_10
CAND_a777878e928054f3649b,2022/186,NAMED_PERSON_ON_ELIGIBLE_RECORD,POTENTIAL_NOT_PRODUCTION_ASSIGNMENT,12,HIGH_COUNT_GE_10
CAND_a777878e928054f3649b,2023/010,NAMED_PERSON_ON_ELIGIBLE_RECORD,POTENTIAL_NOT_PRODUCTION_ASSIGNMENT,12,HIGH_COUNT_GE_10
CAND_a777878e928054f3649b,2023/235,NAMED_PERSON_ON_ELIGIBLE_RECORD,POTENTIAL_NOT_PRODUCTION_ASSIGNMENT,12,HIGH_COUNT_GE_10
CAND_a777878e928054f3649b,2023/252,NAMED_PERSON_ON_ELIGIBLE_RECORD,POTENTIAL_NOT_PRODUCTION_ASSIGNMENT,12,HIGH_COUNT_GE_10
CAND_a777878e928054f3649b,2023/288,NAMED_PERSON_ON_ELIGIBLE_RECORD,POTENTIAL_NOT_PRODUCTION_ASSIGNMENT,12,HIGH_COUNT_GE_10
CAND_a777878e928054f3649b,2024/093,NAMED_PERSON_ON_ELIGIBLE_RECORD,POTENTIAL_NOT_PRODUCTION_ASSIGNMENT,12,HIGH_COUNT_GE_10
CAND_a777878e928054f3649b,2025/016,NAMED_PERSON_ON_ELIGIBLE_RECORD,POTENTIAL_NOT_PRODUCTION_ASSIGNMENT,12,HIGH_COUNT_GE_10
CAND_a777878e928054f3649b,2025/043,NAMED_PERSON_ON_ELIGIBLE_RECORD,POTENTIAL_NOT_PRODUCTION_ASSIGNMENT,12,HIGH_COUNT_GE_10
CAND_a777878e928054f3649b,2025/145,NAMED_PERSON_ON_ELIGIBLE_RECORD,POTENTIAL_NOT_PRODUCTION_ASSIGNMENT,12,HIGH_COUNT_GE_10
CAND_a777878e928054f3649b,2025/228,NAMED_PERSON_ON_ELIGIBLE_RECORD,POTENTIAL_NOT_PRODUCTION_ASSIGNMENT,12,HIGH_COUNT_GE_10
CAND_a777878e928054f3649b,2026/054,NAMED_PERSON_ON_ELIGIBLE_RECORD,POTENTIAL_NOT_PRODUCTION_ASSIGNMENT,12,HIGH_COUNT_GE_10
CAND_a791a52e7bedc2352044,2024/237,NAMED_PERSON_ON_ELIGIBLE_RECORD,POTENTIAL_NOT_PRODUCTION_ASSIGNMENT,1,
CAND_a7bc20c41ebc9ef1dc03,2021/092,NAMED_PERSON_ON_ELIGIBLE_RECORD,POTENTIAL_NOT_PRODUCTION_ASSIGNMENT,3,
CAND_a7bc20c41ebc9ef1dc03,2021/156,NAMED_PERSON_ON_ELIGIBLE_RECORD,POTENTIAL_NOT_PRODUCTION_ASSIGNMENT,3,
CAND_a7bc20c41ebc9ef1dc03,2021/165,NAMED_PERSON_ON_ELIGIBLE_RECORD,POTENTIAL_NOT_PRODUCTION_ASSIGNMENT,3,
CAND_a7ee2f8505bbc42b0e7c,2024/147,NAMED_PERSON_ON_ELIGIBLE_RECORD,POTENTIAL_NOT_PRODUCTION_ASSIGNMENT,1,
CAND_a7f7ec3562fc62db76e1,2020/027,NAMED_PERSON_ON_ELIGIBLE_RECORD,POTENTIAL_NOT_PRODUCTION_ASSIGNMENT,1,
CAND_a82dc68ee746384740fb,2022/007,NAMED_PERSON_ON_ELIGIBLE_RECORD,POTENTIAL_NOT_PRODUCTION_ASSIGNMENT,2,
CAND_a82dc68ee746384740fb,2024/247,NAMED_PERSON_ON_ELIGIBLE_RECORD,POTENTIAL_NOT_PRODUCTION_ASSIGNMENT,2,
CAND_a831fd43be3e6119f4a9,2024/024,NAMED_PERSON_ON_ELIGIBLE_RECORD,POTENTIAL_NOT_PRODUCTION_ASSIGNMENT,1,
CAND_a8340fb07c4397d62205,2020/016,NAMED_PERSON_ON_ELIGIBLE_RECORD,POTENTIAL_NOT_PRODUCTION_ASSIGNMENT,1,
CAND_a83c902ef9b6761e7909,2024/079,NAMED_PERSON_ON_ELIGIBLE_RECORD,POTENTIAL_NOT_PRODUCTION_ASSIGNMENT,1,
CAND_a83f3a041e257a3b47a4,2023/004,NAMED_PERSON_ON_ELIGIBLE_RECORD,POTENTIAL_NOT_PRODUCTION_ASSIGNMENT,1,
CAND_a84efa73f934a783db42,2021/062,NAMED_PERSON_ON_ELIGIBLE_RECORD,POTENTIAL_NOT_PRODUCTION_ASSIGNMENT,1,
CAND_a85b981bd5fed691f9c3,2020/074,NAMED_PERSON_ON_ELIGIBLE_RECORD,POTENTIAL_NOT_PRODUCTION_ASSIGNMENT,2,
CAND_a85b981bd5fed691f9c3,2022/020,NAMED_PERSON_ON_ELIGIBLE_RECORD,POTENTIAL_NOT_PRODUCTION_ASSIGNMENT,2,
CAND_a89ff107c26df868aee6,2021/076,NAMED_PERSON_ON_ELIGIBLE_RECORD,POTENTIAL_NOT_PRODUCTION_ASSIGNMENT,1,
CAND_a8b2bbd8c9d76ca60eb3,2023/268,NAMED_PERSON_ON_ELIGIBLE_RECORD,POTENTIAL_NOT_PRODUCTION_ASSIGNMENT,1,
CAND_a8b47ef9d81427b44919,2024/216,NAMED_PERSON_ON_ELIGIBLE_RECORD,POTENTIAL_NOT_PRODUCTION_ASSIGNMENT,1,
CAND_a8c02893de680b1a5258,2025/208,NAMED_PERSON_ON_ELIGIBLE_RECORD,POTENTIAL_NOT_PRODUCTION_ASSIGNMENT,1,
CAND_a90cfaadf006cfabd67e,2024/003,NAMED_PERSON_ON_ELIGIBLE_RECORD,POTENTIAL_NOT_PRODUCTION_ASSIGNMENT,1,
CAND_a912a128dda329f781d0,2021/012,NAMED_PERSON_ON_ELIGIBLE_RECORD,POTENTIAL_NOT_PRODUCTION_ASSIGNMENT,1,
CAND_a9139e30465df68476d2,2020/129,NAMED_PERSON_ON_ELIGIBLE_RECORD,POTENTIAL_NOT_PRODUCTION_ASSIGNMENT,4,
CAND_a9139e30465df68476d2,2022/111,NAMED_PERSON_ON_ELIGIBLE_RECORD,POTENTIAL_NOT_PRODUCTION_ASSIGNMENT,4,
CAND_a9139e30465df68476d2,2024/224,NAMED_PERSON_ON_ELIGIBLE_RECORD,POTENTIAL_NOT_PRODUCTION_ASSIGNMENT,4,
CAND_a9139e30465df68476d2,2025/130,NAMED_PERSON_ON_ELIGIBLE_RECORD,POTENTIAL_NOT_PRODUCTION_ASSIGNMENT,4,
CAND_a915a30b752f58079a08,2025/140,NAMED_PERSON_ON_ELIGIBLE_RECORD,POTENTIAL_NOT_PRODUCTION_ASSIGNMENT,1,
CAND_a9218c74192e71e16247,2025/192,NAMED_PERSON_ON_ELIGIBLE_RECORD,POTENTIAL_NOT_PRODUCTION_ASSIGNMENT,1,
CAND_a921be190803f3b81c6e,2025/022,NAMED_PERSON_ON_ELIGIBLE_RECORD,POTENTIAL_NOT_PRODUCTION_ASSIGNMENT,1,
CAND_a93860df33c4a083269f,2022/107,NAMED_PERSON_ON_ELIGIBLE_RECORD,POTENTIAL_NOT_PRODUCTION_ASSIGNMENT,2,
CAND_a93860df33c4a083269f,2023/081,NAMED_PERSON_ON_ELIGIBLE_RECORD,POTENTIAL_NOT_PRODUCTION_ASSIGNMENT,2,
CAND_a95e0a8faa98c1dda18f,2024/132,NAMED_PERSON_ON_ELIGIBLE_RECORD,POTENTIAL_NOT_PRODUCTION_ASSIGNMENT,1,
CAND_a97c2fed892c5873028f,2025/038,NAMED_PERSON_ON_ELIGIBLE_RECORD,POTENTIAL_NOT_PRODUCTION_ASSIGNMENT,1,
CAND_a9840496da284482a49d,2025/067,NAMED_PERSON_ON_ELIGIBLE_RECORD,POTENTIAL_NOT_PRODUCTION_ASSIGNMENT,1,
CAND_a99d2e78a8f9a83ce401,2023/299,NAMED_PERSON_ON_ELIGIBLE_RECORD,POTENTIAL_NOT_PRODUCTION_ASSIGNMENT,1,
CAND_a9a9c44c21a08b4e7c2d,2022/139,NAMED_PERSON_ON_ELIGIBLE_RECORD,POTENTIAL_NOT_PRODUCTION_ASSIGNMENT,1,
CAND_a9abf3da79f8ff2f4d06,2022/069,NAMED_PERSON_ON_ELIGIBLE_RECORD,POTENTIAL_NOT_PRODUCTION_ASSIGNMENT,2,
CAND_a9abf3da79f8ff2f4d06,2022/112,NAMED_PERSON_ON_ELIGIBLE_RECORD,POTENTIAL_NOT_PRODUCTION_ASSIGNMENT,2,
CAND_a9afa0b40be6f95d4c8d,2025/097,NAMED_PERSON_ON_ELIGIBLE_RECORD,POTENTIAL_NOT_PRODUCTION_ASSIGNMENT,1,
CAND_a9b62ae702589ce3d258,2021/105,NAMED_PERSON_ON_ELIGIBLE_RECORD,POTENTIAL_NOT_PRODUCTION_ASSIGNMENT,2,
CAND_a9b62ae702589ce3d258,2026/021,NAMED_PERSON_ON_ELIGIBLE_RECORD,POTENTIAL_NOT_PRODUCTION_ASSIGNMENT,2,
CAND_a9bf0841872f95ff5dc1,2021/076,NAMED_PERSON_ON_ELIGIBLE_RECORD,POTENTIAL_NOT_PRODUCTION_ASSIGNMENT,2,
CAND_a9bf0841872f95ff5dc1,2022/063,NAMED_PERSON_ON_ELIGIBLE_RECORD,POTENTIAL_NOT_PRODUCTION_ASSIGNMENT,2,
CAND_a9fe18d42acf44c99a49,2024/137,NAMED_PERSON_ON_ELIGIBLE_RECORD,POTENTIAL_NOT_PRODUCTION_ASSIGNMENT,1,
CAND_aa01ba1a7468d1f8cded,2020/082,NAMED_PERSON_ON_ELIGIBLE_RECORD,POTENTIAL_NOT_PRODUCTION_ASSIGNMENT,1,
CAND_aa2b21512fc41c1d5dc5,2021/021,NAMED_PERSON_ON_ELIGIBLE_RECORD,POTENTIAL_NOT_PRODUCTION_ASSIGNMENT,1,
CAND_aa472d3f137fddc3aa77,2024/035,NAMED_PERSON_ON_ELIGIBLE_RECORD,POTENTIAL_NOT_PRODUCTION_ASSIGNMENT,1,
CAND_aa547f866104e7030c68,2025/193,NAMED_PERSON_ON_ELIGIBLE_RECORD,POTENTIAL_NOT_PRODUCTION_ASSIGNMENT,1,
CAND_aa7c6ec9fd7dcdd575e0,2020/117,NAMED_PERSON_ON_ELIGIBLE_RECORD,POTENTIAL_NOT_PRODUCTION_ASSIGNMENT,2,
CAND_aa7c6ec9fd7dcdd575e0,2023/272,NAMED_PERSON_ON_ELIGIBLE_RECORD,POTENTIAL_NOT_PRODUCTION_ASSIGNMENT,2,
CAND_aaa11c57aee6825fd30c,2019/020,NAMED_PERSON_ON_ELIGIBLE_RECORD,POTENTIAL_NOT_PRODUCTION_ASSIGNMENT,3,
CAND_aaa11c57aee6825fd30c,2022/163,NAMED_PERSON_ON_ELIGIBLE_RECORD,POTENTIAL_NOT_PRODUCTION_ASSIGNMENT,3,
CAND_aaa11c57aee6825fd30c,2024/243,NAMED_PERSON_ON_ELIGIBLE_RECORD,POTENTIAL_NOT_PRODUCTION_ASSIGNMENT,3,
CAND_aaa6f3c82e6fe5b55d88,2026/063,NAMED_PERSON_ON_ELIGIBLE_RECORD,POTENTIAL_NOT_PRODUCTION_ASSIGNMENT,1,
CAND_aab6f7d16d13bccfed4d,2026/064,NAMED_PERSON_ON_ELIGIBLE_RECORD,POTENTIAL_NOT_PRODUCTION_ASSIGNMENT,1,
CAND_aaf6b6fdbb65008cf2e3,2025/012,NAMED_PERSON_ON_ELIGIBLE_RECORD,POTENTIAL_NOT_PRODUCTION_ASSIGNMENT,2,
CAND_aaf6b6fdbb65008cf2e3,2025/089,NAMED_PERSON_ON_ELIGIBLE_RECORD,POTENTIAL_NOT_PRODUCTION_ASSIGNMENT,2,
CAND_aafb77e1062c6d7a7380,2022/061,NAMED_PERSON_ON_ELIGIBLE_RECORD,POTENTIAL_NOT_PRODUCTION_ASSIGNMENT,9,
CAND_aafb77e1062c6d7a7380,2022/160,NAMED_PERSON_ON_ELIGIBLE_RECORD,POTENTIAL_NOT_PRODUCTION_ASSIGNMENT,9,
CAND_aafb77e1062c6d7a7380,2023/015,NAMED_PERSON_ON_ELIGIBLE_RECORD,POTENTIAL_NOT_PRODUCTION_ASSIGNMENT,9,
CAND_aafb77e1062c6d7a7380,2023/241,NAMED_PERSON_ON_ELIGIBLE_RECORD,POTENTIAL_NOT_PRODUCTION_ASSIGNMENT,9,
CAND_aafb77e1062c6d7a7380,2024/049,NAMED_PERSON_ON_ELIGIBLE_RECORD,POTENTIAL_NOT_PRODUCTION_ASSIGNMENT,9,
CAND_aafb77e1062c6d7a7380,2024/146,NAMED_PERSON_ON_ELIGIBLE_RECORD,POTENTIAL_NOT_PRODUCTION_ASSIGNMENT,9,
CAND_aafb77e1062c6d7a7380,2025/051,NAMED_PERSON_ON_ELIGIBLE_RECORD,POTENTIAL_NOT_PRODUCTION_ASSIGNMENT,9,
CAND_aafb77e1062c6d7a7380,2025/191,NAMED_PERSON_ON_ELIGIBLE_RECORD,POTENTIAL_NOT_PRODUCTION_ASSIGNMENT,9,
CAND_aafb77e1062c6d7a7380,2026/010,NAMED_PERSON_ON_ELIGIBLE_RECORD,POTENTIAL_NOT_PRODUCTION_ASSIGNMENT,9,
CAND_aafce621c0c8627bc003,2023/058,NAMED_PERSON_ON_ELIGIBLE_RECORD,POTENTIAL_NOT_PRODUCTION_ASSIGNMENT,1,
CAND_ab162a99e85bdb91d790,2023/289,NAMED_PERSON_ON_ELIGIBLE_RECORD,POTENTIAL_NOT_PRODUCTION_ASSIGNMENT,1,
CAND_ab21dc4ac9a10c3ad04b,2023/090,NAMED_PERSON_ON_ELIGIBLE_RECORD,POTENTIAL_NOT_PRODUCTION_ASSIGNMENT,3,
CAND_ab21dc4ac9a10c3ad04b,2024/240,NAMED_PERSON_ON_ELIGIBLE_RECORD,POTENTIAL_NOT_PRODUCTION_ASSIGNMENT,3,
CAND_ab21dc4ac9a10c3ad04b,2025/105,NAMED_PERSON_ON_ELIGIBLE_RECORD,POTENTIAL_NOT_PRODUCTION_ASSIGNMENT,3,
CAND_ab2a8d9a37f398e22ac9,2021/149,NAMED_PERSON_ON_ELIGIBLE_RECORD,POTENTIAL_NOT_PRODUCTION_ASSIGNMENT,1,
CAND_ab3a5aac23f05f98d644,2020/046,NAMED_PERSON_ON_ELIGIBLE_RECORD,POTENTIAL_NOT_PRODUCTION_ASSIGNMENT,3,
CAND_ab3a5aac23f05f98d644,2023/031,NAMED_PERSON_ON_ELIGIBLE_RECORD,POTENTIAL_NOT_PRODUCTION_ASSIGNMENT,3,
CAND_ab3a5aac23f05f98d644,2023/060,NAMED_PERSON_ON_ELIGIBLE_RECORD,POTENTIAL_NOT_PRODUCTION_ASSIGNMENT,3,
CAND_abc48fdb83ecee2a0f35,2022/137,NAMED_PERSON_ON_ELIGIBLE_RECORD,POTENTIAL_NOT_PRODUCTION_ASSIGNMENT,1,
CAND_abc4a0bccf5dbcab8c68,2020/063,NAMED_PERSON_ON_ELIGIBLE_RECORD,POTENTIAL_NOT_PRODUCTION_ASSIGNMENT,1,
CAND_abd29b2d0c62c09bbbd4,2020/063,NAMED_PERSON_ON_ELIGIBLE_RECORD,POTENTIAL_NOT_PRODUCTION_ASSIGNMENT,1,
CAND_abde6e85d4b74c4bf8d9,2023/261,NAMED_PERSON_ON_ELIGIBLE_RECORD,POTENTIAL_NOT_PRODUCTION_ASSIGNMENT,1,
CAND_abee94ba01ea7c683ab5,2019/013,NAMED_PERSON_ON_ELIGIBLE_RECORD,POTENTIAL_NOT_PRODUCTION_ASSIGNMENT,1,
CAND_abf19e41be23a9047db6,2026/004,NAMED_PERSON_ON_ELIGIBLE_RECORD,POTENTIAL_NOT_PRODUCTION_ASSIGNMENT,1,
CAND_ac403d703ca8dcf34a0d,2021/004,NAMED_PERSON_ON_ELIGIBLE_RECORD,POTENTIAL_NOT_PRODUCTION_ASSIGNMENT,1,
CAND_ac529c98ac18377c4b25,2020/027,NAMED_PERSON_ON_ELIGIBLE_RECORD,POTENTIAL_NOT_PRODUCTION_ASSIGNMENT,3,
CAND_ac529c98ac18377c4b25,2021/012,NAMED_PERSON_ON_ELIGIBLE_RECORD,POTENTIAL_NOT_PRODUCTION_ASSIGNMENT,3,
CAND_ac529c98ac18377c4b25,2023/228,NAMED_PERSON_ON_ELIGIBLE_RECORD,POTENTIAL_NOT_PRODUCTION_ASSIGNMENT,3,
CAND_ac57350bc6258f43c4b6,2020/111,NAMED_PERSON_ON_ELIGIBLE_RECORD,POTENTIAL_NOT_PRODUCTION_ASSIGNMENT,12,HIGH_COUNT_GE_10
CAND_ac57350bc6258f43c4b6,2020/114,NAMED_PERSON_ON_ELIGIBLE_RECORD,POTENTIAL_NOT_PRODUCTION_ASSIGNMENT,12,HIGH_COUNT_GE_10
CAND_ac57350bc6258f43c4b6,2023/027,NAMED_PERSON_ON_ELIGIBLE_RECORD,POTENTIAL_NOT_PRODUCTION_ASSIGNMENT,12,HIGH_COUNT_GE_10
CAND_ac57350bc6258f43c4b6,2023/303,NAMED_PERSON_ON_ELIGIBLE_RECORD,POTENTIAL_NOT_PRODUCTION_ASSIGNMENT,12,HIGH_COUNT_GE_10
CAND_ac57350bc6258f43c4b6,2023/305,NAMED_PERSON_ON_ELIGIBLE_RECORD,POTENTIAL_NOT_PRODUCTION_ASSIGNMENT,12,HIGH_COUNT_GE_10
CAND_ac57350bc6258f43c4b6,2024/011,NAMED_PERSON_ON_ELIGIBLE_RECORD,POTENTIAL_NOT_PRODUCTION_ASSIGNMENT,12,HIGH_COUNT_GE_10
CAND_ac57350bc6258f43c4b6,2024/123,NAMED_PERSON_ON_ELIGIBLE_RECORD,POTENTIAL_NOT_PRODUCTION_ASSIGNMENT,12,HIGH_COUNT_GE_10
CAND_ac57350bc6258f43c4b6,2024/141,NAMED_PERSON_ON_ELIGIBLE_RECORD,POTENTIAL_NOT_PRODUCTION_ASSIGNMENT,12,HIGH_COUNT_GE_10
CAND_ac57350bc6258f43c4b6,2024/179,NAMED_PERSON_ON_ELIGIBLE_RECORD,POTENTIAL_NOT_PRODUCTION_ASSIGNMENT,12,HIGH_COUNT_GE_10
CAND_ac57350bc6258f43c4b6,2024/220,NAMED_PERSON_ON_ELIGIBLE_RECORD,POTENTIAL_NOT_PRODUCTION_ASSIGNMENT,12,HIGH_COUNT_GE_10
CAND_ac57350bc6258f43c4b6,2025/003,NAMED_PERSON_ON_ELIGIBLE_RECORD,POTENTIAL_NOT_PRODUCTION_ASSIGNMENT,12,HIGH_COUNT_GE_10
CAND_ac57350bc6258f43c4b6,2025/140,NAMED_PERSON_ON_ELIGIBLE_RECORD,POTENTIAL_NOT_PRODUCTION_ASSIGNMENT,12,HIGH_COUNT_GE_10
CAND_ac7bb7519cf354e959e1,2024/188,NAMED_PERSON_ON_ELIGIBLE_RECORD,POTENTIAL_NOT_PRODUCTION_ASSIGNMENT,1,
CAND_ac7bcb9f18fc364832e5,2021/104,NAMED_PERSON_ON_ELIGIBLE_RECORD,POTENTIAL_NOT_PRODUCTION_ASSIGNMENT,2,
CAND_ac7bcb9f18fc364832e5,2023/280,NAMED_PERSON_ON_ELIGIBLE_RECORD,POTENTIAL_NOT_PRODUCTION_ASSIGNMENT,2,
CAND_ac951c5105ec7762182c,2020/027,NAMED_PERSON_ON_ELIGIBLE_RECORD,POTENTIAL_NOT_PRODUCTION_ASSIGNMENT,1,
CAND_ace6a1a60133dd060a16,2026/056,NAMED_PERSON_ON_ELIGIBLE_RECORD,POTENTIAL_NOT_PRODUCTION_ASSIGNMENT,1,
CAND_aceb2bb008302ec5dab7,2023/053,NAMED_PERSON_ON_ELIGIBLE_RECORD,POTENTIAL_NOT_PRODUCTION_ASSIGNMENT,1,
CAND_acfae7120461680a1691,2022/070,NAMED_PERSON_ON_ELIGIBLE_RECORD,POTENTIAL_NOT_PRODUCTION_ASSIGNMENT,1,
CAND_ad0ec93b39d7098559f6,2020/047,NAMED_PERSON_ON_ELIGIBLE_RECORD,POTENTIAL_NOT_PRODUCTION_ASSIGNMENT,1,
CAND_ad43ad1a0e4ff8ca970d,2025/142,NAMED_PERSON_ON_ELIGIBLE_RECORD,POTENTIAL_NOT_PRODUCTION_ASSIGNMENT,1,
CAND_ad6b1d8ce337733892ec,2025/028,NAMED_PERSON_ON_ELIGIBLE_RECORD,POTENTIAL_NOT_PRODUCTION_ASSIGNMENT,1,
CAND_ad976c50a5e4c4fe9b42,2020/046,NAMED_PERSON_ON_ELIGIBLE_RECORD,POTENTIAL_NOT_PRODUCTION_ASSIGNMENT,4,
CAND_ad976c50a5e4c4fe9b42,2022/081,NAMED_PERSON_ON_ELIGIBLE_RECORD,POTENTIAL_NOT_PRODUCTION_ASSIGNMENT,4,
CAND_ad976c50a5e4c4fe9b42,2023/041,NAMED_PERSON_ON_ELIGIBLE_RECORD,POTENTIAL_NOT_PRODUCTION_ASSIGNMENT,4,
CAND_ad976c50a5e4c4fe9b42,2023/241,NAMED_PERSON_ON_ELIGIBLE_RECORD,POTENTIAL_NOT_PRODUCTION_ASSIGNMENT,4,
CAND_ad99f40b0fc5139b41f4,2024/034,NAMED_PERSON_ON_ELIGIBLE_RECORD,POTENTIAL_NOT_PRODUCTION_ASSIGNMENT,1,
CAND_ada240033e389b5a5bfc,2025/106,NAMED_PERSON_ON_ELIGIBLE_RECORD,POTENTIAL_NOT_PRODUCTION_ASSIGNMENT,1,
CAND_add79eed3897621b4cb4,2021/165,NAMED_PERSON_ON_ELIGIBLE_RECORD,POTENTIAL_NOT_PRODUCTION_ASSIGNMENT,2,
CAND_add79eed3897621b4cb4,2022/145,NAMED_PERSON_ON_ELIGIBLE_RECORD,POTENTIAL_NOT_PRODUCTION_ASSIGNMENT,2,
CAND_adf1d57013e4746ec7b9,2025/230,NAMED_PERSON_ON_ELIGIBLE_RECORD,POTENTIAL_NOT_PRODUCTION_ASSIGNMENT,1,
CAND_ae3a62bbac45012be071,2021/111,NAMED_PERSON_ON_ELIGIBLE_RECORD,POTENTIAL_NOT_PRODUCTION_ASSIGNMENT,3,
CAND_ae3a62bbac45012be071,2022/046,NAMED_PERSON_ON_ELIGIBLE_RECORD,POTENTIAL_NOT_PRODUCTION_ASSIGNMENT,3,
CAND_ae3a62bbac45012be071,2024/171,NAMED_PERSON_ON_ELIGIBLE_RECORD,POTENTIAL_NOT_PRODUCTION_ASSIGNMENT,3,
CAND_ae3c9d1ada25105e3575,2020/128,NAMED_PERSON_ON_ELIGIBLE_RECORD,POTENTIAL_NOT_PRODUCTION_ASSIGNMENT,4,
CAND_ae3c9d1ada25105e3575,2020/129,NAMED_PERSON_ON_ELIGIBLE_RECORD,POTENTIAL_NOT_PRODUCTION_ASSIGNMENT,4,
CAND_ae3c9d1ada25105e3575,2022/111,NAMED_PERSON_ON_ELIGIBLE_RECORD,POTENTIAL_NOT_PRODUCTION_ASSIGNMENT,4,
CAND_ae3c9d1ada25105e3575,2025/055,NAMED_PERSON_ON_ELIGIBLE_RECORD,POTENTIAL_NOT_PRODUCTION_ASSIGNMENT,4,
CAND_ae630eb62bc51e2f7cb9,2025/053,NAMED_PERSON_ON_ELIGIBLE_RECORD,POTENTIAL_NOT_PRODUCTION_ASSIGNMENT,1,
CAND_ae69f300cd5fc75e93b1,2026/067,NAMED_PERSON_ON_ELIGIBLE_RECORD,POTENTIAL_NOT_PRODUCTION_ASSIGNMENT,1,
CAND_ae6d5c71fedb843649a3,2022/132,NAMED_PERSON_ON_ELIGIBLE_RECORD,POTENTIAL_NOT_PRODUCTION_ASSIGNMENT,1,
CAND_ae76846c329fd362733f,2024/022,NAMED_PERSON_ON_ELIGIBLE_RECORD,POTENTIAL_NOT_PRODUCTION_ASSIGNMENT,1,
CAND_ae840b4329241991b31c,2020/027,NAMED_PERSON_ON_ELIGIBLE_RECORD,POTENTIAL_NOT_PRODUCTION_ASSIGNMENT,1,
CAND_ae9ecf13c1892a46b437,2022/009,NAMED_PERSON_ON_ELIGIBLE_RECORD,POTENTIAL_NOT_PRODUCTION_ASSIGNMENT,2,
CAND_ae9ecf13c1892a46b437,2025/079,NAMED_PERSON_ON_ELIGIBLE_RECORD,POTENTIAL_NOT_PRODUCTION_ASSIGNMENT,2,
CAND_aeb6a045a692c45ee91f,2024/001,NAMED_PERSON_ON_ELIGIBLE_RECORD,POTENTIAL_NOT_PRODUCTION_ASSIGNMENT,1,
CAND_aec07ed99d0ff15885e3,2023/157,NAMED_PERSON_ON_ELIGIBLE_RECORD,POTENTIAL_NOT_PRODUCTION_ASSIGNMENT,1,
CAND_aeda3442f0e05c5c37bf,2019/026,NAMED_PERSON_ON_ELIGIBLE_RECORD,POTENTIAL_NOT_PRODUCTION_ASSIGNMENT,2,
CAND_aeda3442f0e05c5c37bf,2024/079,NAMED_PERSON_ON_ELIGIBLE_RECORD,POTENTIAL_NOT_PRODUCTION_ASSIGNMENT,2,
CAND_aef603074fc0d3ed847f,2024/120,NAMED_PERSON_ON_ELIGIBLE_RECORD,POTENTIAL_NOT_PRODUCTION_ASSIGNMENT,1,
CAND_aefe8aa16a66cf447e85,2023/220,NAMED_PERSON_ON_ELIGIBLE_RECORD,POTENTIAL_NOT_PRODUCTION_ASSIGNMENT,1,
CAND_af1016c719feadbef253,2022/099,NAMED_PERSON_ON_ELIGIBLE_RECORD,POTENTIAL_NOT_PRODUCTION_ASSIGNMENT,2,
CAND_af1016c719feadbef253,2023/172,NAMED_PERSON_ON_ELIGIBLE_RECORD,POTENTIAL_NOT_PRODUCTION_ASSIGNMENT,2,
CAND_af49184ade7ce985a860,2023/300,NAMED_PERSON_ON_ELIGIBLE_RECORD,POTENTIAL_NOT_PRODUCTION_ASSIGNMENT,2,
CAND_af49184ade7ce985a860,2024/054,NAMED_PERSON_ON_ELIGIBLE_RECORD,POTENTIAL_NOT_PRODUCTION_ASSIGNMENT,2,
CAND_af4962d0a3691f0ff081,2023/012,NAMED_PERSON_ON_ELIGIBLE_RECORD,POTENTIAL_NOT_PRODUCTION_ASSIGNMENT,2,
CAND_af4962d0a3691f0ff081,2023/248,NAMED_PERSON_ON_ELIGIBLE_RECORD,POTENTIAL_NOT_PRODUCTION_ASSIGNMENT,2,
CAND_af5ed9aa6be2e8d0e5ca,2020/079,NAMED_PERSON_ON_ELIGIBLE_RECORD,POTENTIAL_NOT_PRODUCTION_ASSIGNMENT,1,
CAND_af610ab92f9dec28c6cf,2022/117,NAMED_PERSON_ON_ELIGIBLE_RECORD,POTENTIAL_NOT_PRODUCTION_ASSIGNMENT,1,
CAND_af78d0f7983007c680f0,2020/121,NAMED_PERSON_ON_ELIGIBLE_RECORD,POTENTIAL_NOT_PRODUCTION_ASSIGNMENT,3,
CAND_af78d0f7983007c680f0,2022/103,NAMED_PERSON_ON_ELIGIBLE_RECORD,POTENTIAL_NOT_PRODUCTION_ASSIGNMENT,3,
CAND_af78d0f7983007c680f0,2022/186,NAMED_PERSON_ON_ELIGIBLE_RECORD,POTENTIAL_NOT_PRODUCTION_ASSIGNMENT,3,
CAND_af99a90043f374dd48d8,2020/128,NAMED_PERSON_ON_ELIGIBLE_RECORD,POTENTIAL_NOT_PRODUCTION_ASSIGNMENT,6,
CAND_af99a90043f374dd48d8,2020/129,NAMED_PERSON_ON_ELIGIBLE_RECORD,POTENTIAL_NOT_PRODUCTION_ASSIGNMENT,6,
CAND_af99a90043f374dd48d8,2023/162,NAMED_PERSON_ON_ELIGIBLE_RECORD,POTENTIAL_NOT_PRODUCTION_ASSIGNMENT,6,
CAND_af99a90043f374dd48d8,2023/166,NAMED_PERSON_ON_ELIGIBLE_RECORD,POTENTIAL_NOT_PRODUCTION_ASSIGNMENT,6,
CAND_af99a90043f374dd48d8,2024/088,NAMED_PERSON_ON_ELIGIBLE_RECORD,POTENTIAL_NOT_PRODUCTION_ASSIGNMENT,6,
CAND_af99a90043f374dd48d8,2025/262,NAMED_PERSON_ON_ELIGIBLE_RECORD,POTENTIAL_NOT_PRODUCTION_ASSIGNMENT,6,
CAND_afab5a5375b046ddd85a,2024/189,NAMED_PERSON_ON_ELIGIBLE_RECORD,POTENTIAL_NOT_PRODUCTION_ASSIGNMENT,1,
CAND_afb738b12b66397b97ac,2024/013,NAMED_PERSON_ON_ELIGIBLE_RECORD,POTENTIAL_NOT_PRODUCTION_ASSIGNMENT,1,
CAND_afc4585da0d890b4a8c0,2020/106,NAMED_PERSON_ON_ELIGIBLE_RECORD,POTENTIAL_NOT_PRODUCTION_ASSIGNMENT,1,
CAND_afe2c0d1b8738fc0db6a,2022/049,NAMED_PERSON_ON_ELIGIBLE_RECORD,POTENTIAL_NOT_PRODUCTION_ASSIGNMENT,1,
CAND_aff22d44f3347633d1a1,2025/195,NAMED_PERSON_ON_ELIGIBLE_RECORD,POTENTIAL_NOT_PRODUCTION_ASSIGNMENT,1,
CAND_affd43e425bb4bde3fcb,2022/170,NAMED_PERSON_ON_ELIGIBLE_RECORD,POTENTIAL_NOT_PRODUCTION_ASSIGNMENT,1,
CAND_b03e811b05fd5b5b24e2,2021/037,NAMED_PERSON_ON_ELIGIBLE_RECORD,POTENTIAL_NOT_PRODUCTION_ASSIGNMENT,1,
CAND_b06affd97151d8037768,2020/104,NAMED_PERSON_ON_ELIGIBLE_RECORD,POTENTIAL_NOT_PRODUCTION_ASSIGNMENT,1,
CAND_b06e4432e0521cd31128,2024/055,NAMED_PERSON_ON_ELIGIBLE_RECORD,POTENTIAL_NOT_PRODUCTION_ASSIGNMENT,2,
CAND_b06e4432e0521cd31128,2024/143,NAMED_PERSON_ON_ELIGIBLE_RECORD,POTENTIAL_NOT_PRODUCTION_ASSIGNMENT,2,
CAND_b06f963527d6747506dd,2026/037,NAMED_PERSON_ON_ELIGIBLE_RECORD,POTENTIAL_NOT_PRODUCTION_ASSIGNMENT,1,
CAND_b0865200d6f19d822579,2020/027,NAMED_PERSON_ON_ELIGIBLE_RECORD,POTENTIAL_NOT_PRODUCTION_ASSIGNMENT,1,
CAND_b0cc52fa4b14eaa0e1b9,2021/076,NAMED_PERSON_ON_ELIGIBLE_RECORD,POTENTIAL_NOT_PRODUCTION_ASSIGNMENT,1,
CAND_b0d566732d4e259ee4fa,2021/012,NAMED_PERSON_ON_ELIGIBLE_RECORD,POTENTIAL_NOT_PRODUCTION_ASSIGNMENT,1,
CAND_b0dc27f41bdf78b9e6a7,2023/011,NAMED_PERSON_ON_ELIGIBLE_RECORD,POTENTIAL_NOT_PRODUCTION_ASSIGNMENT,4,
CAND_b0dc27f41bdf78b9e6a7,2024/040,NAMED_PERSON_ON_ELIGIBLE_RECORD,POTENTIAL_NOT_PRODUCTION_ASSIGNMENT,4,
CAND_b0dc27f41bdf78b9e6a7,2024/201,NAMED_PERSON_ON_ELIGIBLE_RECORD,POTENTIAL_NOT_PRODUCTION_ASSIGNMENT,4,
CAND_b0dc27f41bdf78b9e6a7,2025/037,NAMED_PERSON_ON_ELIGIBLE_RECORD,POTENTIAL_NOT_PRODUCTION_ASSIGNMENT,4,
CAND_b0e1eaa6a1ffce2adc67,2023/210,NAMED_PERSON_ON_ELIGIBLE_RECORD,POTENTIAL_NOT_PRODUCTION_ASSIGNMENT,1,
CAND_b10acce7391a4322b344,2021/167,NAMED_PERSON_ON_ELIGIBLE_RECORD,POTENTIAL_NOT_PRODUCTION_ASSIGNMENT,2,
CAND_b10acce7391a4322b344,2025/155,NAMED_PERSON_ON_ELIGIBLE_RECORD,POTENTIAL_NOT_PRODUCTION_ASSIGNMENT,2,
CAND_b110f34238b4989a1875,2022/127,NAMED_PERSON_ON_ELIGIBLE_RECORD,POTENTIAL_NOT_PRODUCTION_ASSIGNMENT,3,
CAND_b110f34238b4989a1875,2023/042,NAMED_PERSON_ON_ELIGIBLE_RECORD,POTENTIAL_NOT_PRODUCTION_ASSIGNMENT,3,
CAND_b110f34238b4989a1875,2024/016,NAMED_PERSON_ON_ELIGIBLE_RECORD,POTENTIAL_NOT_PRODUCTION_ASSIGNMENT,3,
CAND_b14a6418d58e7f67e606,2025/117,NAMED_PERSON_ON_ELIGIBLE_RECORD,POTENTIAL_NOT_PRODUCTION_ASSIGNMENT,2,
CAND_b14a6418d58e7f67e606,2025/171,NAMED_PERSON_ON_ELIGIBLE_RECORD,POTENTIAL_NOT_PRODUCTION_ASSIGNMENT,2,
CAND_b167bd2070d5ab8936ce,2025/127,NAMED_PERSON_ON_ELIGIBLE_RECORD,POTENTIAL_NOT_PRODUCTION_ASSIGNMENT,2,
CAND_b167bd2070d5ab8936ce,2025/235,NAMED_PERSON_ON_ELIGIBLE_RECORD,POTENTIAL_NOT_PRODUCTION_ASSIGNMENT,2,
CAND_b17470dae3bde8c36056,2019/023,NAMED_PERSON_ON_ELIGIBLE_RECORD,POTENTIAL_NOT_PRODUCTION_ASSIGNMENT,1,
CAND_b17e8e8cc564564852b4,2026/063,NAMED_PERSON_ON_ELIGIBLE_RECORD,POTENTIAL_NOT_PRODUCTION_ASSIGNMENT,1,
CAND_b18338f4840cf4a0ddcc,2023/252,NAMED_PERSON_ON_ELIGIBLE_RECORD,POTENTIAL_NOT_PRODUCTION_ASSIGNMENT,5,
CAND_b18338f4840cf4a0ddcc,2024/093,NAMED_PERSON_ON_ELIGIBLE_RECORD,POTENTIAL_NOT_PRODUCTION_ASSIGNMENT,5,
CAND_b18338f4840cf4a0ddcc,2025/016,NAMED_PERSON_ON_ELIGIBLE_RECORD,POTENTIAL_NOT_PRODUCTION_ASSIGNMENT,5,
CAND_b18338f4840cf4a0ddcc,2025/043,NAMED_PERSON_ON_ELIGIBLE_RECORD,POTENTIAL_NOT_PRODUCTION_ASSIGNMENT,5,
CAND_b18338f4840cf4a0ddcc,2025/228,NAMED_PERSON_ON_ELIGIBLE_RECORD,POTENTIAL_NOT_PRODUCTION_ASSIGNMENT,5,
CAND_b19bd506560f3ae84544,2021/002,NAMED_PERSON_ON_ELIGIBLE_RECORD,POTENTIAL_NOT_PRODUCTION_ASSIGNMENT,1,
CAND_b1a64f85a4ca20d0560a,2025/045,NAMED_PERSON_ON_ELIGIBLE_RECORD,POTENTIAL_NOT_PRODUCTION_ASSIGNMENT,1,
CAND_b1a860204cc3d49b4a1c,2025/129,NAMED_PERSON_ON_ELIGIBLE_RECORD,POTENTIAL_NOT_PRODUCTION_ASSIGNMENT,1,
CAND_b1dfc0ce5f5752aafbc3,2020/120,NAMED_PERSON_ON_ELIGIBLE_RECORD,POTENTIAL_NOT_PRODUCTION_ASSIGNMENT,3,
CAND_b1dfc0ce5f5752aafbc3,2021/171,NAMED_PERSON_ON_ELIGIBLE_RECORD,POTENTIAL_NOT_PRODUCTION_ASSIGNMENT,3,
CAND_b1dfc0ce5f5752aafbc3,2024/163,NAMED_PERSON_ON_ELIGIBLE_RECORD,POTENTIAL_NOT_PRODUCTION_ASSIGNMENT,3,
CAND_b206503b63e966264b97,2026/078,NAMED_PERSON_ON_ELIGIBLE_RECORD,POTENTIAL_NOT_PRODUCTION_ASSIGNMENT,1,
CAND_b210a9ed7268f96bc070,2023/260,NAMED_PERSON_ON_ELIGIBLE_RECORD,POTENTIAL_NOT_PRODUCTION_ASSIGNMENT,1,
CAND_b21820b4e7efaf551663,2022/139,NAMED_PERSON_ON_ELIGIBLE_RECORD,POTENTIAL_NOT_PRODUCTION_ASSIGNMENT,1,
CAND_b23d1d8ff4a4c47a1ef4,2022/030,NAMED_PERSON_ON_ELIGIBLE_RECORD,POTENTIAL_NOT_PRODUCTION_ASSIGNMENT,1,
CAND_b25076053fba9917b86c,2020/104,NAMED_PERSON_ON_ELIGIBLE_RECORD,POTENTIAL_NOT_PRODUCTION_ASSIGNMENT,1,
CAND_b282917d4784723c8230,2021/166,NAMED_PERSON_ON_ELIGIBLE_RECORD,POTENTIAL_NOT_PRODUCTION_ASSIGNMENT,1,
CAND_b2d5379bd7568ca30bad,2022/054,NAMED_PERSON_ON_ELIGIBLE_RECORD,POTENTIAL_NOT_PRODUCTION_ASSIGNMENT,1,
CAND_b2ef0351e4f8284556db,2025/143,NAMED_PERSON_ON_ELIGIBLE_RECORD,POTENTIAL_NOT_PRODUCTION_ASSIGNMENT,1,
CAND_b3036f61929dbe44277e,2022/016,NAMED_PERSON_ON_ELIGIBLE_RECORD,POTENTIAL_NOT_PRODUCTION_ASSIGNMENT,1,
CAND_b3091b7be8215f6e7643,2020/027,NAMED_PERSON_ON_ELIGIBLE_RECORD,POTENTIAL_NOT_PRODUCTION_ASSIGNMENT,1,
CAND_b331d0879117da5d4a3b,2021/085,NAMED_PERSON_ON_ELIGIBLE_RECORD,POTENTIAL_NOT_PRODUCTION_ASSIGNMENT,2,
CAND_b331d0879117da5d4a3b,2025/075,NAMED_PERSON_ON_ELIGIBLE_RECORD,POTENTIAL_NOT_PRODUCTION_ASSIGNMENT,2,
CAND_b345e381cf2f6c37c994,2026/002,NAMED_PERSON_ON_ELIGIBLE_RECORD,POTENTIAL_NOT_PRODUCTION_ASSIGNMENT,1,
CAND_b3691321a870076a3edd,2020/050,NAMED_PERSON_ON_ELIGIBLE_RECORD,POTENTIAL_NOT_PRODUCTION_ASSIGNMENT,2,
CAND_b3691321a870076a3edd,2020/105,NAMED_PERSON_ON_ELIGIBLE_RECORD,POTENTIAL_NOT_PRODUCTION_ASSIGNMENT,2,
CAND_b36db2dd910493bb287a,2022/175,NAMED_PERSON_ON_ELIGIBLE_RECORD,POTENTIAL_NOT_PRODUCTION_ASSIGNMENT,2,
CAND_b36db2dd910493bb287a,2025/267,NAMED_PERSON_ON_ELIGIBLE_RECORD,POTENTIAL_NOT_PRODUCTION_ASSIGNMENT,2,
CAND_b37caa2a53fc92d57dc6,2020/122,NAMED_PERSON_ON_ELIGIBLE_RECORD,POTENTIAL_NOT_PRODUCTION_ASSIGNMENT,1,
CAND_b3880d2d32a11365145d,2020/100,NAMED_PERSON_ON_ELIGIBLE_RECORD,POTENTIAL_NOT_PRODUCTION_ASSIGNMENT,2,
CAND_b3880d2d32a11365145d,2023/156,NAMED_PERSON_ON_ELIGIBLE_RECORD,POTENTIAL_NOT_PRODUCTION_ASSIGNMENT,2,
CAND_b39b657e259141140778,2025/139,NAMED_PERSON_ON_ELIGIBLE_RECORD,POTENTIAL_NOT_PRODUCTION_ASSIGNMENT,2,
CAND_b39b657e259141140778,2025/144,NAMED_PERSON_ON_ELIGIBLE_RECORD,POTENTIAL_NOT_PRODUCTION_ASSIGNMENT,2,
CAND_b39f12ff15aeebd72050,2021/067,NAMED_PERSON_ON_ELIGIBLE_RECORD,POTENTIAL_NOT_PRODUCTION_ASSIGNMENT,1,
CAND_b3c31e7f15ee6a1fdae4,2024/094,NAMED_PERSON_ON_ELIGIBLE_RECORD,POTENTIAL_NOT_PRODUCTION_ASSIGNMENT,1,
CAND_b3c724b91a8f816dd7bd,2022/028,NAMED_PERSON_ON_ELIGIBLE_RECORD,POTENTIAL_NOT_PRODUCTION_ASSIGNMENT,3,
CAND_b3c724b91a8f816dd7bd,2023/238,NAMED_PERSON_ON_ELIGIBLE_RECORD,POTENTIAL_NOT_PRODUCTION_ASSIGNMENT,3,
CAND_b3c724b91a8f816dd7bd,2024/085,NAMED_PERSON_ON_ELIGIBLE_RECORD,POTENTIAL_NOT_PRODUCTION_ASSIGNMENT,3,
CAND_b3cd8ebd92d1ecf628b4,2025/005,NAMED_PERSON_ON_ELIGIBLE_RECORD,POTENTIAL_NOT_PRODUCTION_ASSIGNMENT,1,
CAND_b4038726be4eed4230b6,2023/284,NAMED_PERSON_ON_ELIGIBLE_RECORD,POTENTIAL_NOT_PRODUCTION_ASSIGNMENT,1,
CAND_b41921b1fde25170e295,2020/117,NAMED_PERSON_ON_ELIGIBLE_RECORD,POTENTIAL_NOT_PRODUCTION_ASSIGNMENT,1,
CAND_b423a5c97fa188937e90,2021/074,NAMED_PERSON_ON_ELIGIBLE_RECORD,POTENTIAL_NOT_PRODUCTION_ASSIGNMENT,3,
CAND_b423a5c97fa188937e90,2022/161,NAMED_PERSON_ON_ELIGIBLE_RECORD,POTENTIAL_NOT_PRODUCTION_ASSIGNMENT,3,
CAND_b423a5c97fa188937e90,2025/019,NAMED_PERSON_ON_ELIGIBLE_RECORD,POTENTIAL_NOT_PRODUCTION_ASSIGNMENT,3,
CAND_b4535434927331bdc11c,2022/008,NAMED_PERSON_ON_ELIGIBLE_RECORD,POTENTIAL_NOT_PRODUCTION_ASSIGNMENT,1,
CAND_b468df8e04998fa59a9e,2023/017,NAMED_PERSON_ON_ELIGIBLE_RECORD,POTENTIAL_NOT_PRODUCTION_ASSIGNMENT,1,
CAND_b478a207619b06fff865,2025/141,NAMED_PERSON_ON_ELIGIBLE_RECORD,POTENTIAL_NOT_PRODUCTION_ASSIGNMENT,1,
CAND_b48893fddd3435777dad,2023/252,NAMED_PERSON_ON_ELIGIBLE_RECORD,POTENTIAL_NOT_PRODUCTION_ASSIGNMENT,2,
CAND_b48893fddd3435777dad,2024/003,NAMED_PERSON_ON_ELIGIBLE_RECORD,POTENTIAL_NOT_PRODUCTION_ASSIGNMENT,2,
CAND_b48cb33167652be49fb1,2022/070,NAMED_PERSON_ON_ELIGIBLE_RECORD,POTENTIAL_NOT_PRODUCTION_ASSIGNMENT,1,
CAND_b498926013f38b2699fd,2023/242,NAMED_PERSON_ON_ELIGIBLE_RECORD,POTENTIAL_NOT_PRODUCTION_ASSIGNMENT,1,
CAND_b499ddfdb08ac9af6302,2025/148,NAMED_PERSON_ON_ELIGIBLE_RECORD,POTENTIAL_NOT_PRODUCTION_ASSIGNMENT,1,
CAND_b4c138eac95fdf44aaba,2024/003,NAMED_PERSON_ON_ELIGIBLE_RECORD,POTENTIAL_NOT_PRODUCTION_ASSIGNMENT,1,
CAND_b4ec8bc117dcb8dbdc89,2021/092,NAMED_PERSON_ON_ELIGIBLE_RECORD,POTENTIAL_NOT_PRODUCTION_ASSIGNMENT,5,
CAND_b4ec8bc117dcb8dbdc89,2021/165,NAMED_PERSON_ON_ELIGIBLE_RECORD,POTENTIAL_NOT_PRODUCTION_ASSIGNMENT,5,
CAND_b4ec8bc117dcb8dbdc89,2022/091,NAMED_PERSON_ON_ELIGIBLE_RECORD,POTENTIAL_NOT_PRODUCTION_ASSIGNMENT,5,
CAND_b4ec8bc117dcb8dbdc89,2023/037,NAMED_PERSON_ON_ELIGIBLE_RECORD,POTENTIAL_NOT_PRODUCTION_ASSIGNMENT,5,
CAND_b4ec8bc117dcb8dbdc89,2025/120,NAMED_PERSON_ON_ELIGIBLE_RECORD,POTENTIAL_NOT_PRODUCTION_ASSIGNMENT,5,
CAND_b4fc9eb3bf966db50717,2026/004,NAMED_PERSON_ON_ELIGIBLE_RECORD,POTENTIAL_NOT_PRODUCTION_ASSIGNMENT,1,
CAND_b51828162622027e7533,2021/001,NAMED_PERSON_ON_ELIGIBLE_RECORD,POTENTIAL_NOT_PRODUCTION_ASSIGNMENT,2,
CAND_b51828162622027e7533,2021/115,NAMED_PERSON_ON_ELIGIBLE_RECORD,POTENTIAL_NOT_PRODUCTION_ASSIGNMENT,2,
CAND_b53cc90e84991599e63f,2021/116,NAMED_PERSON_ON_ELIGIBLE_RECORD,POTENTIAL_NOT_PRODUCTION_ASSIGNMENT,2,
CAND_b53cc90e84991599e63f,2026/047,NAMED_PERSON_ON_ELIGIBLE_RECORD,POTENTIAL_NOT_PRODUCTION_ASSIGNMENT,2,
CAND_b5572c72853e60f03efb,2025/030,NAMED_PERSON_ON_ELIGIBLE_RECORD,POTENTIAL_NOT_PRODUCTION_ASSIGNMENT,1,
CAND_b565a939d960415ffc7c,2021/162,NAMED_PERSON_ON_ELIGIBLE_RECORD,POTENTIAL_NOT_PRODUCTION_ASSIGNMENT,1,
CAND_b5728f07517fa5963ada,2025/121,NAMED_PERSON_ON_ELIGIBLE_RECORD,POTENTIAL_NOT_PRODUCTION_ASSIGNMENT,1,
CAND_b5864e9b06e36fbf7296,2024/212,NAMED_PERSON_ON_ELIGIBLE_RECORD,POTENTIAL_NOT_PRODUCTION_ASSIGNMENT,1,
CAND_b58c063da1b58b2220c3,2022/165,NAMED_PERSON_ON_ELIGIBLE_RECORD,POTENTIAL_NOT_PRODUCTION_ASSIGNMENT,2,
CAND_b58c063da1b58b2220c3,2024/259,NAMED_PERSON_ON_ELIGIBLE_RECORD,POTENTIAL_NOT_PRODUCTION_ASSIGNMENT,2,
CAND_b58ff85e4b599ab91dad,2020/027,NAMED_PERSON_ON_ELIGIBLE_RECORD,POTENTIAL_NOT_PRODUCTION_ASSIGNMENT,1,
CAND_b59025c5b2aa11b635fb,2021/004,NAMED_PERSON_ON_ELIGIBLE_RECORD,POTENTIAL_NOT_PRODUCTION_ASSIGNMENT,4,
CAND_b59025c5b2aa11b635fb,2022/078,NAMED_PERSON_ON_ELIGIBLE_RECORD,POTENTIAL_NOT_PRODUCTION_ASSIGNMENT,4,
CAND_b59025c5b2aa11b635fb,2023/031,NAMED_PERSON_ON_ELIGIBLE_RECORD,POTENTIAL_NOT_PRODUCTION_ASSIGNMENT,4,
CAND_b59025c5b2aa11b635fb,2024/072,NAMED_PERSON_ON_ELIGIBLE_RECORD,POTENTIAL_NOT_PRODUCTION_ASSIGNMENT,4,
CAND_b5942d878d682d97b124,2025/065,NAMED_PERSON_ON_ELIGIBLE_RECORD,POTENTIAL_NOT_PRODUCTION_ASSIGNMENT,1,
CAND_b5a63d9059ff19aded3a,2026/054,NAMED_PERSON_ON_ELIGIBLE_RECORD,POTENTIAL_NOT_PRODUCTION_ASSIGNMENT,1,
CAND_b5b2fcd7c49629d0d99b,2025/227,NAMED_PERSON_ON_ELIGIBLE_RECORD,POTENTIAL_NOT_PRODUCTION_ASSIGNMENT,1,
CAND_b60508ac234424bb525e,2026/035,NAMED_PERSON_ON_ELIGIBLE_RECORD,POTENTIAL_NOT_PRODUCTION_ASSIGNMENT,1,
CAND_b60cbbe35d2abf935640,2025/185,NAMED_PERSON_ON_ELIGIBLE_RECORD,POTENTIAL_NOT_PRODUCTION_ASSIGNMENT,1,
CAND_b614bde9a6e5bfb6289d,2019/007,NAMED_PERSON_ON_ELIGIBLE_RECORD,POTENTIAL_NOT_PRODUCTION_ASSIGNMENT,1,
CAND_b637c9d22d6fbd0a4f09,2023/132,NAMED_PERSON_ON_ELIGIBLE_RECORD,POTENTIAL_NOT_PRODUCTION_ASSIGNMENT,1,
CAND_b6f45bed74a428cf5f1b,2020/027,NAMED_PERSON_ON_ELIGIBLE_RECORD,POTENTIAL_NOT_PRODUCTION_ASSIGNMENT,1,
CAND_b6faeb73436051d50a4f,2020/047,NAMED_PERSON_ON_ELIGIBLE_RECORD,POTENTIAL_NOT_PRODUCTION_ASSIGNMENT,1,
CAND_b7494be293065ad028da,2025/152,NAMED_PERSON_ON_ELIGIBLE_RECORD,POTENTIAL_NOT_PRODUCTION_ASSIGNMENT,1,
CAND_b76c4ac99f8fad5112e0,2024/247,NAMED_PERSON_ON_ELIGIBLE_RECORD,POTENTIAL_NOT_PRODUCTION_ASSIGNMENT,1,
CAND_b78485081782126828a5,2020/047,NAMED_PERSON_ON_ELIGIBLE_RECORD,POTENTIAL_NOT_PRODUCTION_ASSIGNMENT,1,
CAND_b78712dfd08350413c7f,2020/047,NAMED_PERSON_ON_ELIGIBLE_RECORD,POTENTIAL_NOT_PRODUCTION_ASSIGNMENT,2,
CAND_b78712dfd08350413c7f,2025/224,NAMED_PERSON_ON_ELIGIBLE_RECORD,POTENTIAL_NOT_PRODUCTION_ASSIGNMENT,2,
CAND_b7925c9d9e72aa817b6f,2023/176,NAMED_PERSON_ON_ELIGIBLE_RECORD,POTENTIAL_NOT_PRODUCTION_ASSIGNMENT,1,
CAND_b7c2bd15bfb234425ad0,2021/169,NAMED_PERSON_ON_ELIGIBLE_RECORD,POTENTIAL_NOT_PRODUCTION_ASSIGNMENT,5,
CAND_b7c2bd15bfb234425ad0,2022/002,NAMED_PERSON_ON_ELIGIBLE_RECORD,POTENTIAL_NOT_PRODUCTION_ASSIGNMENT,5,
CAND_b7c2bd15bfb234425ad0,2023/032,NAMED_PERSON_ON_ELIGIBLE_RECORD,POTENTIAL_NOT_PRODUCTION_ASSIGNMENT,5,
CAND_b7c2bd15bfb234425ad0,2024/039,NAMED_PERSON_ON_ELIGIBLE_RECORD,POTENTIAL_NOT_PRODUCTION_ASSIGNMENT,5,
CAND_b7c2bd15bfb234425ad0,2025/045,NAMED_PERSON_ON_ELIGIBLE_RECORD,POTENTIAL_NOT_PRODUCTION_ASSIGNMENT,5,
CAND_b7c587fb66ecd2e344c9,2021/035,NAMED_PERSON_ON_ELIGIBLE_RECORD,POTENTIAL_NOT_PRODUCTION_ASSIGNMENT,2,
CAND_b7c587fb66ecd2e344c9,2024/219,NAMED_PERSON_ON_ELIGIBLE_RECORD,POTENTIAL_NOT_PRODUCTION_ASSIGNMENT,2,
CAND_b7cbfc021387eeba8e44,2020/027,NAMED_PERSON_ON_ELIGIBLE_RECORD,POTENTIAL_NOT_PRODUCTION_ASSIGNMENT,1,
CAND_b7df48b126622b00fe4c,2021/149,NAMED_PERSON_ON_ELIGIBLE_RECORD,POTENTIAL_NOT_PRODUCTION_ASSIGNMENT,1,
CAND_b7e05aed6ab8f637905f,2025/134,NAMED_PERSON_ON_ELIGIBLE_RECORD,POTENTIAL_NOT_PRODUCTION_ASSIGNMENT,1,
CAND_b7e3352fa039b009374c,2024/085,NAMED_PERSON_ON_ELIGIBLE_RECORD,POTENTIAL_NOT_PRODUCTION_ASSIGNMENT,2,
CAND_b7e3352fa039b009374c,2026/025,NAMED_PERSON_ON_ELIGIBLE_RECORD,POTENTIAL_NOT_PRODUCTION_ASSIGNMENT,2,
CAND_b81192aa3c48b0a9538c,2023/062,NAMED_PERSON_ON_ELIGIBLE_RECORD,POTENTIAL_NOT_PRODUCTION_ASSIGNMENT,1,
CAND_b835debc0fdd67bbcf47,2023/261,NAMED_PERSON_ON_ELIGIBLE_RECORD,POTENTIAL_NOT_PRODUCTION_ASSIGNMENT,1,
CAND_b838585390b8aa7a0428,2025/141,NAMED_PERSON_ON_ELIGIBLE_RECORD,POTENTIAL_NOT_PRODUCTION_ASSIGNMENT,1,
CAND_b84ed5fb21998f8dac07,2020/004,NAMED_PERSON_ON_ELIGIBLE_RECORD,POTENTIAL_NOT_PRODUCTION_ASSIGNMENT,1,
CAND_b85fbc8fd0bb83647397,2022/110,NAMED_PERSON_ON_ELIGIBLE_RECORD,POTENTIAL_NOT_PRODUCTION_ASSIGNMENT,2,
CAND_b85fbc8fd0bb83647397,2024/119,NAMED_PERSON_ON_ELIGIBLE_RECORD,POTENTIAL_NOT_PRODUCTION_ASSIGNMENT,2,
CAND_b8830e98fd6fa8c48783,2024/152,NAMED_PERSON_ON_ELIGIBLE_RECORD,POTENTIAL_NOT_PRODUCTION_ASSIGNMENT,1,
CAND_b88b3ec9c488f45d601f,2026/064,NAMED_PERSON_ON_ELIGIBLE_RECORD,POTENTIAL_NOT_PRODUCTION_ASSIGNMENT,1,
CAND_b88fb5c33516d5024da0,2022/059,NAMED_PERSON_ON_ELIGIBLE_RECORD,POTENTIAL_NOT_PRODUCTION_ASSIGNMENT,1,
CAND_b8efd644d95fb5dd6ca7,2020/104,NAMED_PERSON_ON_ELIGIBLE_RECORD,POTENTIAL_NOT_PRODUCTION_ASSIGNMENT,1,
CAND_b913b010c5055c489153,2025/116,NAMED_PERSON_ON_ELIGIBLE_RECORD,POTENTIAL_NOT_PRODUCTION_ASSIGNMENT,1,
CAND_b9288ab9d9408f516d2e,2026/044,NAMED_PERSON_ON_ELIGIBLE_RECORD,POTENTIAL_NOT_PRODUCTION_ASSIGNMENT,1,
CAND_b9361eaf9d1549211b72,2023/012,NAMED_PERSON_ON_ELIGIBLE_RECORD,POTENTIAL_NOT_PRODUCTION_ASSIGNMENT,3,
CAND_b9361eaf9d1549211b72,2023/248,NAMED_PERSON_ON_ELIGIBLE_RECORD,POTENTIAL_NOT_PRODUCTION_ASSIGNMENT,3,
CAND_b9361eaf9d1549211b72,2024/041,NAMED_PERSON_ON_ELIGIBLE_RECORD,POTENTIAL_NOT_PRODUCTION_ASSIGNMENT,3,
CAND_b9533a1211ca10698a21,2025/224,NAMED_PERSON_ON_ELIGIBLE_RECORD,POTENTIAL_NOT_PRODUCTION_ASSIGNMENT,1,
CAND_b956f26a4e2f00751c75,2023/095,NAMED_PERSON_ON_ELIGIBLE_RECORD,POTENTIAL_NOT_PRODUCTION_ASSIGNMENT,1,
CAND_b95c5f9ec815688942f3,2020/044,NAMED_PERSON_ON_ELIGIBLE_RECORD,POTENTIAL_NOT_PRODUCTION_ASSIGNMENT,1,
CAND_b9e7ce66ec31ed7336ba,2020/104,NAMED_PERSON_ON_ELIGIBLE_RECORD,POTENTIAL_NOT_PRODUCTION_ASSIGNMENT,1,
CAND_ba1a8e289a8b5c9921a3,2021/088,NAMED_PERSON_ON_ELIGIBLE_RECORD,POTENTIAL_NOT_PRODUCTION_ASSIGNMENT,1,
CAND_ba2c7d7fcd2e01abe66e,2020/027,NAMED_PERSON_ON_ELIGIBLE_RECORD,POTENTIAL_NOT_PRODUCTION_ASSIGNMENT,1,
CAND_ba4f742d05d22f003308,2023/285,NAMED_PERSON_ON_ELIGIBLE_RECORD,POTENTIAL_NOT_PRODUCTION_ASSIGNMENT,2,
CAND_ba4f742d05d22f003308,2025/044,NAMED_PERSON_ON_ELIGIBLE_RECORD,POTENTIAL_NOT_PRODUCTION_ASSIGNMENT,2,
CAND_ba59c86ea3f2f51448bd,2022/063,NAMED_PERSON_ON_ELIGIBLE_RECORD,POTENTIAL_NOT_PRODUCTION_ASSIGNMENT,1,
CAND_ba5f15acf6e4246865bd,2019/007,NAMED_PERSON_ON_ELIGIBLE_RECORD,POTENTIAL_NOT_PRODUCTION_ASSIGNMENT,1,
CAND_ba795a306d2d89d28f35,2020/090,NAMED_PERSON_ON_ELIGIBLE_RECORD,POTENTIAL_NOT_PRODUCTION_ASSIGNMENT,1,
CAND_ba79f7cfc418ccb254a2,2023/231,NAMED_PERSON_ON_ELIGIBLE_RECORD,POTENTIAL_NOT_PRODUCTION_ASSIGNMENT,1,
CAND_ba8db4f6ae015f36407b,2022/155,NAMED_PERSON_ON_ELIGIBLE_RECORD,POTENTIAL_NOT_PRODUCTION_ASSIGNMENT,1,
CAND_ba9d65f1f0ea50491c68,2022/108,NAMED_PERSON_ON_ELIGIBLE_RECORD,POTENTIAL_NOT_PRODUCTION_ASSIGNMENT,1,
CAND_babd62508879d1ce8a5a,2021/091,NAMED_PERSON_ON_ELIGIBLE_RECORD,POTENTIAL_NOT_PRODUCTION_ASSIGNMENT,2,
CAND_babd62508879d1ce8a5a,2022/154,NAMED_PERSON_ON_ELIGIBLE_RECORD,POTENTIAL_NOT_PRODUCTION_ASSIGNMENT,2,
CAND_babdd66283c56efe8323,2022/049,NAMED_PERSON_ON_ELIGIBLE_RECORD,POTENTIAL_NOT_PRODUCTION_ASSIGNMENT,1,
CAND_bacae5e30903e67240dc,2024/003,NAMED_PERSON_ON_ELIGIBLE_RECORD,POTENTIAL_NOT_PRODUCTION_ASSIGNMENT,2,
CAND_bacae5e30903e67240dc,2024/016,NAMED_PERSON_ON_ELIGIBLE_RECORD,POTENTIAL_NOT_PRODUCTION_ASSIGNMENT,2,
CAND_baee7ad5cd6156be0fd8,2022/109,NAMED_PERSON_ON_ELIGIBLE_RECORD,POTENTIAL_NOT_PRODUCTION_ASSIGNMENT,1,
CAND_bb2e7f2b072fb70db3df,2024/258,NAMED_PERSON_ON_ELIGIBLE_RECORD,POTENTIAL_NOT_PRODUCTION_ASSIGNMENT,4,
CAND_bb2e7f2b072fb70db3df,2025/011,NAMED_PERSON_ON_ELIGIBLE_RECORD,POTENTIAL_NOT_PRODUCTION_ASSIGNMENT,4,
CAND_bb2e7f2b072fb70db3df,2026/034,NAMED_PERSON_ON_ELIGIBLE_RECORD,POTENTIAL_NOT_PRODUCTION_ASSIGNMENT,4,
CAND_bb2e7f2b072fb70db3df,2026/076,NAMED_PERSON_ON_ELIGIBLE_RECORD,POTENTIAL_NOT_PRODUCTION_ASSIGNMENT,4,
CAND_bb631f9cb3e511d4b3f1,2025/088,NAMED_PERSON_ON_ELIGIBLE_RECORD,POTENTIAL_NOT_PRODUCTION_ASSIGNMENT,1,
CAND_bb6b9441f8fa40faef01,2020/128,NAMED_PERSON_ON_ELIGIBLE_RECORD,POTENTIAL_NOT_PRODUCTION_ASSIGNMENT,4,
CAND_bb6b9441f8fa40faef01,2020/129,NAMED_PERSON_ON_ELIGIBLE_RECORD,POTENTIAL_NOT_PRODUCTION_ASSIGNMENT,4,
CAND_bb6b9441f8fa40faef01,2022/111,NAMED_PERSON_ON_ELIGIBLE_RECORD,POTENTIAL_NOT_PRODUCTION_ASSIGNMENT,4,
CAND_bb6b9441f8fa40faef01,2025/055,NAMED_PERSON_ON_ELIGIBLE_RECORD,POTENTIAL_NOT_PRODUCTION_ASSIGNMENT,4,
CAND_bb86cfbb8c981828a56a,2026/035,NAMED_PERSON_ON_ELIGIBLE_RECORD,POTENTIAL_NOT_PRODUCTION_ASSIGNMENT,1,
CAND_bb8d9fc97af7d1d12c98,2023/291,NAMED_PERSON_ON_ELIGIBLE_RECORD,POTENTIAL_NOT_PRODUCTION_ASSIGNMENT,1,
CAND_bb9a73654bef164d9464,2024/169,NAMED_PERSON_ON_ELIGIBLE_RECORD,POTENTIAL_NOT_PRODUCTION_ASSIGNMENT,1,
CAND_bbb8033af6a734a45f15,2024/035,NAMED_PERSON_ON_ELIGIBLE_RECORD,POTENTIAL_NOT_PRODUCTION_ASSIGNMENT,1,
CAND_bbc74185c2bd32fc25d3,2025/148,NAMED_PERSON_ON_ELIGIBLE_RECORD,POTENTIAL_NOT_PRODUCTION_ASSIGNMENT,1,
CAND_bbc94d585c4020ce481c,2024/132,NAMED_PERSON_ON_ELIGIBLE_RECORD,POTENTIAL_NOT_PRODUCTION_ASSIGNMENT,1,
CAND_bbd9c48dcd7c1adad8c2,2021/126,NAMED_PERSON_ON_ELIGIBLE_RECORD,POTENTIAL_NOT_PRODUCTION_ASSIGNMENT,1,
CAND_bc284d9d25b589431472,2024/024,NAMED_PERSON_ON_ELIGIBLE_RECORD,POTENTIAL_NOT_PRODUCTION_ASSIGNMENT,1,
CAND_bc2fe7dee7396d210a23,2024/068,NAMED_PERSON_ON_ELIGIBLE_RECORD,POTENTIAL_NOT_PRODUCTION_ASSIGNMENT,1,
CAND_bc69c9267897cdd717eb,2024/201,NAMED_PERSON_ON_ELIGIBLE_RECORD,POTENTIAL_NOT_PRODUCTION_ASSIGNMENT,2,
CAND_bc69c9267897cdd717eb,2025/099,NAMED_PERSON_ON_ELIGIBLE_RECORD,POTENTIAL_NOT_PRODUCTION_ASSIGNMENT,2,
CAND_bc6ad025406f93b1b789,2026/010,NAMED_PERSON_ON_ELIGIBLE_RECORD,POTENTIAL_NOT_PRODUCTION_ASSIGNMENT,1,
CAND_bc7d0c96e41ce2afd6cf,2020/027,NAMED_PERSON_ON_ELIGIBLE_RECORD,POTENTIAL_NOT_PRODUCTION_ASSIGNMENT,1,
CAND_bc7dbe4daf11ca92d12a,2025/250,NAMED_PERSON_ON_ELIGIBLE_RECORD,POTENTIAL_NOT_PRODUCTION_ASSIGNMENT,1,
CAND_bc905a54b71e2ea7ca6d,2022/063,NAMED_PERSON_ON_ELIGIBLE_RECORD,POTENTIAL_NOT_PRODUCTION_ASSIGNMENT,2,
CAND_bc905a54b71e2ea7ca6d,2023/034,NAMED_PERSON_ON_ELIGIBLE_RECORD,POTENTIAL_NOT_PRODUCTION_ASSIGNMENT,2,
CAND_bcaf2f1be7612c479fbb,2020/097 CLOSED,NAMED_PERSON_ON_ELIGIBLE_RECORD,POTENTIAL_NOT_PRODUCTION_ASSIGNMENT,1,
CAND_bcd9266364fab93b94cd,2024/107,NAMED_PERSON_ON_ELIGIBLE_RECORD,POTENTIAL_NOT_PRODUCTION_ASSIGNMENT,1,
CAND_bce8fb06aa3934c6029b,2024/176,NAMED_PERSON_ON_ELIGIBLE_RECORD,POTENTIAL_NOT_PRODUCTION_ASSIGNMENT,2,
CAND_bce8fb06aa3934c6029b,2025/118,NAMED_PERSON_ON_ELIGIBLE_RECORD,POTENTIAL_NOT_PRODUCTION_ASSIGNMENT,2,
CAND_bceeeb872285196ea0fb,2022/190,NAMED_PERSON_ON_ELIGIBLE_RECORD,POTENTIAL_NOT_PRODUCTION_ASSIGNMENT,1,
CAND_bd065ec417be98ce8317,2024/090,NAMED_PERSON_ON_ELIGIBLE_RECORD,POTENTIAL_NOT_PRODUCTION_ASSIGNMENT,1,
CAND_bd422ea461f16f19e542,2022/108,NAMED_PERSON_ON_ELIGIBLE_RECORD,POTENTIAL_NOT_PRODUCTION_ASSIGNMENT,1,
CAND_bd5caccae43f4d68dd35,2024/075,NAMED_PERSON_ON_ELIGIBLE_RECORD,POTENTIAL_NOT_PRODUCTION_ASSIGNMENT,1,
CAND_bd6e5f61f83a62beff38,2026/082,NAMED_PERSON_ON_ELIGIBLE_RECORD,POTENTIAL_NOT_PRODUCTION_ASSIGNMENT,1,
CAND_bd855f11a59e27f81aa8,2021/093,NAMED_PERSON_ON_ELIGIBLE_RECORD,POTENTIAL_NOT_PRODUCTION_ASSIGNMENT,1,
CAND_bdc4d413324502ea6be6,2020/027,NAMED_PERSON_ON_ELIGIBLE_RECORD,POTENTIAL_NOT_PRODUCTION_ASSIGNMENT,1,
CAND_bdd02f7fb5fe9b53f1fe,2020/027,NAMED_PERSON_ON_ELIGIBLE_RECORD,POTENTIAL_NOT_PRODUCTION_ASSIGNMENT,1,
CAND_bde39bf67cbc90fd9aa0,2024/062,NAMED_PERSON_ON_ELIGIBLE_RECORD,POTENTIAL_NOT_PRODUCTION_ASSIGNMENT,1,
CAND_bdee6a8f296edcc0dbde,2023/020,NAMED_PERSON_ON_ELIGIBLE_RECORD,POTENTIAL_NOT_PRODUCTION_ASSIGNMENT,1,
CAND_be012487f40141b6d33e,2021/068,NAMED_PERSON_ON_ELIGIBLE_RECORD,POTENTIAL_NOT_PRODUCTION_ASSIGNMENT,1,
CAND_be2a077d6aab9a5cc126,2025/205,NAMED_PERSON_ON_ELIGIBLE_RECORD,POTENTIAL_NOT_PRODUCTION_ASSIGNMENT,1,
CAND_be3f7ad34ae5d218312f,2022/205,NAMED_PERSON_ON_ELIGIBLE_RECORD,POTENTIAL_NOT_PRODUCTION_ASSIGNMENT,2,
CAND_be3f7ad34ae5d218312f,2024/132,NAMED_PERSON_ON_ELIGIBLE_RECORD,POTENTIAL_NOT_PRODUCTION_ASSIGNMENT,2,
CAND_be43584708467fc144db,2020/112,NAMED_PERSON_ON_ELIGIBLE_RECORD,POTENTIAL_NOT_PRODUCTION_ASSIGNMENT,1,
CAND_be5683f49d4e6a52a5ca,2020/111,NAMED_PERSON_ON_ELIGIBLE_RECORD,POTENTIAL_NOT_PRODUCTION_ASSIGNMENT,11,HIGH_COUNT_GE_10
CAND_be5683f49d4e6a52a5ca,2020/114,NAMED_PERSON_ON_ELIGIBLE_RECORD,POTENTIAL_NOT_PRODUCTION_ASSIGNMENT,11,HIGH_COUNT_GE_10
CAND_be5683f49d4e6a52a5ca,2023/027,NAMED_PERSON_ON_ELIGIBLE_RECORD,POTENTIAL_NOT_PRODUCTION_ASSIGNMENT,11,HIGH_COUNT_GE_10
CAND_be5683f49d4e6a52a5ca,2023/303,NAMED_PERSON_ON_ELIGIBLE_RECORD,POTENTIAL_NOT_PRODUCTION_ASSIGNMENT,11,HIGH_COUNT_GE_10
CAND_be5683f49d4e6a52a5ca,2023/305,NAMED_PERSON_ON_ELIGIBLE_RECORD,POTENTIAL_NOT_PRODUCTION_ASSIGNMENT,11,HIGH_COUNT_GE_10
CAND_be5683f49d4e6a52a5ca,2024/011,NAMED_PERSON_ON_ELIGIBLE_RECORD,POTENTIAL_NOT_PRODUCTION_ASSIGNMENT,11,HIGH_COUNT_GE_10
CAND_be5683f49d4e6a52a5ca,2024/141,NAMED_PERSON_ON_ELIGIBLE_RECORD,POTENTIAL_NOT_PRODUCTION_ASSIGNMENT,11,HIGH_COUNT_GE_10
CAND_be5683f49d4e6a52a5ca,2024/179,NAMED_PERSON_ON_ELIGIBLE_RECORD,POTENTIAL_NOT_PRODUCTION_ASSIGNMENT,11,HIGH_COUNT_GE_10
CAND_be5683f49d4e6a52a5ca,2024/220,NAMED_PERSON_ON_ELIGIBLE_RECORD,POTENTIAL_NOT_PRODUCTION_ASSIGNMENT,11,HIGH_COUNT_GE_10
CAND_be5683f49d4e6a52a5ca,2025/003,NAMED_PERSON_ON_ELIGIBLE_RECORD,POTENTIAL_NOT_PRODUCTION_ASSIGNMENT,11,HIGH_COUNT_GE_10
CAND_be5683f49d4e6a52a5ca,2025/140,NAMED_PERSON_ON_ELIGIBLE_RECORD,POTENTIAL_NOT_PRODUCTION_ASSIGNMENT,11,HIGH_COUNT_GE_10
CAND_be67631971f201120050,2024/175,NAMED_PERSON_ON_ELIGIBLE_RECORD,POTENTIAL_NOT_PRODUCTION_ASSIGNMENT,1,
CAND_be687929803c283d1b58,2025/159,NAMED_PERSON_ON_ELIGIBLE_RECORD,POTENTIAL_NOT_PRODUCTION_ASSIGNMENT,1,
CAND_be71c8a05c4d4363e24d,2020/042,NAMED_PERSON_ON_ELIGIBLE_RECORD,POTENTIAL_NOT_PRODUCTION_ASSIGNMENT,1,
CAND_be76e87d8f6cd810f7d7,2025/227,NAMED_PERSON_ON_ELIGIBLE_RECORD,POTENTIAL_NOT_PRODUCTION_ASSIGNMENT,1,
CAND_be8b2f336e5fb231c4c5,2020/027,NAMED_PERSON_ON_ELIGIBLE_RECORD,POTENTIAL_NOT_PRODUCTION_ASSIGNMENT,1,
CAND_bea4fb78fedb8d906bd4,2023/261,NAMED_PERSON_ON_ELIGIBLE_RECORD,POTENTIAL_NOT_PRODUCTION_ASSIGNMENT,1,
CAND_bea7f6f64d1fa1772a13,2021/123,NAMED_PERSON_ON_ELIGIBLE_RECORD,POTENTIAL_NOT_PRODUCTION_ASSIGNMENT,3,
CAND_bea7f6f64d1fa1772a13,2023/312,NAMED_PERSON_ON_ELIGIBLE_RECORD,POTENTIAL_NOT_PRODUCTION_ASSIGNMENT,3,
CAND_bea7f6f64d1fa1772a13,2024/028,NAMED_PERSON_ON_ELIGIBLE_RECORD,POTENTIAL_NOT_PRODUCTION_ASSIGNMENT,3,
CAND_beac4eebd97b5e7335dd,2021/037,NAMED_PERSON_ON_ELIGIBLE_RECORD,POTENTIAL_NOT_PRODUCTION_ASSIGNMENT,2,
CAND_beac4eebd97b5e7335dd,2022/008,NAMED_PERSON_ON_ELIGIBLE_RECORD,POTENTIAL_NOT_PRODUCTION_ASSIGNMENT,2,
CAND_beb25ecef7ca32c06b7d,2022/071,NAMED_PERSON_ON_ELIGIBLE_RECORD,POTENTIAL_NOT_PRODUCTION_ASSIGNMENT,1,
CAND_bec91007ecb8524a6917,2025/197,NAMED_PERSON_ON_ELIGIBLE_RECORD,POTENTIAL_NOT_PRODUCTION_ASSIGNMENT,1,
CAND_beeb13a7439cc9ee9e5f,2026/049,NAMED_PERSON_ON_ELIGIBLE_RECORD,POTENTIAL_NOT_PRODUCTION_ASSIGNMENT,1,
CAND_bf213060ab8549a04540,2024/003,NAMED_PERSON_ON_ELIGIBLE_RECORD,POTENTIAL_NOT_PRODUCTION_ASSIGNMENT,1,
CAND_bf3bea134911aac6ab2e,2021/046,NAMED_PERSON_ON_ELIGIBLE_RECORD,POTENTIAL_NOT_PRODUCTION_ASSIGNMENT,1,
CAND_bf59d2dc4e3595cf7d78,2024/148,NAMED_PERSON_ON_ELIGIBLE_RECORD,POTENTIAL_NOT_PRODUCTION_ASSIGNMENT,1,
CAND_bf62c29a76fd85c6ad6a,2021/123,NAMED_PERSON_ON_ELIGIBLE_RECORD,POTENTIAL_NOT_PRODUCTION_ASSIGNMENT,1,
CAND_bfa724bde565546f3011,2021/083,NAMED_PERSON_ON_ELIGIBLE_RECORD,POTENTIAL_NOT_PRODUCTION_ASSIGNMENT,2,
CAND_bfa724bde565546f3011,2024/027,NAMED_PERSON_ON_ELIGIBLE_RECORD,POTENTIAL_NOT_PRODUCTION_ASSIGNMENT,2,
CAND_bfbe90553688e670692b,2020/027,NAMED_PERSON_ON_ELIGIBLE_RECORD,POTENTIAL_NOT_PRODUCTION_ASSIGNMENT,1,
CAND_bfc8ae13315aec0bbb2a,2024/086,NAMED_PERSON_ON_ELIGIBLE_RECORD,POTENTIAL_NOT_PRODUCTION_ASSIGNMENT,1,
CAND_bfd2b6ff14f60c266154,2021/164,NAMED_PERSON_ON_ELIGIBLE_RECORD,POTENTIAL_NOT_PRODUCTION_ASSIGNMENT,1,
CAND_bfd5466b2718d7fcd528,2024/095/b,NAMED_PERSON_ON_ELIGIBLE_RECORD,POTENTIAL_NOT_PRODUCTION_ASSIGNMENT,1,
CAND_c0009c9f85cd520d51d6,2025/076,NAMED_PERSON_ON_ELIGIBLE_RECORD,POTENTIAL_NOT_PRODUCTION_ASSIGNMENT,1,
CAND_c00ad48f0cf8f03a928d,2022/017,NAMED_PERSON_ON_ELIGIBLE_RECORD,POTENTIAL_NOT_PRODUCTION_ASSIGNMENT,1,
CAND_c017111dc118197c82ef,2023/009,NAMED_PERSON_ON_ELIGIBLE_RECORD,POTENTIAL_NOT_PRODUCTION_ASSIGNMENT,1,
CAND_c01f9d07a46b11b9499c,2025/248,NAMED_PERSON_ON_ELIGIBLE_RECORD,POTENTIAL_NOT_PRODUCTION_ASSIGNMENT,1,
CAND_c03380373706f3fa83ec,2020/054,NAMED_PERSON_ON_ELIGIBLE_RECORD,POTENTIAL_NOT_PRODUCTION_ASSIGNMENT,12,HIGH_COUNT_GE_10
CAND_c03380373706f3fa83ec,2020/072,NAMED_PERSON_ON_ELIGIBLE_RECORD,POTENTIAL_NOT_PRODUCTION_ASSIGNMENT,12,HIGH_COUNT_GE_10
CAND_c03380373706f3fa83ec,2021/031,NAMED_PERSON_ON_ELIGIBLE_RECORD,POTENTIAL_NOT_PRODUCTION_ASSIGNMENT,12,HIGH_COUNT_GE_10
CAND_c03380373706f3fa83ec,2021/127,NAMED_PERSON_ON_ELIGIBLE_RECORD,POTENTIAL_NOT_PRODUCTION_ASSIGNMENT,12,HIGH_COUNT_GE_10
CAND_c03380373706f3fa83ec,2021/146,NAMED_PERSON_ON_ELIGIBLE_RECORD,POTENTIAL_NOT_PRODUCTION_ASSIGNMENT,12,HIGH_COUNT_GE_10
CAND_c03380373706f3fa83ec,2021/181,NAMED_PERSON_ON_ELIGIBLE_RECORD,POTENTIAL_NOT_PRODUCTION_ASSIGNMENT,12,HIGH_COUNT_GE_10
CAND_c03380373706f3fa83ec,2022/035,NAMED_PERSON_ON_ELIGIBLE_RECORD,POTENTIAL_NOT_PRODUCTION_ASSIGNMENT,12,HIGH_COUNT_GE_10
CAND_c03380373706f3fa83ec,2022/060,NAMED_PERSON_ON_ELIGIBLE_RECORD,POTENTIAL_NOT_PRODUCTION_ASSIGNMENT,12,HIGH_COUNT_GE_10
CAND_c03380373706f3fa83ec,2023/085,NAMED_PERSON_ON_ELIGIBLE_RECORD,POTENTIAL_NOT_PRODUCTION_ASSIGNMENT,12,HIGH_COUNT_GE_10
CAND_c03380373706f3fa83ec,2023/285,NAMED_PERSON_ON_ELIGIBLE_RECORD,POTENTIAL_NOT_PRODUCTION_ASSIGNMENT,12,HIGH_COUNT_GE_10
CAND_c03380373706f3fa83ec,2025/044,NAMED_PERSON_ON_ELIGIBLE_RECORD,POTENTIAL_NOT_PRODUCTION_ASSIGNMENT,12,HIGH_COUNT_GE_10
CAND_c03380373706f3fa83ec,2025/163,NAMED_PERSON_ON_ELIGIBLE_RECORD,POTENTIAL_NOT_PRODUCTION_ASSIGNMENT,12,HIGH_COUNT_GE_10
CAND_c06b09506afb7f1de186,2023/276,NAMED_PERSON_ON_ELIGIBLE_RECORD,POTENTIAL_NOT_PRODUCTION_ASSIGNMENT,1,
CAND_c06be92aa40b267d9abc,2025/208,NAMED_PERSON_ON_ELIGIBLE_RECORD,POTENTIAL_NOT_PRODUCTION_ASSIGNMENT,1,
CAND_c0b34b9715bfd11b5aa0,2020/079,NAMED_PERSON_ON_ELIGIBLE_RECORD,POTENTIAL_NOT_PRODUCTION_ASSIGNMENT,1,
CAND_c0bd8dcbeb4509850528,2020/047,NAMED_PERSON_ON_ELIGIBLE_RECORD,POTENTIAL_NOT_PRODUCTION_ASSIGNMENT,1,
CAND_c0ec52d4dd337895223f,2023/027,NAMED_PERSON_ON_ELIGIBLE_RECORD,POTENTIAL_NOT_PRODUCTION_ASSIGNMENT,9,
CAND_c0ec52d4dd337895223f,2023/206,NAMED_PERSON_ON_ELIGIBLE_RECORD,POTENTIAL_NOT_PRODUCTION_ASSIGNMENT,9,
CAND_c0ec52d4dd337895223f,2023/303,NAMED_PERSON_ON_ELIGIBLE_RECORD,POTENTIAL_NOT_PRODUCTION_ASSIGNMENT,9,
CAND_c0ec52d4dd337895223f,2023/305,NAMED_PERSON_ON_ELIGIBLE_RECORD,POTENTIAL_NOT_PRODUCTION_ASSIGNMENT,9,
CAND_c0ec52d4dd337895223f,2024/011,NAMED_PERSON_ON_ELIGIBLE_RECORD,POTENTIAL_NOT_PRODUCTION_ASSIGNMENT,9,
CAND_c0ec52d4dd337895223f,2024/123,NAMED_PERSON_ON_ELIGIBLE_RECORD,POTENTIAL_NOT_PRODUCTION_ASSIGNMENT,9,
CAND_c0ec52d4dd337895223f,2024/179,NAMED_PERSON_ON_ELIGIBLE_RECORD,POTENTIAL_NOT_PRODUCTION_ASSIGNMENT,9,
CAND_c0ec52d4dd337895223f,2024/220,NAMED_PERSON_ON_ELIGIBLE_RECORD,POTENTIAL_NOT_PRODUCTION_ASSIGNMENT,9,
CAND_c0ec52d4dd337895223f,2025/140,NAMED_PERSON_ON_ELIGIBLE_RECORD,POTENTIAL_NOT_PRODUCTION_ASSIGNMENT,9,
CAND_c0ff53028d5077c90b81,2020/113,NAMED_PERSON_ON_ELIGIBLE_RECORD,POTENTIAL_NOT_PRODUCTION_ASSIGNMENT,1,
CAND_c106f804a676c9861883,2020/054,NAMED_PERSON_ON_ELIGIBLE_RECORD,POTENTIAL_NOT_PRODUCTION_ASSIGNMENT,1,
CAND_c10db543c6e4902be8c7,2023/203,NAMED_PERSON_ON_ELIGIBLE_RECORD,POTENTIAL_NOT_PRODUCTION_ASSIGNMENT,1,
CAND_c1291495c6bd26084100,2023/235,NAMED_PERSON_ON_ELIGIBLE_RECORD,POTENTIAL_NOT_PRODUCTION_ASSIGNMENT,3,
CAND_c1291495c6bd26084100,2025/016,NAMED_PERSON_ON_ELIGIBLE_RECORD,POTENTIAL_NOT_PRODUCTION_ASSIGNMENT,3,
CAND_c1291495c6bd26084100,2025/026,NAMED_PERSON_ON_ELIGIBLE_RECORD,POTENTIAL_NOT_PRODUCTION_ASSIGNMENT,3,
CAND_c12cedee0b6b21d8b707,2025/065,NAMED_PERSON_ON_ELIGIBLE_RECORD,POTENTIAL_NOT_PRODUCTION_ASSIGNMENT,1,
CAND_c12edda41dfe5e8e8a11,2023/170,NAMED_PERSON_ON_ELIGIBLE_RECORD,POTENTIAL_NOT_PRODUCTION_ASSIGNMENT,1,
CAND_c142cd683cb3a1323b9c,2024/227,NAMED_PERSON_ON_ELIGIBLE_RECORD,POTENTIAL_NOT_PRODUCTION_ASSIGNMENT,1,
CAND_c15581d2c015dc0076a9,2023/238,NAMED_PERSON_ON_ELIGIBLE_RECORD,POTENTIAL_NOT_PRODUCTION_ASSIGNMENT,1,
CAND_c17dce821e587d8c044f,2024/034,NAMED_PERSON_ON_ELIGIBLE_RECORD,POTENTIAL_NOT_PRODUCTION_ASSIGNMENT,2,
CAND_c17dce821e587d8c044f,2026/029,NAMED_PERSON_ON_ELIGIBLE_RECORD,POTENTIAL_NOT_PRODUCTION_ASSIGNMENT,2,
CAND_c1815b3c37d1aa96511c,2025/134,NAMED_PERSON_ON_ELIGIBLE_RECORD,POTENTIAL_NOT_PRODUCTION_ASSIGNMENT,1,
CAND_c1c6f4eb2b1ddacdf90f,2024/190,NAMED_PERSON_ON_ELIGIBLE_RECORD,POTENTIAL_NOT_PRODUCTION_ASSIGNMENT,2,
CAND_c1c6f4eb2b1ddacdf90f,2024/226,NAMED_PERSON_ON_ELIGIBLE_RECORD,POTENTIAL_NOT_PRODUCTION_ASSIGNMENT,2,
CAND_c202e999a55efa6c72e3,2021/037,NAMED_PERSON_ON_ELIGIBLE_RECORD,POTENTIAL_NOT_PRODUCTION_ASSIGNMENT,1,
CAND_c22f531ccc6429305f07,2022/071,NAMED_PERSON_ON_ELIGIBLE_RECORD,POTENTIAL_NOT_PRODUCTION_ASSIGNMENT,1,
CAND_c248fc4a359b9036116d,2021/013,NAMED_PERSON_ON_ELIGIBLE_RECORD,POTENTIAL_NOT_PRODUCTION_ASSIGNMENT,1,
CAND_c249fab5ba6d4e9c9884,2021/013,NAMED_PERSON_ON_ELIGIBLE_RECORD,POTENTIAL_NOT_PRODUCTION_ASSIGNMENT,2,
CAND_c249fab5ba6d4e9c9884,2025/172,NAMED_PERSON_ON_ELIGIBLE_RECORD,POTENTIAL_NOT_PRODUCTION_ASSIGNMENT,2,
CAND_c258875509ca2f173345,2026/058,NAMED_PERSON_ON_ELIGIBLE_RECORD,POTENTIAL_NOT_PRODUCTION_ASSIGNMENT,1,
CAND_c2657d25de61ca91f88c,2021/008,NAMED_PERSON_ON_ELIGIBLE_RECORD,POTENTIAL_NOT_PRODUCTION_ASSIGNMENT,1,
CAND_c2ad5a7852639439bc31,2025/091,NAMED_PERSON_ON_ELIGIBLE_RECORD,POTENTIAL_NOT_PRODUCTION_ASSIGNMENT,1,
CAND_c2c40522a0fab3574293,2020/129,NAMED_PERSON_ON_ELIGIBLE_RECORD,POTENTIAL_NOT_PRODUCTION_ASSIGNMENT,1,
CAND_c2d0e80dd5b4721455a9,2020/047,NAMED_PERSON_ON_ELIGIBLE_RECORD,POTENTIAL_NOT_PRODUCTION_ASSIGNMENT,1,
CAND_c2d44aba3d757ffcf527,2024/095/b,NAMED_PERSON_ON_ELIGIBLE_RECORD,POTENTIAL_NOT_PRODUCTION_ASSIGNMENT,2,
CAND_c2d44aba3d757ffcf527,2024/194,NAMED_PERSON_ON_ELIGIBLE_RECORD,POTENTIAL_NOT_PRODUCTION_ASSIGNMENT,2,
CAND_c32bbd6aad4dd65bca08,2021/046,NAMED_PERSON_ON_ELIGIBLE_RECORD,POTENTIAL_NOT_PRODUCTION_ASSIGNMENT,1,
CAND_c35a8dfe40b9612162fc,2025/165,NAMED_PERSON_ON_ELIGIBLE_RECORD,POTENTIAL_NOT_PRODUCTION_ASSIGNMENT,1,
CAND_c38395cba9dfc7a012f8,2021/137,NAMED_PERSON_ON_ELIGIBLE_RECORD,POTENTIAL_NOT_PRODUCTION_ASSIGNMENT,1,
CAND_c3e2210caa9c1b3514a7,2023/259,NAMED_PERSON_ON_ELIGIBLE_RECORD,POTENTIAL_NOT_PRODUCTION_ASSIGNMENT,1,
CAND_c3e8267f7cf0b41ad2a8,2021/174,NAMED_PERSON_ON_ELIGIBLE_RECORD,POTENTIAL_NOT_PRODUCTION_ASSIGNMENT,1,
CAND_c4040248a2b7914738bb,2025/057,NAMED_PERSON_ON_ELIGIBLE_RECORD,POTENTIAL_NOT_PRODUCTION_ASSIGNMENT,4,
CAND_c4040248a2b7914738bb,2025/108,NAMED_PERSON_ON_ELIGIBLE_RECORD,POTENTIAL_NOT_PRODUCTION_ASSIGNMENT,4,
CAND_c4040248a2b7914738bb,2026/015,NAMED_PERSON_ON_ELIGIBLE_RECORD,POTENTIAL_NOT_PRODUCTION_ASSIGNMENT,4,
CAND_c4040248a2b7914738bb,2026/050,NAMED_PERSON_ON_ELIGIBLE_RECORD,POTENTIAL_NOT_PRODUCTION_ASSIGNMENT,4,
CAND_c42bc69bacde4de562a5,2022/087,NAMED_PERSON_ON_ELIGIBLE_RECORD,POTENTIAL_NOT_PRODUCTION_ASSIGNMENT,6,
CAND_c42bc69bacde4de562a5,2024/082,NAMED_PERSON_ON_ELIGIBLE_RECORD,POTENTIAL_NOT_PRODUCTION_ASSIGNMENT,6,
CAND_c42bc69bacde4de562a5,2024/121,NAMED_PERSON_ON_ELIGIBLE_RECORD,POTENTIAL_NOT_PRODUCTION_ASSIGNMENT,6,
CAND_c42bc69bacde4de562a5,2024/144,NAMED_PERSON_ON_ELIGIBLE_RECORD,POTENTIAL_NOT_PRODUCTION_ASSIGNMENT,6,
CAND_c42bc69bacde4de562a5,2024/157,NAMED_PERSON_ON_ELIGIBLE_RECORD,POTENTIAL_NOT_PRODUCTION_ASSIGNMENT,6,
CAND_c42bc69bacde4de562a5,2025/240,NAMED_PERSON_ON_ELIGIBLE_RECORD,POTENTIAL_NOT_PRODUCTION_ASSIGNMENT,6,
CAND_c4433486e1bbbf5b27ca,2020/117,NAMED_PERSON_ON_ELIGIBLE_RECORD,POTENTIAL_NOT_PRODUCTION_ASSIGNMENT,2,
CAND_c4433486e1bbbf5b27ca,2022/001,NAMED_PERSON_ON_ELIGIBLE_RECORD,POTENTIAL_NOT_PRODUCTION_ASSIGNMENT,2,
CAND_c447a0e86e225f1b5bcf,2025/168,NAMED_PERSON_ON_ELIGIBLE_RECORD,POTENTIAL_NOT_PRODUCTION_ASSIGNMENT,2,
CAND_c447a0e86e225f1b5bcf,2026/038,NAMED_PERSON_ON_ELIGIBLE_RECORD,POTENTIAL_NOT_PRODUCTION_ASSIGNMENT,2,
CAND_c46d3ba3c2a0b37395df,2025/074,NAMED_PERSON_ON_ELIGIBLE_RECORD,POTENTIAL_NOT_PRODUCTION_ASSIGNMENT,1,
CAND_c473c6a6c1813fdcd709,2025/066,NAMED_PERSON_ON_ELIGIBLE_RECORD,POTENTIAL_NOT_PRODUCTION_ASSIGNMENT,1,
CAND_c4778c1e6236474d9dfb,2021/139,NAMED_PERSON_ON_ELIGIBLE_RECORD,POTENTIAL_NOT_PRODUCTION_ASSIGNMENT,1,
CAND_c48f835fa425b22f66d3,2024/038,NAMED_PERSON_ON_ELIGIBLE_RECORD,POTENTIAL_NOT_PRODUCTION_ASSIGNMENT,1,
CAND_c49a6334600cf2d752e1,2025/139,NAMED_PERSON_ON_ELIGIBLE_RECORD,POTENTIAL_NOT_PRODUCTION_ASSIGNMENT,2,
CAND_c49a6334600cf2d752e1,2025/144,NAMED_PERSON_ON_ELIGIBLE_RECORD,POTENTIAL_NOT_PRODUCTION_ASSIGNMENT,2,
CAND_c4a854b090e49e618d89,2025/010,NAMED_PERSON_ON_ELIGIBLE_RECORD,POTENTIAL_NOT_PRODUCTION_ASSIGNMENT,1,
CAND_c4b130878b6346eb89f9,2026/044,NAMED_PERSON_ON_ELIGIBLE_RECORD,POTENTIAL_NOT_PRODUCTION_ASSIGNMENT,1,
CAND_c4b36767d20c2d1c464b,2021/012,NAMED_PERSON_ON_ELIGIBLE_RECORD,POTENTIAL_NOT_PRODUCTION_ASSIGNMENT,1,
CAND_c4c3a7f01783e7004167,2022/123,NAMED_PERSON_ON_ELIGIBLE_RECORD,POTENTIAL_NOT_PRODUCTION_ASSIGNMENT,2,
CAND_c4c3a7f01783e7004167,2024/226,NAMED_PERSON_ON_ELIGIBLE_RECORD,POTENTIAL_NOT_PRODUCTION_ASSIGNMENT,2,
CAND_c4dc9708a48f5c703070,2025/010,NAMED_PERSON_ON_ELIGIBLE_RECORD,POTENTIAL_NOT_PRODUCTION_ASSIGNMENT,1,
CAND_c50ae393089859c44cae,2019/013,NAMED_PERSON_ON_ELIGIBLE_RECORD,POTENTIAL_NOT_PRODUCTION_ASSIGNMENT,7,
CAND_c50ae393089859c44cae,2020/068,NAMED_PERSON_ON_ELIGIBLE_RECORD,POTENTIAL_NOT_PRODUCTION_ASSIGNMENT,7,
CAND_c50ae393089859c44cae,2020/109,NAMED_PERSON_ON_ELIGIBLE_RECORD,POTENTIAL_NOT_PRODUCTION_ASSIGNMENT,7,
CAND_c50ae393089859c44cae,2023/016,NAMED_PERSON_ON_ELIGIBLE_RECORD,POTENTIAL_NOT_PRODUCTION_ASSIGNMENT,7,
CAND_c50ae393089859c44cae,2025/022,NAMED_PERSON_ON_ELIGIBLE_RECORD,POTENTIAL_NOT_PRODUCTION_ASSIGNMENT,7,
CAND_c50ae393089859c44cae,2025/083,NAMED_PERSON_ON_ELIGIBLE_RECORD,POTENTIAL_NOT_PRODUCTION_ASSIGNMENT,7,
CAND_c50ae393089859c44cae,2026/029,NAMED_PERSON_ON_ELIGIBLE_RECORD,POTENTIAL_NOT_PRODUCTION_ASSIGNMENT,7,
CAND_c50c78c5b4264c128191,2026/079,NAMED_PERSON_ON_ELIGIBLE_RECORD,POTENTIAL_NOT_PRODUCTION_ASSIGNMENT,1,
CAND_c54c310b67b86afd37f2,2020/081,NAMED_PERSON_ON_ELIGIBLE_RECORD,POTENTIAL_NOT_PRODUCTION_ASSIGNMENT,1,
CAND_c54ed67f4262d550deee,2022/149,NAMED_PERSON_ON_ELIGIBLE_RECORD,POTENTIAL_NOT_PRODUCTION_ASSIGNMENT,1,
CAND_c5524a657b154598c1a3,2023/183,NAMED_PERSON_ON_ELIGIBLE_RECORD,POTENTIAL_NOT_PRODUCTION_ASSIGNMENT,1,
CAND_c56a31c1593310ff0352,2021/123,NAMED_PERSON_ON_ELIGIBLE_RECORD,POTENTIAL_NOT_PRODUCTION_ASSIGNMENT,2,
CAND_c56a31c1593310ff0352,2024/132,NAMED_PERSON_ON_ELIGIBLE_RECORD,POTENTIAL_NOT_PRODUCTION_ASSIGNMENT,2,
CAND_c5a37b620ca6fee496f6,2026/059,NAMED_PERSON_ON_ELIGIBLE_RECORD,POTENTIAL_NOT_PRODUCTION_ASSIGNMENT,1,
CAND_c5a70a2549c3365d2d47,2025/034,NAMED_PERSON_ON_ELIGIBLE_RECORD,POTENTIAL_NOT_PRODUCTION_ASSIGNMENT,1,
CAND_c5b32ba6fb34832f88dc,2021/092,NAMED_PERSON_ON_ELIGIBLE_RECORD,POTENTIAL_NOT_PRODUCTION_ASSIGNMENT,5,
CAND_c5b32ba6fb34832f88dc,2021/156,NAMED_PERSON_ON_ELIGIBLE_RECORD,POTENTIAL_NOT_PRODUCTION_ASSIGNMENT,5,
CAND_c5b32ba6fb34832f88dc,2021/165,NAMED_PERSON_ON_ELIGIBLE_RECORD,POTENTIAL_NOT_PRODUCTION_ASSIGNMENT,5,
CAND_c5b32ba6fb34832f88dc,2022/091,NAMED_PERSON_ON_ELIGIBLE_RECORD,POTENTIAL_NOT_PRODUCTION_ASSIGNMENT,5,
CAND_c5b32ba6fb34832f88dc,2023/037,NAMED_PERSON_ON_ELIGIBLE_RECORD,POTENTIAL_NOT_PRODUCTION_ASSIGNMENT,5,
CAND_c5d34f3250d07d843710,2024/246,NAMED_PERSON_ON_ELIGIBLE_RECORD,POTENTIAL_NOT_PRODUCTION_ASSIGNMENT,1,
CAND_c6098e8e8ecf3e717819,2025/016,NAMED_PERSON_ON_ELIGIBLE_RECORD,POTENTIAL_NOT_PRODUCTION_ASSIGNMENT,1,
CAND_c6217e9e9b01895a4c24,2025/262,NAMED_PERSON_ON_ELIGIBLE_RECORD,POTENTIAL_NOT_PRODUCTION_ASSIGNMENT,1,
CAND_c66e159d34d2d0176506,2024/189,NAMED_PERSON_ON_ELIGIBLE_RECORD,POTENTIAL_NOT_PRODUCTION_ASSIGNMENT,1,
CAND_c676e05deb78c6d31f70,2025/135,NAMED_PERSON_ON_ELIGIBLE_RECORD,POTENTIAL_NOT_PRODUCTION_ASSIGNMENT,1,
CAND_c689b09baade394018f4,2026/047,NAMED_PERSON_ON_ELIGIBLE_RECORD,POTENTIAL_NOT_PRODUCTION_ASSIGNMENT,1,
CAND_c6a1c121ecfb53c607ef,2020/024,NAMED_PERSON_ON_ELIGIBLE_RECORD,POTENTIAL_NOT_PRODUCTION_ASSIGNMENT,9,
CAND_c6a1c121ecfb53c607ef,2020/061,NAMED_PERSON_ON_ELIGIBLE_RECORD,POTENTIAL_NOT_PRODUCTION_ASSIGNMENT,9,
CAND_c6a1c121ecfb53c607ef,2021/055,NAMED_PERSON_ON_ELIGIBLE_RECORD,POTENTIAL_NOT_PRODUCTION_ASSIGNMENT,9,
CAND_c6a1c121ecfb53c607ef,2021/123,NAMED_PERSON_ON_ELIGIBLE_RECORD,POTENTIAL_NOT_PRODUCTION_ASSIGNMENT,9,
CAND_c6a1c121ecfb53c607ef,2021/151,NAMED_PERSON_ON_ELIGIBLE_RECORD,POTENTIAL_NOT_PRODUCTION_ASSIGNMENT,9,
CAND_c6a1c121ecfb53c607ef,2023/077,NAMED_PERSON_ON_ELIGIBLE_RECORD,POTENTIAL_NOT_PRODUCTION_ASSIGNMENT,9,
CAND_c6a1c121ecfb53c607ef,2023/181,NAMED_PERSON_ON_ELIGIBLE_RECORD,POTENTIAL_NOT_PRODUCTION_ASSIGNMENT,9,
CAND_c6a1c121ecfb53c607ef,2025/165,NAMED_PERSON_ON_ELIGIBLE_RECORD,POTENTIAL_NOT_PRODUCTION_ASSIGNMENT,9,
CAND_c6a1c121ecfb53c607ef,2026/060,NAMED_PERSON_ON_ELIGIBLE_RECORD,POTENTIAL_NOT_PRODUCTION_ASSIGNMENT,9,
CAND_c6a4e1f8b50b09a3ea97,2022/036/a,NAMED_PERSON_ON_ELIGIBLE_RECORD,POTENTIAL_NOT_PRODUCTION_ASSIGNMENT,1,
CAND_c6d83d6ccaf2f26433ce,2026/009,NAMED_PERSON_ON_ELIGIBLE_RECORD,POTENTIAL_NOT_PRODUCTION_ASSIGNMENT,1,
CAND_c6fc06f4370a263caef0,2020/074,NAMED_PERSON_ON_ELIGIBLE_RECORD,POTENTIAL_NOT_PRODUCTION_ASSIGNMENT,1,
CAND_c70743348166fca8806c,2020/107,NAMED_PERSON_ON_ELIGIBLE_RECORD,POTENTIAL_NOT_PRODUCTION_ASSIGNMENT,1,
CAND_c730db237b7f17734aee,2020/104,NAMED_PERSON_ON_ELIGIBLE_RECORD,POTENTIAL_NOT_PRODUCTION_ASSIGNMENT,1,
CAND_c73bf58d43c38afeccde,2022/047,NAMED_PERSON_ON_ELIGIBLE_RECORD,POTENTIAL_NOT_PRODUCTION_ASSIGNMENT,1,
CAND_c767a5c6d8fbafb8bb65,2024/152,NAMED_PERSON_ON_ELIGIBLE_RECORD,POTENTIAL_NOT_PRODUCTION_ASSIGNMENT,2,
CAND_c767a5c6d8fbafb8bb65,2024/167,NAMED_PERSON_ON_ELIGIBLE_RECORD,POTENTIAL_NOT_PRODUCTION_ASSIGNMENT,2,
CAND_c78134e4ee1c7272c50a,2020/054,NAMED_PERSON_ON_ELIGIBLE_RECORD,POTENTIAL_NOT_PRODUCTION_ASSIGNMENT,7,
CAND_c78134e4ee1c7272c50a,2020/072,NAMED_PERSON_ON_ELIGIBLE_RECORD,POTENTIAL_NOT_PRODUCTION_ASSIGNMENT,7,
CAND_c78134e4ee1c7272c50a,2021/031,NAMED_PERSON_ON_ELIGIBLE_RECORD,POTENTIAL_NOT_PRODUCTION_ASSIGNMENT,7,
CAND_c78134e4ee1c7272c50a,2021/181,NAMED_PERSON_ON_ELIGIBLE_RECORD,POTENTIAL_NOT_PRODUCTION_ASSIGNMENT,7,
CAND_c78134e4ee1c7272c50a,2022/035,NAMED_PERSON_ON_ELIGIBLE_RECORD,POTENTIAL_NOT_PRODUCTION_ASSIGNMENT,7,
CAND_c78134e4ee1c7272c50a,2022/060,NAMED_PERSON_ON_ELIGIBLE_RECORD,POTENTIAL_NOT_PRODUCTION_ASSIGNMENT,7,
CAND_c78134e4ee1c7272c50a,2023/085,NAMED_PERSON_ON_ELIGIBLE_RECORD,POTENTIAL_NOT_PRODUCTION_ASSIGNMENT,7,
CAND_c7840482a20ec237725d,2025/104,NAMED_PERSON_ON_ELIGIBLE_RECORD,POTENTIAL_NOT_PRODUCTION_ASSIGNMENT,2,
CAND_c7840482a20ec237725d,2026/032,NAMED_PERSON_ON_ELIGIBLE_RECORD,POTENTIAL_NOT_PRODUCTION_ASSIGNMENT,2,
CAND_c789b7dcf8d8cfb2bf35,2020/104,NAMED_PERSON_ON_ELIGIBLE_RECORD,POTENTIAL_NOT_PRODUCTION_ASSIGNMENT,2,
CAND_c789b7dcf8d8cfb2bf35,2021/012,NAMED_PERSON_ON_ELIGIBLE_RECORD,POTENTIAL_NOT_PRODUCTION_ASSIGNMENT,2,
CAND_c7914834c990262843dc,2020/084,NAMED_PERSON_ON_ELIGIBLE_RECORD,POTENTIAL_NOT_PRODUCTION_ASSIGNMENT,1,
CAND_c79d2175804fbff3de01,2025/241,NAMED_PERSON_ON_ELIGIBLE_RECORD,POTENTIAL_NOT_PRODUCTION_ASSIGNMENT,1,
CAND_c7d633b84be379b5b599,2022/007,NAMED_PERSON_ON_ELIGIBLE_RECORD,POTENTIAL_NOT_PRODUCTION_ASSIGNMENT,2,
CAND_c7d633b84be379b5b599,2024/254,NAMED_PERSON_ON_ELIGIBLE_RECORD,POTENTIAL_NOT_PRODUCTION_ASSIGNMENT,2,
CAND_c812e80852f0a62a3c0d,2019/003,NAMED_PERSON_ON_ELIGIBLE_RECORD,POTENTIAL_NOT_PRODUCTION_ASSIGNMENT,3,
CAND_c812e80852f0a62a3c0d,2021/055,NAMED_PERSON_ON_ELIGIBLE_RECORD,POTENTIAL_NOT_PRODUCTION_ASSIGNMENT,3,
CAND_c812e80852f0a62a3c0d,2021/146,NAMED_PERSON_ON_ELIGIBLE_RECORD,POTENTIAL_NOT_PRODUCTION_ASSIGNMENT,3,
CAND_c821e96140beacc42f67,2025/214,NAMED_PERSON_ON_ELIGIBLE_RECORD,POTENTIAL_NOT_PRODUCTION_ASSIGNMENT,2,
CAND_c821e96140beacc42f67,2025/265,NAMED_PERSON_ON_ELIGIBLE_RECORD,POTENTIAL_NOT_PRODUCTION_ASSIGNMENT,2,
CAND_c8251b2f52be2bbf9f35,2020/047,NAMED_PERSON_ON_ELIGIBLE_RECORD,POTENTIAL_NOT_PRODUCTION_ASSIGNMENT,1,
CAND_c83c80c5fa37c6bddfce,2026/063,NAMED_PERSON_ON_ELIGIBLE_RECORD,POTENTIAL_NOT_PRODUCTION_ASSIGNMENT,1,
CAND_c84e920386c90af6e171,2020/084,NAMED_PERSON_ON_ELIGIBLE_RECORD,POTENTIAL_NOT_PRODUCTION_ASSIGNMENT,1,
CAND_c8580cc2cc3634c78f9a,2024/005,NAMED_PERSON_ON_ELIGIBLE_RECORD,POTENTIAL_NOT_PRODUCTION_ASSIGNMENT,1,
CAND_c85dc13486385ef74c38,2026/037,NAMED_PERSON_ON_ELIGIBLE_RECORD,POTENTIAL_NOT_PRODUCTION_ASSIGNMENT,1,
CAND_c87b29b2d0b24d26d90f,2024/027,NAMED_PERSON_ON_ELIGIBLE_RECORD,POTENTIAL_NOT_PRODUCTION_ASSIGNMENT,1,
CAND_c88338cc9134fb5cc64a,2020/022,NAMED_PERSON_ON_ELIGIBLE_RECORD,POTENTIAL_NOT_PRODUCTION_ASSIGNMENT,2,
CAND_c88338cc9134fb5cc64a,2021/022,NAMED_PERSON_ON_ELIGIBLE_RECORD,POTENTIAL_NOT_PRODUCTION_ASSIGNMENT,2,
CAND_c894be3fd987951f8419,2021/145,NAMED_PERSON_ON_ELIGIBLE_RECORD,POTENTIAL_NOT_PRODUCTION_ASSIGNMENT,4,
CAND_c894be3fd987951f8419,2022/175,NAMED_PERSON_ON_ELIGIBLE_RECORD,POTENTIAL_NOT_PRODUCTION_ASSIGNMENT,4,
CAND_c894be3fd987951f8419,2023/069,NAMED_PERSON_ON_ELIGIBLE_RECORD,POTENTIAL_NOT_PRODUCTION_ASSIGNMENT,4,
CAND_c894be3fd987951f8419,2023/070,NAMED_PERSON_ON_ELIGIBLE_RECORD,POTENTIAL_NOT_PRODUCTION_ASSIGNMENT,4,
CAND_c89abd4d0f9dbfcd6826,2020/047,NAMED_PERSON_ON_ELIGIBLE_RECORD,POTENTIAL_NOT_PRODUCTION_ASSIGNMENT,4,
CAND_c89abd4d0f9dbfcd6826,2021/163,NAMED_PERSON_ON_ELIGIBLE_RECORD,POTENTIAL_NOT_PRODUCTION_ASSIGNMENT,4,
CAND_c89abd4d0f9dbfcd6826,2022/057,NAMED_PERSON_ON_ELIGIBLE_RECORD,POTENTIAL_NOT_PRODUCTION_ASSIGNMENT,4,
CAND_c89abd4d0f9dbfcd6826,2024/095/b,NAMED_PERSON_ON_ELIGIBLE_RECORD,POTENTIAL_NOT_PRODUCTION_ASSIGNMENT,4,
CAND_c8e573411c29f9895f79,2020/048,NAMED_PERSON_ON_ELIGIBLE_RECORD,POTENTIAL_NOT_PRODUCTION_ASSIGNMENT,2,
CAND_c8e573411c29f9895f79,2024/016,NAMED_PERSON_ON_ELIGIBLE_RECORD,POTENTIAL_NOT_PRODUCTION_ASSIGNMENT,2,
CAND_c9052227682684094c34,2025/129,NAMED_PERSON_ON_ELIGIBLE_RECORD,POTENTIAL_NOT_PRODUCTION_ASSIGNMENT,1,
CAND_c91ae47187bbb51cf6b1,2024/189,NAMED_PERSON_ON_ELIGIBLE_RECORD,POTENTIAL_NOT_PRODUCTION_ASSIGNMENT,1,
CAND_c92a630292b110507d0a,2023/068,NAMED_PERSON_ON_ELIGIBLE_RECORD,POTENTIAL_NOT_PRODUCTION_ASSIGNMENT,3,
CAND_c92a630292b110507d0a,2025/087,NAMED_PERSON_ON_ELIGIBLE_RECORD,POTENTIAL_NOT_PRODUCTION_ASSIGNMENT,3,
CAND_c92a630292b110507d0a,2026/005,NAMED_PERSON_ON_ELIGIBLE_RECORD,POTENTIAL_NOT_PRODUCTION_ASSIGNMENT,3,
CAND_c94d4762321314521dbd,2025/085,NAMED_PERSON_ON_ELIGIBLE_RECORD,POTENTIAL_NOT_PRODUCTION_ASSIGNMENT,1,
CAND_c95cc75fb2929d01b628,2026/069,NAMED_PERSON_ON_ELIGIBLE_RECORD,POTENTIAL_NOT_PRODUCTION_ASSIGNMENT,1,
CAND_c977c08136cee11b71a1,2025/067,NAMED_PERSON_ON_ELIGIBLE_RECORD,POTENTIAL_NOT_PRODUCTION_ASSIGNMENT,1,
CAND_c97e2780e3e515b7f023,2024/208,NAMED_PERSON_ON_ELIGIBLE_RECORD,POTENTIAL_NOT_PRODUCTION_ASSIGNMENT,1,
CAND_c97f513f57300fc1da17,2025/006,NAMED_PERSON_ON_ELIGIBLE_RECORD,POTENTIAL_NOT_PRODUCTION_ASSIGNMENT,2,
CAND_c97f513f57300fc1da17,2026/030,NAMED_PERSON_ON_ELIGIBLE_RECORD,POTENTIAL_NOT_PRODUCTION_ASSIGNMENT,2,
CAND_c9804c0e7c5e3cddcce5,2020/027,NAMED_PERSON_ON_ELIGIBLE_RECORD,POTENTIAL_NOT_PRODUCTION_ASSIGNMENT,1,
CAND_c994c0c3502120305a37,2025/234,NAMED_PERSON_ON_ELIGIBLE_RECORD,POTENTIAL_NOT_PRODUCTION_ASSIGNMENT,1,
CAND_c995f8e23dd5c549689c,2020/012,NAMED_PERSON_ON_ELIGIBLE_RECORD,POTENTIAL_NOT_PRODUCTION_ASSIGNMENT,4,
CAND_c995f8e23dd5c549689c,2023/065,NAMED_PERSON_ON_ELIGIBLE_RECORD,POTENTIAL_NOT_PRODUCTION_ASSIGNMENT,4,
CAND_c995f8e23dd5c549689c,2024/037,NAMED_PERSON_ON_ELIGIBLE_RECORD,POTENTIAL_NOT_PRODUCTION_ASSIGNMENT,4,
CAND_c995f8e23dd5c549689c,2024/154,NAMED_PERSON_ON_ELIGIBLE_RECORD,POTENTIAL_NOT_PRODUCTION_ASSIGNMENT,4,
CAND_c9a01d9b2210a2347a6c,2020/101,NAMED_PERSON_ON_ELIGIBLE_RECORD,POTENTIAL_NOT_PRODUCTION_ASSIGNMENT,2,
CAND_c9a01d9b2210a2347a6c,2024/252,NAMED_PERSON_ON_ELIGIBLE_RECORD,POTENTIAL_NOT_PRODUCTION_ASSIGNMENT,2,
CAND_c9aee28875c50cf8ac68,2021/012,NAMED_PERSON_ON_ELIGIBLE_RECORD,POTENTIAL_NOT_PRODUCTION_ASSIGNMENT,1,
CAND_c9b8a19bdd86da65687b,2020/027,NAMED_PERSON_ON_ELIGIBLE_RECORD,POTENTIAL_NOT_PRODUCTION_ASSIGNMENT,1,
CAND_c9c2c3824220fdb7ef3d,2024/068,NAMED_PERSON_ON_ELIGIBLE_RECORD,POTENTIAL_NOT_PRODUCTION_ASSIGNMENT,2,
CAND_c9c2c3824220fdb7ef3d,2026/074,NAMED_PERSON_ON_ELIGIBLE_RECORD,POTENTIAL_NOT_PRODUCTION_ASSIGNMENT,2,
CAND_c9cbe2bc9b8b60a33cd2,2020/030/b,NAMED_PERSON_ON_ELIGIBLE_RECORD,POTENTIAL_NOT_PRODUCTION_ASSIGNMENT,1,
CAND_c9dac3165227629a53fd,2025/086,NAMED_PERSON_ON_ELIGIBLE_RECORD,POTENTIAL_NOT_PRODUCTION_ASSIGNMENT,1,
CAND_c9f36a2d5cf0935ded93,2023/170,NAMED_PERSON_ON_ELIGIBLE_RECORD,POTENTIAL_NOT_PRODUCTION_ASSIGNMENT,1,
CAND_c9f9d26f0f3608f70447,2020/067,NAMED_PERSON_ON_ELIGIBLE_RECORD,POTENTIAL_NOT_PRODUCTION_ASSIGNMENT,4,
CAND_c9f9d26f0f3608f70447,2023/170,NAMED_PERSON_ON_ELIGIBLE_RECORD,POTENTIAL_NOT_PRODUCTION_ASSIGNMENT,4,
CAND_c9f9d26f0f3608f70447,2024/124,NAMED_PERSON_ON_ELIGIBLE_RECORD,POTENTIAL_NOT_PRODUCTION_ASSIGNMENT,4,
CAND_c9f9d26f0f3608f70447,2026/019,NAMED_PERSON_ON_ELIGIBLE_RECORD,POTENTIAL_NOT_PRODUCTION_ASSIGNMENT,4,
CAND_ca09e8c5bd6ccae91cba,2021/185,NAMED_PERSON_ON_ELIGIBLE_RECORD,POTENTIAL_NOT_PRODUCTION_ASSIGNMENT,1,
CAND_ca736708cc2ffebc1fa9,2021/032,NAMED_PERSON_ON_ELIGIBLE_RECORD,POTENTIAL_NOT_PRODUCTION_ASSIGNMENT,1,
CAND_cad03856c390611d2f85,2020/068,NAMED_PERSON_ON_ELIGIBLE_RECORD,POTENTIAL_NOT_PRODUCTION_ASSIGNMENT,1,
CAND_cad43cf7fc30376e451d,2024/169,NAMED_PERSON_ON_ELIGIBLE_RECORD,POTENTIAL_NOT_PRODUCTION_ASSIGNMENT,1,
CAND_cb15aa17bb15859df133,2020/026,NAMED_PERSON_ON_ELIGIBLE_RECORD,POTENTIAL_NOT_PRODUCTION_ASSIGNMENT,1,
CAND_cb1ecabdf9d5defdf9e9,2021/160,NAMED_PERSON_ON_ELIGIBLE_RECORD,POTENTIAL_NOT_PRODUCTION_ASSIGNMENT,1,
CAND_cb5f9d3f945351ea96e1,2022/175,NAMED_PERSON_ON_ELIGIBLE_RECORD,POTENTIAL_NOT_PRODUCTION_ASSIGNMENT,3,
CAND_cb5f9d3f945351ea96e1,2023/179,NAMED_PERSON_ON_ELIGIBLE_RECORD,POTENTIAL_NOT_PRODUCTION_ASSIGNMENT,3,
CAND_cb5f9d3f945351ea96e1,2024/076,NAMED_PERSON_ON_ELIGIBLE_RECORD,POTENTIAL_NOT_PRODUCTION_ASSIGNMENT,3,
CAND_cb6201e39850f50b12fe,2024/213,NAMED_PERSON_ON_ELIGIBLE_RECORD,POTENTIAL_NOT_PRODUCTION_ASSIGNMENT,1,
CAND_cb7b71f20ef7fc726466,2024/173,NAMED_PERSON_ON_ELIGIBLE_RECORD,POTENTIAL_NOT_PRODUCTION_ASSIGNMENT,1,
CAND_cbc29405e9d7fb3cae30,2025/158,NAMED_PERSON_ON_ELIGIBLE_RECORD,POTENTIAL_NOT_PRODUCTION_ASSIGNMENT,1,
CAND_cbcaaea5081cffaaa400,2026/074,NAMED_PERSON_ON_ELIGIBLE_RECORD,POTENTIAL_NOT_PRODUCTION_ASSIGNMENT,1,
CAND_cc03e0540d86271ed776,2024/182,NAMED_PERSON_ON_ELIGIBLE_RECORD,POTENTIAL_NOT_PRODUCTION_ASSIGNMENT,1,
CAND_cc1582ca79b6a016d14c,2021/165,NAMED_PERSON_ON_ELIGIBLE_RECORD,POTENTIAL_NOT_PRODUCTION_ASSIGNMENT,1,
CAND_cc45ad802ca98593371d,2020/104,NAMED_PERSON_ON_ELIGIBLE_RECORD,POTENTIAL_NOT_PRODUCTION_ASSIGNMENT,1,
CAND_cc9daae477e47ba13f39,2024/134,NAMED_PERSON_ON_ELIGIBLE_RECORD,POTENTIAL_NOT_PRODUCTION_ASSIGNMENT,1,
CAND_ccb3e48782815e80ae11,2024/123,NAMED_PERSON_ON_ELIGIBLE_RECORD,POTENTIAL_NOT_PRODUCTION_ASSIGNMENT,3,
CAND_ccb3e48782815e80ae11,2025/140,NAMED_PERSON_ON_ELIGIBLE_RECORD,POTENTIAL_NOT_PRODUCTION_ASSIGNMENT,3,
CAND_ccb3e48782815e80ae11,2025/216,NAMED_PERSON_ON_ELIGIBLE_RECORD,POTENTIAL_NOT_PRODUCTION_ASSIGNMENT,3,
CAND_cceea1b9b3e615afec84,2021/160,NAMED_PERSON_ON_ELIGIBLE_RECORD,POTENTIAL_NOT_PRODUCTION_ASSIGNMENT,1,
CAND_cd16a93e92367a18ff36,2024/015,NAMED_PERSON_ON_ELIGIBLE_RECORD,POTENTIAL_NOT_PRODUCTION_ASSIGNMENT,2,
CAND_cd16a93e92367a18ff36,2024/238,NAMED_PERSON_ON_ELIGIBLE_RECORD,POTENTIAL_NOT_PRODUCTION_ASSIGNMENT,2,
CAND_cd2c7a6d5119dc6c0b75,2022/151,NAMED_PERSON_ON_ELIGIBLE_RECORD,POTENTIAL_NOT_PRODUCTION_ASSIGNMENT,1,
CAND_cd8fab88300bc109314e,2025/242,NAMED_PERSON_ON_ELIGIBLE_RECORD,POTENTIAL_NOT_PRODUCTION_ASSIGNMENT,1,
CAND_cd8fdd557ae25a048a1a,2021/161,NAMED_PERSON_ON_ELIGIBLE_RECORD,POTENTIAL_NOT_PRODUCTION_ASSIGNMENT,2,
CAND_cd8fdd557ae25a048a1a,2024/033,NAMED_PERSON_ON_ELIGIBLE_RECORD,POTENTIAL_NOT_PRODUCTION_ASSIGNMENT,2,
CAND_cdb6f70651c94a22cbf8,2024/162,NAMED_PERSON_ON_ELIGIBLE_RECORD,POTENTIAL_NOT_PRODUCTION_ASSIGNMENT,1,
CAND_cdd38093a0d841f9a20e,2023/031,NAMED_PERSON_ON_ELIGIBLE_RECORD,POTENTIAL_NOT_PRODUCTION_ASSIGNMENT,3,
CAND_cdd38093a0d841f9a20e,2024/172,NAMED_PERSON_ON_ELIGIBLE_RECORD,POTENTIAL_NOT_PRODUCTION_ASSIGNMENT,3,
CAND_cdd38093a0d841f9a20e,2025/083,NAMED_PERSON_ON_ELIGIBLE_RECORD,POTENTIAL_NOT_PRODUCTION_ASSIGNMENT,3,
CAND_ce008b86e0a3f418e004,2022/059,NAMED_PERSON_ON_ELIGIBLE_RECORD,POTENTIAL_NOT_PRODUCTION_ASSIGNMENT,1,
CAND_ce50ae8ac9b7fd98d450,2021/037,NAMED_PERSON_ON_ELIGIBLE_RECORD,POTENTIAL_NOT_PRODUCTION_ASSIGNMENT,1,
CAND_ce63d6754da08476e2f8,2021/141,NAMED_PERSON_ON_ELIGIBLE_RECORD,POTENTIAL_NOT_PRODUCTION_ASSIGNMENT,1,
CAND_ce6b1f53495d3cd3ecf7,2020/086,NAMED_PERSON_ON_ELIGIBLE_RECORD,POTENTIAL_NOT_PRODUCTION_ASSIGNMENT,1,
CAND_cebaaff14a824e6e5fd1,2022/154,NAMED_PERSON_ON_ELIGIBLE_RECORD,POTENTIAL_NOT_PRODUCTION_ASSIGNMENT,2,
CAND_cebaaff14a824e6e5fd1,2026/089,NAMED_PERSON_ON_ELIGIBLE_RECORD,POTENTIAL_NOT_PRODUCTION_ASSIGNMENT,2,
CAND_cecc03ddb66546f68a9f,2024/032,NAMED_PERSON_ON_ELIGIBLE_RECORD,POTENTIAL_NOT_PRODUCTION_ASSIGNMENT,1,
CAND_ced854a022e8cdecd929,2026/004,NAMED_PERSON_ON_ELIGIBLE_RECORD,POTENTIAL_NOT_PRODUCTION_ASSIGNMENT,1,
CAND_ceedc5799030a7a3bb05,2026/068,NAMED_PERSON_ON_ELIGIBLE_RECORD,POTENTIAL_NOT_PRODUCTION_ASSIGNMENT,1,
CAND_cf0cd2f3b91936a2db6a,2020/128,NAMED_PERSON_ON_ELIGIBLE_RECORD,POTENTIAL_NOT_PRODUCTION_ASSIGNMENT,3,
CAND_cf0cd2f3b91936a2db6a,2020/129,NAMED_PERSON_ON_ELIGIBLE_RECORD,POTENTIAL_NOT_PRODUCTION_ASSIGNMENT,3,
CAND_cf0cd2f3b91936a2db6a,2021/124,NAMED_PERSON_ON_ELIGIBLE_RECORD,POTENTIAL_NOT_PRODUCTION_ASSIGNMENT,3,
CAND_cf2d6aea11ce953f14fb,2023/173,NAMED_PERSON_ON_ELIGIBLE_RECORD,POTENTIAL_NOT_PRODUCTION_ASSIGNMENT,1,
CAND_cf4e2e679ef124627bdc,2025/019,NAMED_PERSON_ON_ELIGIBLE_RECORD,POTENTIAL_NOT_PRODUCTION_ASSIGNMENT,1,
CAND_cf79c9016fadfc4c9e3d,2020/037,NAMED_PERSON_ON_ELIGIBLE_RECORD,POTENTIAL_NOT_PRODUCTION_ASSIGNMENT,1,
CAND_cfbc37f5a9b6addbf619,2025/264,NAMED_PERSON_ON_ELIGIBLE_RECORD,POTENTIAL_NOT_PRODUCTION_ASSIGNMENT,1,
CAND_cfce025ce12328fcabd3,2020/050,NAMED_PERSON_ON_ELIGIBLE_RECORD,POTENTIAL_NOT_PRODUCTION_ASSIGNMENT,1,
CAND_cfd8f26c2d310db86544,2022/040,NAMED_PERSON_ON_ELIGIBLE_RECORD,POTENTIAL_NOT_PRODUCTION_ASSIGNMENT,1,
CAND_cfdeaf3166a40b297fe5,2025/009,NAMED_PERSON_ON_ELIGIBLE_RECORD,POTENTIAL_NOT_PRODUCTION_ASSIGNMENT,2,
CAND_cfdeaf3166a40b297fe5,2025/076,NAMED_PERSON_ON_ELIGIBLE_RECORD,POTENTIAL_NOT_PRODUCTION_ASSIGNMENT,2,
CAND_cfe545b425cf6ea46244,2020/027,NAMED_PERSON_ON_ELIGIBLE_RECORD,POTENTIAL_NOT_PRODUCTION_ASSIGNMENT,1,
CAND_cfeb57be3252625ccda1,2025/094,NAMED_PERSON_ON_ELIGIBLE_RECORD,POTENTIAL_NOT_PRODUCTION_ASSIGNMENT,1,
CAND_d021291e211fdea41f08,2021/002,NAMED_PERSON_ON_ELIGIBLE_RECORD,POTENTIAL_NOT_PRODUCTION_ASSIGNMENT,1,
CAND_d049c86d234f682754c6,2024/161,NAMED_PERSON_ON_ELIGIBLE_RECORD,POTENTIAL_NOT_PRODUCTION_ASSIGNMENT,1,
CAND_d06648b16a875d6e76dd,2023/009,NAMED_PERSON_ON_ELIGIBLE_RECORD,POTENTIAL_NOT_PRODUCTION_ASSIGNMENT,1,
CAND_d06ef436cddefcf35418,2022/108,NAMED_PERSON_ON_ELIGIBLE_RECORD,POTENTIAL_NOT_PRODUCTION_ASSIGNMENT,1,
CAND_d074d3d3f7f2f6d938c4,2022/167,NAMED_PERSON_ON_ELIGIBLE_RECORD,POTENTIAL_NOT_PRODUCTION_ASSIGNMENT,1,
CAND_d08caeeda2cd87bf583d,2023/015,NAMED_PERSON_ON_ELIGIBLE_RECORD,POTENTIAL_NOT_PRODUCTION_ASSIGNMENT,1,
CAND_d0d4905351a2228e7e7b,2023/228,NAMED_PERSON_ON_ELIGIBLE_RECORD,POTENTIAL_NOT_PRODUCTION_ASSIGNMENT,1,
CAND_d0e97c554a80f0c67606,2020/027,NAMED_PERSON_ON_ELIGIBLE_RECORD,POTENTIAL_NOT_PRODUCTION_ASSIGNMENT,1,
CAND_d0eaaa19cde2d6e4c0d8,2021/110,NAMED_PERSON_ON_ELIGIBLE_RECORD,POTENTIAL_NOT_PRODUCTION_ASSIGNMENT,1,
CAND_d0f05f835e1476fb0ef9,2020/020,NAMED_PERSON_ON_ELIGIBLE_RECORD,POTENTIAL_NOT_PRODUCTION_ASSIGNMENT,1,
CAND_d1710db4c02597b77857,2025/018,NAMED_PERSON_ON_ELIGIBLE_RECORD,POTENTIAL_NOT_PRODUCTION_ASSIGNMENT,1,
CAND_d1a08fb5df6f2aeb21a1,2023/268,NAMED_PERSON_ON_ELIGIBLE_RECORD,POTENTIAL_NOT_PRODUCTION_ASSIGNMENT,1,
CAND_d1ba676f83acda37a456,2021/170,NAMED_PERSON_ON_ELIGIBLE_RECORD,POTENTIAL_NOT_PRODUCTION_ASSIGNMENT,1,
CAND_d1bf5be816cbc7f0e867,2020/006,NAMED_PERSON_ON_ELIGIBLE_RECORD,POTENTIAL_NOT_PRODUCTION_ASSIGNMENT,2,
CAND_d1bf5be816cbc7f0e867,2022/009,NAMED_PERSON_ON_ELIGIBLE_RECORD,POTENTIAL_NOT_PRODUCTION_ASSIGNMENT,2,
CAND_d1d59a238fa965613c79,2020/062,NAMED_PERSON_ON_ELIGIBLE_RECORD,POTENTIAL_NOT_PRODUCTION_ASSIGNMENT,1,
CAND_d1efba696665a103d56c,2024/138,NAMED_PERSON_ON_ELIGIBLE_RECORD,POTENTIAL_NOT_PRODUCTION_ASSIGNMENT,1,
CAND_d1f412cd2e79326440b9,2024/255,NAMED_PERSON_ON_ELIGIBLE_RECORD,POTENTIAL_NOT_PRODUCTION_ASSIGNMENT,1,
CAND_d2021eb2972e442c3b1a,2023/309,NAMED_PERSON_ON_ELIGIBLE_RECORD,POTENTIAL_NOT_PRODUCTION_ASSIGNMENT,1,
CAND_d2c9f567384b894e37d5,2019/023,NAMED_PERSON_ON_ELIGIBLE_RECORD,POTENTIAL_NOT_PRODUCTION_ASSIGNMENT,1,
CAND_d2e24dcb7fbc877bbc1b,2021/053,NAMED_PERSON_ON_ELIGIBLE_RECORD,POTENTIAL_NOT_PRODUCTION_ASSIGNMENT,1,
CAND_d2e6de110982fa78cf7d,2023/228,NAMED_PERSON_ON_ELIGIBLE_RECORD,POTENTIAL_NOT_PRODUCTION_ASSIGNMENT,1,
CAND_d2e7de0c61d8cd691289,2024/096,NAMED_PERSON_ON_ELIGIBLE_RECORD,POTENTIAL_NOT_PRODUCTION_ASSIGNMENT,1,
CAND_d2ed415bbe4c09517f4a,2025/145,NAMED_PERSON_ON_ELIGIBLE_RECORD,POTENTIAL_NOT_PRODUCTION_ASSIGNMENT,1,
CAND_d2f9d0532e270851caef,2020/027,NAMED_PERSON_ON_ELIGIBLE_RECORD,POTENTIAL_NOT_PRODUCTION_ASSIGNMENT,2,
CAND_d2f9d0532e270851caef,2020/104,NAMED_PERSON_ON_ELIGIBLE_RECORD,POTENTIAL_NOT_PRODUCTION_ASSIGNMENT,2,
CAND_d358d980a2128ab310f4,2020/027,NAMED_PERSON_ON_ELIGIBLE_RECORD,POTENTIAL_NOT_PRODUCTION_ASSIGNMENT,1,
CAND_d3a7a2034d439d6d68c3,2023/229,NAMED_PERSON_ON_ELIGIBLE_RECORD,POTENTIAL_NOT_PRODUCTION_ASSIGNMENT,4,
CAND_d3a7a2034d439d6d68c3,2024/003,NAMED_PERSON_ON_ELIGIBLE_RECORD,POTENTIAL_NOT_PRODUCTION_ASSIGNMENT,4,
CAND_d3a7a2034d439d6d68c3,2024/016,NAMED_PERSON_ON_ELIGIBLE_RECORD,POTENTIAL_NOT_PRODUCTION_ASSIGNMENT,4,
CAND_d3a7a2034d439d6d68c3,2024/020,NAMED_PERSON_ON_ELIGIBLE_RECORD,POTENTIAL_NOT_PRODUCTION_ASSIGNMENT,4,
CAND_d3b90005ba54a336e2c3,2020/067,NAMED_PERSON_ON_ELIGIBLE_RECORD,POTENTIAL_NOT_PRODUCTION_ASSIGNMENT,2,
CAND_d3b90005ba54a336e2c3,2023/170,NAMED_PERSON_ON_ELIGIBLE_RECORD,POTENTIAL_NOT_PRODUCTION_ASSIGNMENT,2,
CAND_d3c0b05fe0a8ba9ac1d4,2020/026,NAMED_PERSON_ON_ELIGIBLE_RECORD,POTENTIAL_NOT_PRODUCTION_ASSIGNMENT,1,
CAND_d3f63723a4f4558172e1,2020/048,NAMED_PERSON_ON_ELIGIBLE_RECORD,POTENTIAL_NOT_PRODUCTION_ASSIGNMENT,1,
CAND_d41ce24982eb19fffae4,2020/011,NAMED_PERSON_ON_ELIGIBLE_RECORD,POTENTIAL_NOT_PRODUCTION_ASSIGNMENT,4,
CAND_d41ce24982eb19fffae4,2021/135,NAMED_PERSON_ON_ELIGIBLE_RECORD,POTENTIAL_NOT_PRODUCTION_ASSIGNMENT,4,
CAND_d41ce24982eb19fffae4,2023/295,NAMED_PERSON_ON_ELIGIBLE_RECORD,POTENTIAL_NOT_PRODUCTION_ASSIGNMENT,4,
CAND_d41ce24982eb19fffae4,2025/052,NAMED_PERSON_ON_ELIGIBLE_RECORD,POTENTIAL_NOT_PRODUCTION_ASSIGNMENT,4,
CAND_d436f6d8ed7606492b0d,2025/006,NAMED_PERSON_ON_ELIGIBLE_RECORD,POTENTIAL_NOT_PRODUCTION_ASSIGNMENT,1,
CAND_d462c76e7681e73739a4,2022/150,NAMED_PERSON_ON_ELIGIBLE_RECORD,POTENTIAL_NOT_PRODUCTION_ASSIGNMENT,1,
CAND_d46adf054a327d6c6a63,2020/027,NAMED_PERSON_ON_ELIGIBLE_RECORD,POTENTIAL_NOT_PRODUCTION_ASSIGNMENT,1,
CAND_d46fd705bc273e0570d1,2020/027,NAMED_PERSON_ON_ELIGIBLE_RECORD,POTENTIAL_NOT_PRODUCTION_ASSIGNMENT,2,
CAND_d46fd705bc273e0570d1,2021/037,NAMED_PERSON_ON_ELIGIBLE_RECORD,POTENTIAL_NOT_PRODUCTION_ASSIGNMENT,2,
CAND_d47e556804e32721206d,2025/070,NAMED_PERSON_ON_ELIGIBLE_RECORD,POTENTIAL_NOT_PRODUCTION_ASSIGNMENT,2,
CAND_d47e556804e32721206d,2025/166,NAMED_PERSON_ON_ELIGIBLE_RECORD,POTENTIAL_NOT_PRODUCTION_ASSIGNMENT,2,
CAND_d499f8ef50992bf7458c,2023/024,NAMED_PERSON_ON_ELIGIBLE_RECORD,POTENTIAL_NOT_PRODUCTION_ASSIGNMENT,1,
CAND_d4a14b917dc214f100df,2020/027,NAMED_PERSON_ON_ELIGIBLE_RECORD,POTENTIAL_NOT_PRODUCTION_ASSIGNMENT,1,
CAND_d4a9536d700575619a2c,2022/177,NAMED_PERSON_ON_ELIGIBLE_RECORD,POTENTIAL_NOT_PRODUCTION_ASSIGNMENT,1,
CAND_d4c327959c782be3845f,2022/128,NAMED_PERSON_ON_ELIGIBLE_RECORD,POTENTIAL_NOT_PRODUCTION_ASSIGNMENT,1,
CAND_d4ceda08173d1e215494,2021/057,NAMED_PERSON_ON_ELIGIBLE_RECORD,POTENTIAL_NOT_PRODUCTION_ASSIGNMENT,1,
CAND_d4d338d163509b4156de,2024/003,NAMED_PERSON_ON_ELIGIBLE_RECORD,POTENTIAL_NOT_PRODUCTION_ASSIGNMENT,2,
CAND_d4d338d163509b4156de,2025/040,NAMED_PERSON_ON_ELIGIBLE_RECORD,POTENTIAL_NOT_PRODUCTION_ASSIGNMENT,2,
CAND_d4d7b0b32c778fb03ac8,2022/169,NAMED_PERSON_ON_ELIGIBLE_RECORD,POTENTIAL_NOT_PRODUCTION_ASSIGNMENT,2,
CAND_d4d7b0b32c778fb03ac8,2023/044,NAMED_PERSON_ON_ELIGIBLE_RECORD,POTENTIAL_NOT_PRODUCTION_ASSIGNMENT,2,
CAND_d4d83a0b81380349c1b7,2021/163,NAMED_PERSON_ON_ELIGIBLE_RECORD,POTENTIAL_NOT_PRODUCTION_ASSIGNMENT,5,
CAND_d4d83a0b81380349c1b7,2022/038,NAMED_PERSON_ON_ELIGIBLE_RECORD,POTENTIAL_NOT_PRODUCTION_ASSIGNMENT,5,
CAND_d4d83a0b81380349c1b7,2022/057,NAMED_PERSON_ON_ELIGIBLE_RECORD,POTENTIAL_NOT_PRODUCTION_ASSIGNMENT,5,
CAND_d4d83a0b81380349c1b7,2024/095/b,NAMED_PERSON_ON_ELIGIBLE_RECORD,POTENTIAL_NOT_PRODUCTION_ASSIGNMENT,5,
CAND_d4d83a0b81380349c1b7,2025/152,NAMED_PERSON_ON_ELIGIBLE_RECORD,POTENTIAL_NOT_PRODUCTION_ASSIGNMENT,5,
CAND_d4e246465a61c750f443,2025/018,NAMED_PERSON_ON_ELIGIBLE_RECORD,POTENTIAL_NOT_PRODUCTION_ASSIGNMENT,1,
CAND_d4fb4391201bb7922d36,2022/096,NAMED_PERSON_ON_ELIGIBLE_RECORD,POTENTIAL_NOT_PRODUCTION_ASSIGNMENT,1,
CAND_d51175eabb73993f8801,2026/001,NAMED_PERSON_ON_ELIGIBLE_RECORD,POTENTIAL_NOT_PRODUCTION_ASSIGNMENT,1,
CAND_d53ac6b2f067014ed531,2024/251,NAMED_PERSON_ON_ELIGIBLE_RECORD,POTENTIAL_NOT_PRODUCTION_ASSIGNMENT,1,
CAND_d56d1d449cc4de63c58b,2026/001,NAMED_PERSON_ON_ELIGIBLE_RECORD,POTENTIAL_NOT_PRODUCTION_ASSIGNMENT,1,
CAND_d5a66ef1f00d12e3cd97,2021/095,NAMED_PERSON_ON_ELIGIBLE_RECORD,POTENTIAL_NOT_PRODUCTION_ASSIGNMENT,1,
CAND_d5c51c0c87c57ca5a68f,2023/009,NAMED_PERSON_ON_ELIGIBLE_RECORD,POTENTIAL_NOT_PRODUCTION_ASSIGNMENT,1,
CAND_d5f3da21c4d09f19471d,2025/060,NAMED_PERSON_ON_ELIGIBLE_RECORD,POTENTIAL_NOT_PRODUCTION_ASSIGNMENT,1,
CAND_d6240917006c01469c8f,2021/008,NAMED_PERSON_ON_ELIGIBLE_RECORD,POTENTIAL_NOT_PRODUCTION_ASSIGNMENT,1,
CAND_d62e9352a42db6057e00,2021/037,NAMED_PERSON_ON_ELIGIBLE_RECORD,POTENTIAL_NOT_PRODUCTION_ASSIGNMENT,1,
CAND_d65197b2fc73136366b9,2020/053,NAMED_PERSON_ON_ELIGIBLE_RECORD,POTENTIAL_NOT_PRODUCTION_ASSIGNMENT,1,
CAND_d65f2b2b47931c5f88d1,2020/027,NAMED_PERSON_ON_ELIGIBLE_RECORD,POTENTIAL_NOT_PRODUCTION_ASSIGNMENT,1,
CAND_d664f79b1f709647fb9b,2023/233,NAMED_PERSON_ON_ELIGIBLE_RECORD,POTENTIAL_NOT_PRODUCTION_ASSIGNMENT,1,
CAND_d67b05f1990bc1d6dd1e,2025/215,NAMED_PERSON_ON_ELIGIBLE_RECORD,POTENTIAL_NOT_PRODUCTION_ASSIGNMENT,1,
CAND_d6852bed16b3a9ecaf26,2022/086,NAMED_PERSON_ON_ELIGIBLE_RECORD,POTENTIAL_NOT_PRODUCTION_ASSIGNMENT,1,
CAND_d6a6a92e729e6bcfadeb,2023/016,NAMED_PERSON_ON_ELIGIBLE_RECORD,POTENTIAL_NOT_PRODUCTION_ASSIGNMENT,3,
CAND_d6a6a92e729e6bcfadeb,2024/072,NAMED_PERSON_ON_ELIGIBLE_RECORD,POTENTIAL_NOT_PRODUCTION_ASSIGNMENT,3,
CAND_d6a6a92e729e6bcfadeb,2025/178,NAMED_PERSON_ON_ELIGIBLE_RECORD,POTENTIAL_NOT_PRODUCTION_ASSIGNMENT,3,
CAND_d6c5173a88523718e5ee,2024/206,NAMED_PERSON_ON_ELIGIBLE_RECORD,POTENTIAL_NOT_PRODUCTION_ASSIGNMENT,1,
CAND_d6d42c261002ecf9ccab,2020/047,NAMED_PERSON_ON_ELIGIBLE_RECORD,POTENTIAL_NOT_PRODUCTION_ASSIGNMENT,1,
CAND_d70c6920588856f760f7,2023/189,NAMED_PERSON_ON_ELIGIBLE_RECORD,POTENTIAL_NOT_PRODUCTION_ASSIGNMENT,1,
CAND_d71ff89e07aeab45586e,2020/012,NAMED_PERSON_ON_ELIGIBLE_RECORD,POTENTIAL_NOT_PRODUCTION_ASSIGNMENT,2,
CAND_d71ff89e07aeab45586e,2023/170,NAMED_PERSON_ON_ELIGIBLE_RECORD,POTENTIAL_NOT_PRODUCTION_ASSIGNMENT,2,
CAND_d72c03d55f85c7c87a65,2024/077,NAMED_PERSON_ON_ELIGIBLE_RECORD,POTENTIAL_NOT_PRODUCTION_ASSIGNMENT,2,
CAND_d72c03d55f85c7c87a65,2024/078,NAMED_PERSON_ON_ELIGIBLE_RECORD,POTENTIAL_NOT_PRODUCTION_ASSIGNMENT,2,
CAND_d740c7cf00a97e095661,2021/111,NAMED_PERSON_ON_ELIGIBLE_RECORD,POTENTIAL_NOT_PRODUCTION_ASSIGNMENT,1,
CAND_d7640a8cb9d56684a0bc,2021/129,NAMED_PERSON_ON_ELIGIBLE_RECORD,POTENTIAL_NOT_PRODUCTION_ASSIGNMENT,1,
CAND_d79ee5f47a8a2695ebdc,2024/173,NAMED_PERSON_ON_ELIGIBLE_RECORD,POTENTIAL_NOT_PRODUCTION_ASSIGNMENT,3,
CAND_d79ee5f47a8a2695ebdc,2025/121,NAMED_PERSON_ON_ELIGIBLE_RECORD,POTENTIAL_NOT_PRODUCTION_ASSIGNMENT,3,
CAND_d79ee5f47a8a2695ebdc,2025/207,NAMED_PERSON_ON_ELIGIBLE_RECORD,POTENTIAL_NOT_PRODUCTION_ASSIGNMENT,3,
CAND_d81693c51c5896ed1bee,2021/151,NAMED_PERSON_ON_ELIGIBLE_RECORD,POTENTIAL_NOT_PRODUCTION_ASSIGNMENT,4,
CAND_d81693c51c5896ed1bee,2021/182,NAMED_PERSON_ON_ELIGIBLE_RECORD,POTENTIAL_NOT_PRODUCTION_ASSIGNMENT,4,
CAND_d81693c51c5896ed1bee,2024/136,NAMED_PERSON_ON_ELIGIBLE_RECORD,POTENTIAL_NOT_PRODUCTION_ASSIGNMENT,4,
CAND_d81693c51c5896ed1bee,2024/196,NAMED_PERSON_ON_ELIGIBLE_RECORD,POTENTIAL_NOT_PRODUCTION_ASSIGNMENT,4,
CAND_d83106e999042611d24e,2025/031,NAMED_PERSON_ON_ELIGIBLE_RECORD,POTENTIAL_NOT_PRODUCTION_ASSIGNMENT,1,
CAND_d895709e46dc8d7ed44c,2025/137,NAMED_PERSON_ON_ELIGIBLE_RECORD,POTENTIAL_NOT_PRODUCTION_ASSIGNMENT,1,
CAND_d89fbdce1a3fd930e03a,2020/045,NAMED_PERSON_ON_ELIGIBLE_RECORD,POTENTIAL_NOT_PRODUCTION_ASSIGNMENT,1,
CAND_d8a14a2eb54aa821f51e,2026/064,NAMED_PERSON_ON_ELIGIBLE_RECORD,POTENTIAL_NOT_PRODUCTION_ASSIGNMENT,1,
CAND_d8d246d344a5985b221c,2024/230,NAMED_PERSON_ON_ELIGIBLE_RECORD,POTENTIAL_NOT_PRODUCTION_ASSIGNMENT,1,
CAND_d8d88a44cbe2092d788f,2025/257,NAMED_PERSON_ON_ELIGIBLE_RECORD,POTENTIAL_NOT_PRODUCTION_ASSIGNMENT,1,
CAND_d8d999dcf36e56ff59d8,2025/178,NAMED_PERSON_ON_ELIGIBLE_RECORD,POTENTIAL_NOT_PRODUCTION_ASSIGNMENT,1,
CAND_d8ebf388affe67496864,2020/005,NAMED_PERSON_ON_ELIGIBLE_RECORD,POTENTIAL_NOT_PRODUCTION_ASSIGNMENT,1,
CAND_d915f3e294d57527a900,2026/045,NAMED_PERSON_ON_ELIGIBLE_RECORD,POTENTIAL_NOT_PRODUCTION_ASSIGNMENT,1,
CAND_d92ef80a5cd59a46841c,2023/090,NAMED_PERSON_ON_ELIGIBLE_RECORD,POTENTIAL_NOT_PRODUCTION_ASSIGNMENT,1,
CAND_d939befbd2029f9b6590,2022/021,NAMED_PERSON_ON_ELIGIBLE_RECORD,POTENTIAL_NOT_PRODUCTION_ASSIGNMENT,1,
CAND_d93f3ae32b27a65ec70c,2024/139,NAMED_PERSON_ON_ELIGIBLE_RECORD,POTENTIAL_NOT_PRODUCTION_ASSIGNMENT,1,
CAND_d982747f4427d877c9f1,2023/300,NAMED_PERSON_ON_ELIGIBLE_RECORD,POTENTIAL_NOT_PRODUCTION_ASSIGNMENT,2,
CAND_d982747f4427d877c9f1,2024/054,NAMED_PERSON_ON_ELIGIBLE_RECORD,POTENTIAL_NOT_PRODUCTION_ASSIGNMENT,2,
CAND_d983c39768c1cfd4d748,2021/164,NAMED_PERSON_ON_ELIGIBLE_RECORD,POTENTIAL_NOT_PRODUCTION_ASSIGNMENT,1,
CAND_d989fbc896aa16df69dc,2021/081,NAMED_PERSON_ON_ELIGIBLE_RECORD,POTENTIAL_NOT_PRODUCTION_ASSIGNMENT,1,
CAND_d9900a0a53e12c3a4166,2024/161,NAMED_PERSON_ON_ELIGIBLE_RECORD,POTENTIAL_NOT_PRODUCTION_ASSIGNMENT,1,
CAND_d9982381488c6b524b28,2020/001,NAMED_PERSON_ON_ELIGIBLE_RECORD,POTENTIAL_NOT_PRODUCTION_ASSIGNMENT,2,
CAND_d9982381488c6b524b28,2022/197,NAMED_PERSON_ON_ELIGIBLE_RECORD,POTENTIAL_NOT_PRODUCTION_ASSIGNMENT,2,
CAND_d9ad0da9200c148e957b,2025/172,NAMED_PERSON_ON_ELIGIBLE_RECORD,POTENTIAL_NOT_PRODUCTION_ASSIGNMENT,1,
CAND_d9b835f0196ecb2e1c74,2023/084,NAMED_PERSON_ON_ELIGIBLE_RECORD,POTENTIAL_NOT_PRODUCTION_ASSIGNMENT,1,
CAND_da04891fa586f85ecd5c,2025/014,NAMED_PERSON_ON_ELIGIBLE_RECORD,POTENTIAL_NOT_PRODUCTION_ASSIGNMENT,1,
CAND_da20f2f452fa22092e86,2021/178,NAMED_PERSON_ON_ELIGIBLE_RECORD,POTENTIAL_NOT_PRODUCTION_ASSIGNMENT,1,
CAND_da25c5a968182bd2aeeb,2020/027,NAMED_PERSON_ON_ELIGIBLE_RECORD,POTENTIAL_NOT_PRODUCTION_ASSIGNMENT,1,
CAND_da35bcbbd1453bacbb52,2022/082,NAMED_PERSON_ON_ELIGIBLE_RECORD,POTENTIAL_NOT_PRODUCTION_ASSIGNMENT,1,
CAND_da3cf1dd41ae6f0f0f4c,2020/092,NAMED_PERSON_ON_ELIGIBLE_RECORD,POTENTIAL_NOT_PRODUCTION_ASSIGNMENT,7,
CAND_da3cf1dd41ae6f0f0f4c,2021/083,NAMED_PERSON_ON_ELIGIBLE_RECORD,POTENTIAL_NOT_PRODUCTION_ASSIGNMENT,7,
CAND_da3cf1dd41ae6f0f0f4c,2021/087,NAMED_PERSON_ON_ELIGIBLE_RECORD,POTENTIAL_NOT_PRODUCTION_ASSIGNMENT,7,
CAND_da3cf1dd41ae6f0f0f4c,2022/007,NAMED_PERSON_ON_ELIGIBLE_RECORD,POTENTIAL_NOT_PRODUCTION_ASSIGNMENT,7,
CAND_da3cf1dd41ae6f0f0f4c,2023/294,NAMED_PERSON_ON_ELIGIBLE_RECORD,POTENTIAL_NOT_PRODUCTION_ASSIGNMENT,7,
CAND_da3cf1dd41ae6f0f0f4c,2024/027,NAMED_PERSON_ON_ELIGIBLE_RECORD,POTENTIAL_NOT_PRODUCTION_ASSIGNMENT,7,
CAND_da3cf1dd41ae6f0f0f4c,2024/146,NAMED_PERSON_ON_ELIGIBLE_RECORD,POTENTIAL_NOT_PRODUCTION_ASSIGNMENT,7,
CAND_da44f2652beca4986da3,2024/072,NAMED_PERSON_ON_ELIGIBLE_RECORD,POTENTIAL_NOT_PRODUCTION_ASSIGNMENT,1,
CAND_da606ae67411ead28c11,2022/078,NAMED_PERSON_ON_ELIGIBLE_RECORD,POTENTIAL_NOT_PRODUCTION_ASSIGNMENT,2,
CAND_da606ae67411ead28c11,2023/031,NAMED_PERSON_ON_ELIGIBLE_RECORD,POTENTIAL_NOT_PRODUCTION_ASSIGNMENT,2,
CAND_da6de2bf64dbf475758f,2022/124,NAMED_PERSON_ON_ELIGIBLE_RECORD,POTENTIAL_NOT_PRODUCTION_ASSIGNMENT,8,
CAND_da6de2bf64dbf475758f,2023/272,NAMED_PERSON_ON_ELIGIBLE_RECORD,POTENTIAL_NOT_PRODUCTION_ASSIGNMENT,8,
CAND_da6de2bf64dbf475758f,2025/139,NAMED_PERSON_ON_ELIGIBLE_RECORD,POTENTIAL_NOT_PRODUCTION_ASSIGNMENT,8,
CAND_da6de2bf64dbf475758f,2025/144,NAMED_PERSON_ON_ELIGIBLE_RECORD,POTENTIAL_NOT_PRODUCTION_ASSIGNMENT,8,
CAND_da6de2bf64dbf475758f,2025/183,NAMED_PERSON_ON_ELIGIBLE_RECORD,POTENTIAL_NOT_PRODUCTION_ASSIGNMENT,8,
CAND_da6de2bf64dbf475758f,2025/188,NAMED_PERSON_ON_ELIGIBLE_RECORD,POTENTIAL_NOT_PRODUCTION_ASSIGNMENT,8,
CAND_da6de2bf64dbf475758f,2025/200,NAMED_PERSON_ON_ELIGIBLE_RECORD,POTENTIAL_NOT_PRODUCTION_ASSIGNMENT,8,
CAND_da6de2bf64dbf475758f,2026/007,NAMED_PERSON_ON_ELIGIBLE_RECORD,POTENTIAL_NOT_PRODUCTION_ASSIGNMENT,8,
CAND_daedc9dcc2184f410b3e,2022/059,NAMED_PERSON_ON_ELIGIBLE_RECORD,POTENTIAL_NOT_PRODUCTION_ASSIGNMENT,1,
CAND_db135ce1be4eb95926f8,2021/165,NAMED_PERSON_ON_ELIGIBLE_RECORD,POTENTIAL_NOT_PRODUCTION_ASSIGNMENT,2,
CAND_db135ce1be4eb95926f8,2023/037,NAMED_PERSON_ON_ELIGIBLE_RECORD,POTENTIAL_NOT_PRODUCTION_ASSIGNMENT,2,
CAND_db2059bc53d6c31c0dba,2022/055,NAMED_PERSON_ON_ELIGIBLE_RECORD,POTENTIAL_NOT_PRODUCTION_ASSIGNMENT,1,
CAND_db3b9f7d6fae34c8239e,2022/176,NAMED_PERSON_ON_ELIGIBLE_RECORD,POTENTIAL_NOT_PRODUCTION_ASSIGNMENT,1,
CAND_db3f3196f90a6da7db43,2021/116,NAMED_PERSON_ON_ELIGIBLE_RECORD,POTENTIAL_NOT_PRODUCTION_ASSIGNMENT,1,
CAND_db46cfa9659d84b936d4,2025/012,NAMED_PERSON_ON_ELIGIBLE_RECORD,POTENTIAL_NOT_PRODUCTION_ASSIGNMENT,1,
CAND_db4cfc3f2aa33072c580,2020/093,NAMED_PERSON_ON_ELIGIBLE_RECORD,POTENTIAL_NOT_PRODUCTION_ASSIGNMENT,4,
CAND_db4cfc3f2aa33072c580,2022/138,NAMED_PERSON_ON_ELIGIBLE_RECORD,POTENTIAL_NOT_PRODUCTION_ASSIGNMENT,4,
CAND_db4cfc3f2aa33072c580,2023/242,NAMED_PERSON_ON_ELIGIBLE_RECORD,POTENTIAL_NOT_PRODUCTION_ASSIGNMENT,4,
CAND_db4cfc3f2aa33072c580,2024/083,NAMED_PERSON_ON_ELIGIBLE_RECORD,POTENTIAL_NOT_PRODUCTION_ASSIGNMENT,4,
CAND_db578ee9b1b86dae5960,2022/165,NAMED_PERSON_ON_ELIGIBLE_RECORD,POTENTIAL_NOT_PRODUCTION_ASSIGNMENT,1,
CAND_dbcc032ad4dffae59b6d,2021/008,NAMED_PERSON_ON_ELIGIBLE_RECORD,POTENTIAL_NOT_PRODUCTION_ASSIGNMENT,1,
CAND_dbdd5ac7cb9f3b260daf,2025/132,NAMED_PERSON_ON_ELIGIBLE_RECORD,POTENTIAL_NOT_PRODUCTION_ASSIGNMENT,1,
CAND_dbf7c866b811b535eeeb,2026/022,NAMED_PERSON_ON_ELIGIBLE_RECORD,POTENTIAL_NOT_PRODUCTION_ASSIGNMENT,1,
CAND_dc2fe87e27bf014208a5,2026/021,NAMED_PERSON_ON_ELIGIBLE_RECORD,POTENTIAL_NOT_PRODUCTION_ASSIGNMENT,1,
CAND_dc3fbd1c4f2b6af02ba4,2026/083,NAMED_PERSON_ON_ELIGIBLE_RECORD,POTENTIAL_NOT_PRODUCTION_ASSIGNMENT,1,
CAND_dc5e51f154a92944442a,2022/110,NAMED_PERSON_ON_ELIGIBLE_RECORD,POTENTIAL_NOT_PRODUCTION_ASSIGNMENT,1,
CAND_dc721bbdce8ec94517c7,2024/023,NAMED_PERSON_ON_ELIGIBLE_RECORD,POTENTIAL_NOT_PRODUCTION_ASSIGNMENT,1,
CAND_dc812ddc3ef8cfa9a762,2022/125,NAMED_PERSON_ON_ELIGIBLE_RECORD,POTENTIAL_NOT_PRODUCTION_ASSIGNMENT,1,
CAND_dc8c5741b09636929049,2023/278,NAMED_PERSON_ON_ELIGIBLE_RECORD,POTENTIAL_NOT_PRODUCTION_ASSIGNMENT,2,
CAND_dc8c5741b09636929049,2023/301,NAMED_PERSON_ON_ELIGIBLE_RECORD,POTENTIAL_NOT_PRODUCTION_ASSIGNMENT,2,
CAND_dca62935077925a4f254,2023/046,NAMED_PERSON_ON_ELIGIBLE_RECORD,POTENTIAL_NOT_PRODUCTION_ASSIGNMENT,1,
CAND_dcc3ea8fa90fe6f6e92c,2020/026,NAMED_PERSON_ON_ELIGIBLE_RECORD,POTENTIAL_NOT_PRODUCTION_ASSIGNMENT,1,
CAND_dce464fb2d87bebb2868,2020/116,NAMED_PERSON_ON_ELIGIBLE_RECORD,POTENTIAL_NOT_PRODUCTION_ASSIGNMENT,1,
CAND_dcf000c3a811c9a3451b,2021/029,NAMED_PERSON_ON_ELIGIBLE_RECORD,POTENTIAL_NOT_PRODUCTION_ASSIGNMENT,1,
CAND_dcf5f849d86df1a9a828,2020/027,NAMED_PERSON_ON_ELIGIBLE_RECORD,POTENTIAL_NOT_PRODUCTION_ASSIGNMENT,1,
CAND_dcf9e97f51f1b508d7f2,2024/032,NAMED_PERSON_ON_ELIGIBLE_RECORD,POTENTIAL_NOT_PRODUCTION_ASSIGNMENT,1,
CAND_dd0c41a8cebe536607ba,2023/085,NAMED_PERSON_ON_ELIGIBLE_RECORD,POTENTIAL_NOT_PRODUCTION_ASSIGNMENT,1,
CAND_dd1f338fbd63b7b2ca76,2022/123,NAMED_PERSON_ON_ELIGIBLE_RECORD,POTENTIAL_NOT_PRODUCTION_ASSIGNMENT,2,
CAND_dd1f338fbd63b7b2ca76,2023/018,NAMED_PERSON_ON_ELIGIBLE_RECORD,POTENTIAL_NOT_PRODUCTION_ASSIGNMENT,2,
CAND_dd2d6badfb1cd0b67a78,2023/002,NAMED_PERSON_ON_ELIGIBLE_RECORD,POTENTIAL_NOT_PRODUCTION_ASSIGNMENT,1,
CAND_dd4cf9bd3d317efb5ba7,2022/171,NAMED_PERSON_ON_ELIGIBLE_RECORD,POTENTIAL_NOT_PRODUCTION_ASSIGNMENT,1,
CAND_ddb0ef89cf60619647c1,2022/125,NAMED_PERSON_ON_ELIGIBLE_RECORD,POTENTIAL_NOT_PRODUCTION_ASSIGNMENT,1,
CAND_de05db5bf2e03de7e324,2023/035,NAMED_PERSON_ON_ELIGIBLE_RECORD,POTENTIAL_NOT_PRODUCTION_ASSIGNMENT,1,
CAND_de359d8a9b843d0e39b7,2021/099,NAMED_PERSON_ON_ELIGIBLE_RECORD,POTENTIAL_NOT_PRODUCTION_ASSIGNMENT,1,
CAND_de456076bfaf241c194e,2024/079,NAMED_PERSON_ON_ELIGIBLE_RECORD,POTENTIAL_NOT_PRODUCTION_ASSIGNMENT,1,
CAND_de8ba9e78fd1eec17d76,2023/011,NAMED_PERSON_ON_ELIGIBLE_RECORD,POTENTIAL_NOT_PRODUCTION_ASSIGNMENT,3,
CAND_de8ba9e78fd1eec17d76,2024/201,NAMED_PERSON_ON_ELIGIBLE_RECORD,POTENTIAL_NOT_PRODUCTION_ASSIGNMENT,3,
CAND_de8ba9e78fd1eec17d76,2025/037,NAMED_PERSON_ON_ELIGIBLE_RECORD,POTENTIAL_NOT_PRODUCTION_ASSIGNMENT,3,
CAND_de981935d65ff81fd350,2022/132,NAMED_PERSON_ON_ELIGIBLE_RECORD,POTENTIAL_NOT_PRODUCTION_ASSIGNMENT,1,
CAND_dec9281d64c04444bbfb,2025/182,NAMED_PERSON_ON_ELIGIBLE_RECORD,POTENTIAL_NOT_PRODUCTION_ASSIGNMENT,1,
CAND_ded03bd9e1072d985ea1,2022/057,NAMED_PERSON_ON_ELIGIBLE_RECORD,POTENTIAL_NOT_PRODUCTION_ASSIGNMENT,2,
CAND_ded03bd9e1072d985ea1,2024/095/b,NAMED_PERSON_ON_ELIGIBLE_RECORD,POTENTIAL_NOT_PRODUCTION_ASSIGNMENT,2,
CAND_df0421bfe3678031bbba,2020/027,NAMED_PERSON_ON_ELIGIBLE_RECORD,POTENTIAL_NOT_PRODUCTION_ASSIGNMENT,1,
CAND_df161d801a56060c6644,2022/021,NAMED_PERSON_ON_ELIGIBLE_RECORD,POTENTIAL_NOT_PRODUCTION_ASSIGNMENT,1,
CAND_df2c3c81ec205bc4af5e,2021/089,NAMED_PERSON_ON_ELIGIBLE_RECORD,POTENTIAL_NOT_PRODUCTION_ASSIGNMENT,1,
CAND_df38f4226ddbe9085370,2022/038,NAMED_PERSON_ON_ELIGIBLE_RECORD,POTENTIAL_NOT_PRODUCTION_ASSIGNMENT,1,
CAND_df79948d630ab148a6fc,2023/287,NAMED_PERSON_ON_ELIGIBLE_RECORD,POTENTIAL_NOT_PRODUCTION_ASSIGNMENT,1,
CAND_df79a64c3e2a4022e4f3,2023/170,NAMED_PERSON_ON_ELIGIBLE_RECORD,POTENTIAL_NOT_PRODUCTION_ASSIGNMENT,2,
CAND_df79a64c3e2a4022e4f3,2026/057,NAMED_PERSON_ON_ELIGIBLE_RECORD,POTENTIAL_NOT_PRODUCTION_ASSIGNMENT,2,
CAND_e0294f8e0088ec9c9c76,2019/024,NAMED_PERSON_ON_ELIGIBLE_RECORD,POTENTIAL_NOT_PRODUCTION_ASSIGNMENT,1,
CAND_e03a035ffae2451abb4c,2024/103,NAMED_PERSON_ON_ELIGIBLE_RECORD,POTENTIAL_NOT_PRODUCTION_ASSIGNMENT,1,
CAND_e043f4547bfa3705296e,2025/216,NAMED_PERSON_ON_ELIGIBLE_RECORD,POTENTIAL_NOT_PRODUCTION_ASSIGNMENT,1,
CAND_e04b0a7c8b9f27b61a43,2025/016,NAMED_PERSON_ON_ELIGIBLE_RECORD,POTENTIAL_NOT_PRODUCTION_ASSIGNMENT,1,
CAND_e0615929c0e851f41f0b,2020/095,NAMED_PERSON_ON_ELIGIBLE_RECORD,POTENTIAL_NOT_PRODUCTION_ASSIGNMENT,2,
CAND_e0615929c0e851f41f0b,2021/033,NAMED_PERSON_ON_ELIGIBLE_RECORD,POTENTIAL_NOT_PRODUCTION_ASSIGNMENT,2,
CAND_e0688861969977d384b6,2026/050,NAMED_PERSON_ON_ELIGIBLE_RECORD,POTENTIAL_NOT_PRODUCTION_ASSIGNMENT,1,
CAND_e07698c9916b7dc836a0,2025/209,NAMED_PERSON_ON_ELIGIBLE_RECORD,POTENTIAL_NOT_PRODUCTION_ASSIGNMENT,1,
CAND_e0861f4bf1525dfcca80,2025/216,NAMED_PERSON_ON_ELIGIBLE_RECORD,POTENTIAL_NOT_PRODUCTION_ASSIGNMENT,1,
CAND_e09bcab25e0e5eaaef70,2024/165,NAMED_PERSON_ON_ELIGIBLE_RECORD,POTENTIAL_NOT_PRODUCTION_ASSIGNMENT,1,
CAND_e0a8bb89415481f37676,2025/118,NAMED_PERSON_ON_ELIGIBLE_RECORD,POTENTIAL_NOT_PRODUCTION_ASSIGNMENT,2,
CAND_e0a8bb89415481f37676,2026/057,NAMED_PERSON_ON_ELIGIBLE_RECORD,POTENTIAL_NOT_PRODUCTION_ASSIGNMENT,2,
CAND_e0ae0877697e2e9ffe83,2020/084,NAMED_PERSON_ON_ELIGIBLE_RECORD,POTENTIAL_NOT_PRODUCTION_ASSIGNMENT,1,
CAND_e0b6191010a76a9a2b52,2024/208,NAMED_PERSON_ON_ELIGIBLE_RECORD,POTENTIAL_NOT_PRODUCTION_ASSIGNMENT,1,
CAND_e0d10e53fdfd841901d6,2022/096,NAMED_PERSON_ON_ELIGIBLE_RECORD,POTENTIAL_NOT_PRODUCTION_ASSIGNMENT,1,
CAND_e0e0fe9cbd5df61d4e5f,2026/075,NAMED_PERSON_ON_ELIGIBLE_RECORD,POTENTIAL_NOT_PRODUCTION_ASSIGNMENT,1,
CAND_e0e7555aa69505bbbf02,2021/030,NAMED_PERSON_ON_ELIGIBLE_RECORD,POTENTIAL_NOT_PRODUCTION_ASSIGNMENT,3,
CAND_e0e7555aa69505bbbf02,2022/069,NAMED_PERSON_ON_ELIGIBLE_RECORD,POTENTIAL_NOT_PRODUCTION_ASSIGNMENT,3,
CAND_e0e7555aa69505bbbf02,2023/176,NAMED_PERSON_ON_ELIGIBLE_RECORD,POTENTIAL_NOT_PRODUCTION_ASSIGNMENT,3,
CAND_e0f06d2d2aa24b313869,2019/020,NAMED_PERSON_ON_ELIGIBLE_RECORD,POTENTIAL_NOT_PRODUCTION_ASSIGNMENT,1,
CAND_e10f3f294c693beb9630,2022/072,NAMED_PERSON_ON_ELIGIBLE_RECORD,POTENTIAL_NOT_PRODUCTION_ASSIGNMENT,1,
CAND_e12107a7f25fb12be0a5,2021/089,NAMED_PERSON_ON_ELIGIBLE_RECORD,POTENTIAL_NOT_PRODUCTION_ASSIGNMENT,2,
CAND_e12107a7f25fb12be0a5,2023/277,NAMED_PERSON_ON_ELIGIBLE_RECORD,POTENTIAL_NOT_PRODUCTION_ASSIGNMENT,2,
CAND_e1361210e2d39144a98c,2024/144,NAMED_PERSON_ON_ELIGIBLE_RECORD,POTENTIAL_NOT_PRODUCTION_ASSIGNMENT,2,
CAND_e1361210e2d39144a98c,2024/157,NAMED_PERSON_ON_ELIGIBLE_RECORD,POTENTIAL_NOT_PRODUCTION_ASSIGNMENT,2,
CAND_e13765d1b03fbc2a2ce3,2021/128,NAMED_PERSON_ON_ELIGIBLE_RECORD,POTENTIAL_NOT_PRODUCTION_ASSIGNMENT,1,
CAND_e14cc1a87d67a50df02a,2024/184,NAMED_PERSON_ON_ELIGIBLE_RECORD,POTENTIAL_NOT_PRODUCTION_ASSIGNMENT,1,
CAND_e1809958e840206b4a75,2024/176,NAMED_PERSON_ON_ELIGIBLE_RECORD,POTENTIAL_NOT_PRODUCTION_ASSIGNMENT,1,
CAND_e1a9586528c746c817ff,2020/027,NAMED_PERSON_ON_ELIGIBLE_RECORD,POTENTIAL_NOT_PRODUCTION_ASSIGNMENT,1,
CAND_e1cf37efce5127539136,2026/075,NAMED_PERSON_ON_ELIGIBLE_RECORD,POTENTIAL_NOT_PRODUCTION_ASSIGNMENT,1,
CAND_e2202734828428cd7c24,2025/146,NAMED_PERSON_ON_ELIGIBLE_RECORD,POTENTIAL_NOT_PRODUCTION_ASSIGNMENT,1,
CAND_e226bf00518603ab9d25,2020/111,NAMED_PERSON_ON_ELIGIBLE_RECORD,POTENTIAL_NOT_PRODUCTION_ASSIGNMENT,2,
CAND_e226bf00518603ab9d25,2020/114,NAMED_PERSON_ON_ELIGIBLE_RECORD,POTENTIAL_NOT_PRODUCTION_ASSIGNMENT,2,
CAND_e22730248f2f127e1da4,2021/005,NAMED_PERSON_ON_ELIGIBLE_RECORD,POTENTIAL_NOT_PRODUCTION_ASSIGNMENT,3,
CAND_e22730248f2f127e1da4,2021/062,NAMED_PERSON_ON_ELIGIBLE_RECORD,POTENTIAL_NOT_PRODUCTION_ASSIGNMENT,3,
CAND_e22730248f2f127e1da4,2024/016,NAMED_PERSON_ON_ELIGIBLE_RECORD,POTENTIAL_NOT_PRODUCTION_ASSIGNMENT,3,
CAND_e24f0033383f575f52eb,2023/215,NAMED_PERSON_ON_ELIGIBLE_RECORD,POTENTIAL_NOT_PRODUCTION_ASSIGNMENT,1,
CAND_e2616c6fc30e3448de5d,2019/020,NAMED_PERSON_ON_ELIGIBLE_RECORD,POTENTIAL_NOT_PRODUCTION_ASSIGNMENT,3,
CAND_e2616c6fc30e3448de5d,2022/163,NAMED_PERSON_ON_ELIGIBLE_RECORD,POTENTIAL_NOT_PRODUCTION_ASSIGNMENT,3,
CAND_e2616c6fc30e3448de5d,2024/173,NAMED_PERSON_ON_ELIGIBLE_RECORD,POTENTIAL_NOT_PRODUCTION_ASSIGNMENT,3,
CAND_e2695acaa310af80718a,2024/189,NAMED_PERSON_ON_ELIGIBLE_RECORD,POTENTIAL_NOT_PRODUCTION_ASSIGNMENT,1,
CAND_e2bd0a8960c00467df3f,2025/056,NAMED_PERSON_ON_ELIGIBLE_RECORD,POTENTIAL_NOT_PRODUCTION_ASSIGNMENT,1,
CAND_e2dadbb8100b2736fd01,2025/102,NAMED_PERSON_ON_ELIGIBLE_RECORD,POTENTIAL_NOT_PRODUCTION_ASSIGNMENT,1,
CAND_e2e566e1ebc39323785d,2022/084,NAMED_PERSON_ON_ELIGIBLE_RECORD,POTENTIAL_NOT_PRODUCTION_ASSIGNMENT,1,
CAND_e2f6c66ef8356db87a7e,2024/203,NAMED_PERSON_ON_ELIGIBLE_RECORD,POTENTIAL_NOT_PRODUCTION_ASSIGNMENT,1,
CAND_e30f802c3aea6d856b1f,2023/024,NAMED_PERSON_ON_ELIGIBLE_RECORD,POTENTIAL_NOT_PRODUCTION_ASSIGNMENT,1,
CAND_e327b0fa7edc9e8be07b,2021/046,NAMED_PERSON_ON_ELIGIBLE_RECORD,POTENTIAL_NOT_PRODUCTION_ASSIGNMENT,1,
CAND_e3388347d568e58c93d0,2020/099,NAMED_PERSON_ON_ELIGIBLE_RECORD,POTENTIAL_NOT_PRODUCTION_ASSIGNMENT,2,
CAND_e3388347d568e58c93d0,2020/103,NAMED_PERSON_ON_ELIGIBLE_RECORD,POTENTIAL_NOT_PRODUCTION_ASSIGNMENT,2,
CAND_e35432866a5d70a73336,2021/167,NAMED_PERSON_ON_ELIGIBLE_RECORD,POTENTIAL_NOT_PRODUCTION_ASSIGNMENT,1,
CAND_e3868fe16428d85364af,2020/063,NAMED_PERSON_ON_ELIGIBLE_RECORD,POTENTIAL_NOT_PRODUCTION_ASSIGNMENT,1,
CAND_e3b11e0262455aac79c8,2021/182,NAMED_PERSON_ON_ELIGIBLE_RECORD,POTENTIAL_NOT_PRODUCTION_ASSIGNMENT,1,
CAND_e442d8c350a98b81cfe8,2025/158,NAMED_PERSON_ON_ELIGIBLE_RECORD,POTENTIAL_NOT_PRODUCTION_ASSIGNMENT,1,
CAND_e445e94ca209604f0160,2026/036,NAMED_PERSON_ON_ELIGIBLE_RECORD,POTENTIAL_NOT_PRODUCTION_ASSIGNMENT,1,
CAND_e447eb0621e813384cae,2023/152,NAMED_PERSON_ON_ELIGIBLE_RECORD,POTENTIAL_NOT_PRODUCTION_ASSIGNMENT,1,
CAND_e477fd0d48f9a9d30d7d,2020/027,NAMED_PERSON_ON_ELIGIBLE_RECORD,POTENTIAL_NOT_PRODUCTION_ASSIGNMENT,1,
CAND_e4894f38e2d9bfe6d9ac,2024/187,NAMED_PERSON_ON_ELIGIBLE_RECORD,POTENTIAL_NOT_PRODUCTION_ASSIGNMENT,2,
CAND_e4894f38e2d9bfe6d9ac,2025/047,NAMED_PERSON_ON_ELIGIBLE_RECORD,POTENTIAL_NOT_PRODUCTION_ASSIGNMENT,2,
CAND_e49040afda46e60e559f,2020/100,NAMED_PERSON_ON_ELIGIBLE_RECORD,POTENTIAL_NOT_PRODUCTION_ASSIGNMENT,1,
CAND_e4a1b03dabef2bb2ef57,2023/218,NAMED_PERSON_ON_ELIGIBLE_RECORD,POTENTIAL_NOT_PRODUCTION_ASSIGNMENT,1,
CAND_e4ad3a4f74744df800bb,2022/126,NAMED_PERSON_ON_ELIGIBLE_RECORD,POTENTIAL_NOT_PRODUCTION_ASSIGNMENT,1,
CAND_e4ae2caff88a2a22abf5,2020/027,NAMED_PERSON_ON_ELIGIBLE_RECORD,POTENTIAL_NOT_PRODUCTION_ASSIGNMENT,1,
CAND_e4bed8a08f7e726b00ab,2026/035,NAMED_PERSON_ON_ELIGIBLE_RECORD,POTENTIAL_NOT_PRODUCTION_ASSIGNMENT,1,
CAND_e4ddf641b8afe759455e,2021/094,NAMED_PERSON_ON_ELIGIBLE_RECORD,POTENTIAL_NOT_PRODUCTION_ASSIGNMENT,2,
CAND_e4ddf641b8afe759455e,2026/080,NAMED_PERSON_ON_ELIGIBLE_RECORD,POTENTIAL_NOT_PRODUCTION_ASSIGNMENT,2,
CAND_e4e1835938aeb4ecdd9d,2024/118,NAMED_PERSON_ON_ELIGIBLE_RECORD,POTENTIAL_NOT_PRODUCTION_ASSIGNMENT,1,
CAND_e4eb3c08aaf663380f92,2024/003,NAMED_PERSON_ON_ELIGIBLE_RECORD,POTENTIAL_NOT_PRODUCTION_ASSIGNMENT,1,
CAND_e4fefe4cb1eee3ebe363,2025/154,NAMED_PERSON_ON_ELIGIBLE_RECORD,POTENTIAL_NOT_PRODUCTION_ASSIGNMENT,1,
CAND_e5c271e3e55c1b1bb4c4,2020/120,NAMED_PERSON_ON_ELIGIBLE_RECORD,POTENTIAL_NOT_PRODUCTION_ASSIGNMENT,1,
CAND_e5dcb3eb60d6e3da5b73,2024/096,NAMED_PERSON_ON_ELIGIBLE_RECORD,POTENTIAL_NOT_PRODUCTION_ASSIGNMENT,2,
CAND_e5dcb3eb60d6e3da5b73,2024/132,NAMED_PERSON_ON_ELIGIBLE_RECORD,POTENTIAL_NOT_PRODUCTION_ASSIGNMENT,2,
CAND_e5ecd585e4dc5a365257,2021/034,NAMED_PERSON_ON_ELIGIBLE_RECORD,POTENTIAL_NOT_PRODUCTION_ASSIGNMENT,1,
CAND_e602de06ac788b998df3,2025/029,NAMED_PERSON_ON_ELIGIBLE_RECORD,POTENTIAL_NOT_PRODUCTION_ASSIGNMENT,1,
CAND_e6066b841e22c34e7f8e,2021/078,NAMED_PERSON_ON_ELIGIBLE_RECORD,POTENTIAL_NOT_PRODUCTION_ASSIGNMENT,1,
CAND_e628d808f5d8727b9602,2025/121,NAMED_PERSON_ON_ELIGIBLE_RECORD,POTENTIAL_NOT_PRODUCTION_ASSIGNMENT,1,
CAND_e63d21d5fcb524e2f6ad,2023/011,NAMED_PERSON_ON_ELIGIBLE_RECORD,POTENTIAL_NOT_PRODUCTION_ASSIGNMENT,3,
CAND_e63d21d5fcb524e2f6ad,2023/212,NAMED_PERSON_ON_ELIGIBLE_RECORD,POTENTIAL_NOT_PRODUCTION_ASSIGNMENT,3,
CAND_e63d21d5fcb524e2f6ad,2024/040,NAMED_PERSON_ON_ELIGIBLE_RECORD,POTENTIAL_NOT_PRODUCTION_ASSIGNMENT,3,
CAND_e649f4b788beb2180d79,2025/050,NAMED_PERSON_ON_ELIGIBLE_RECORD,POTENTIAL_NOT_PRODUCTION_ASSIGNMENT,1,
CAND_e6532fdc807fdc9eec99,2023/212,NAMED_PERSON_ON_ELIGIBLE_RECORD,POTENTIAL_NOT_PRODUCTION_ASSIGNMENT,2,
CAND_e6532fdc807fdc9eec99,2025/230,NAMED_PERSON_ON_ELIGIBLE_RECORD,POTENTIAL_NOT_PRODUCTION_ASSIGNMENT,2,
CAND_e68c6cfc2cc16e8333c7,2025/193,NAMED_PERSON_ON_ELIGIBLE_RECORD,POTENTIAL_NOT_PRODUCTION_ASSIGNMENT,1,
CAND_e6959ebe39b1718576a4,2021/012,NAMED_PERSON_ON_ELIGIBLE_RECORD,POTENTIAL_NOT_PRODUCTION_ASSIGNMENT,1,
CAND_e699f24403b54d7cc3a6,2020/027,NAMED_PERSON_ON_ELIGIBLE_RECORD,POTENTIAL_NOT_PRODUCTION_ASSIGNMENT,2,
CAND_e699f24403b54d7cc3a6,2021/037,NAMED_PERSON_ON_ELIGIBLE_RECORD,POTENTIAL_NOT_PRODUCTION_ASSIGNMENT,2,
CAND_e6c98054354ca85b4246,2025/152,NAMED_PERSON_ON_ELIGIBLE_RECORD,POTENTIAL_NOT_PRODUCTION_ASSIGNMENT,1,
CAND_e6f5c5155480879839b6,2022/155,NAMED_PERSON_ON_ELIGIBLE_RECORD,POTENTIAL_NOT_PRODUCTION_ASSIGNMENT,1,
CAND_e70ce6468db63992ef97,2020/082,NAMED_PERSON_ON_ELIGIBLE_RECORD,POTENTIAL_NOT_PRODUCTION_ASSIGNMENT,1,
CAND_e7496b826b617c45bf43,2020/027,NAMED_PERSON_ON_ELIGIBLE_RECORD,POTENTIAL_NOT_PRODUCTION_ASSIGNMENT,1,
CAND_e77a113faf842cc6c019,2020/104,NAMED_PERSON_ON_ELIGIBLE_RECORD,POTENTIAL_NOT_PRODUCTION_ASSIGNMENT,1,
CAND_e77d12aaa0f7f4045db5,2025/127,NAMED_PERSON_ON_ELIGIBLE_RECORD,POTENTIAL_NOT_PRODUCTION_ASSIGNMENT,1,
CAND_e7927f3ac629faaa8b08,2024/062,NAMED_PERSON_ON_ELIGIBLE_RECORD,POTENTIAL_NOT_PRODUCTION_ASSIGNMENT,1,
CAND_e7a43393ad3c0e851b3d,2021/070,NAMED_PERSON_ON_ELIGIBLE_RECORD,POTENTIAL_NOT_PRODUCTION_ASSIGNMENT,1,
CAND_e7a6dda454eb4d669b86,2025/114,NAMED_PERSON_ON_ELIGIBLE_RECORD,POTENTIAL_NOT_PRODUCTION_ASSIGNMENT,1,
CAND_e7ad8a042541561ad65c,2020/013,NAMED_PERSON_ON_ELIGIBLE_RECORD,POTENTIAL_NOT_PRODUCTION_ASSIGNMENT,4,
CAND_e7ad8a042541561ad65c,2022/168,NAMED_PERSON_ON_ELIGIBLE_RECORD,POTENTIAL_NOT_PRODUCTION_ASSIGNMENT,4,
CAND_e7ad8a042541561ad65c,2024/016,NAMED_PERSON_ON_ELIGIBLE_RECORD,POTENTIAL_NOT_PRODUCTION_ASSIGNMENT,4,
CAND_e7ad8a042541561ad65c,2025/040,NAMED_PERSON_ON_ELIGIBLE_RECORD,POTENTIAL_NOT_PRODUCTION_ASSIGNMENT,4,
CAND_e7c1d8ab240d54f8071b,2020/027,NAMED_PERSON_ON_ELIGIBLE_RECORD,POTENTIAL_NOT_PRODUCTION_ASSIGNMENT,3,
CAND_e7c1d8ab240d54f8071b,2023/228,NAMED_PERSON_ON_ELIGIBLE_RECORD,POTENTIAL_NOT_PRODUCTION_ASSIGNMENT,3,
CAND_e7c1d8ab240d54f8071b,2025/264,NAMED_PERSON_ON_ELIGIBLE_RECORD,POTENTIAL_NOT_PRODUCTION_ASSIGNMENT,3,
CAND_e7cfbbfb0c7d7b843325,2020/128,NAMED_PERSON_ON_ELIGIBLE_RECORD,POTENTIAL_NOT_PRODUCTION_ASSIGNMENT,4,
CAND_e7cfbbfb0c7d7b843325,2020/129,NAMED_PERSON_ON_ELIGIBLE_RECORD,POTENTIAL_NOT_PRODUCTION_ASSIGNMENT,4,
CAND_e7cfbbfb0c7d7b843325,2022/111,NAMED_PERSON_ON_ELIGIBLE_RECORD,POTENTIAL_NOT_PRODUCTION_ASSIGNMENT,4,
CAND_e7cfbbfb0c7d7b843325,2023/072,NAMED_PERSON_ON_ELIGIBLE_RECORD,POTENTIAL_NOT_PRODUCTION_ASSIGNMENT,4,
CAND_e7ea9a9ceb3bec363c23,2024/171,NAMED_PERSON_ON_ELIGIBLE_RECORD,POTENTIAL_NOT_PRODUCTION_ASSIGNMENT,1,
CAND_e80a744a696d4724e52a,2021/030,NAMED_PERSON_ON_ELIGIBLE_RECORD,POTENTIAL_NOT_PRODUCTION_ASSIGNMENT,2,
CAND_e80a744a696d4724e52a,2022/069,NAMED_PERSON_ON_ELIGIBLE_RECORD,POTENTIAL_NOT_PRODUCTION_ASSIGNMENT,2,
CAND_e8278a7e5f97cca7229b,2024/088,NAMED_PERSON_ON_ELIGIBLE_RECORD,POTENTIAL_NOT_PRODUCTION_ASSIGNMENT,2,
CAND_e8278a7e5f97cca7229b,2025/151,NAMED_PERSON_ON_ELIGIBLE_RECORD,POTENTIAL_NOT_PRODUCTION_ASSIGNMENT,2,
CAND_e84f7a82d34b58554543,2023/019,NAMED_PERSON_ON_ELIGIBLE_RECORD,POTENTIAL_NOT_PRODUCTION_ASSIGNMENT,2,
CAND_e84f7a82d34b58554543,2024/176,NAMED_PERSON_ON_ELIGIBLE_RECORD,POTENTIAL_NOT_PRODUCTION_ASSIGNMENT,2,
CAND_e87145583d8564f766e4,2025/076,NAMED_PERSON_ON_ELIGIBLE_RECORD,POTENTIAL_NOT_PRODUCTION_ASSIGNMENT,1,
CAND_e876e4fea1fe75fcf66f,2021/005,NAMED_PERSON_ON_ELIGIBLE_RECORD,POTENTIAL_NOT_PRODUCTION_ASSIGNMENT,3,
CAND_e876e4fea1fe75fcf66f,2022/093,NAMED_PERSON_ON_ELIGIBLE_RECORD,POTENTIAL_NOT_PRODUCTION_ASSIGNMENT,3,
CAND_e876e4fea1fe75fcf66f,2023/058,NAMED_PERSON_ON_ELIGIBLE_RECORD,POTENTIAL_NOT_PRODUCTION_ASSIGNMENT,3,
CAND_e91c21089fcb62bc0e13,2021/161,NAMED_PERSON_ON_ELIGIBLE_RECORD,POTENTIAL_NOT_PRODUCTION_ASSIGNMENT,4,
CAND_e91c21089fcb62bc0e13,2021/170,NAMED_PERSON_ON_ELIGIBLE_RECORD,POTENTIAL_NOT_PRODUCTION_ASSIGNMENT,4,
CAND_e91c21089fcb62bc0e13,2024/033,NAMED_PERSON_ON_ELIGIBLE_RECORD,POTENTIAL_NOT_PRODUCTION_ASSIGNMENT,4,
CAND_e91c21089fcb62bc0e13,2024/126,NAMED_PERSON_ON_ELIGIBLE_RECORD,POTENTIAL_NOT_PRODUCTION_ASSIGNMENT,4,
CAND_e91e042add86644c8b0c,2021/037,NAMED_PERSON_ON_ELIGIBLE_RECORD,POTENTIAL_NOT_PRODUCTION_ASSIGNMENT,1,
CAND_e9355c7849d2a008797d,2022/192,NAMED_PERSON_ON_ELIGIBLE_RECORD,POTENTIAL_NOT_PRODUCTION_ASSIGNMENT,1,
CAND_e94cdaa1cc03c56f3315,2020/063,NAMED_PERSON_ON_ELIGIBLE_RECORD,POTENTIAL_NOT_PRODUCTION_ASSIGNMENT,1,
CAND_e956c3ab849d25426050,2021/109,NAMED_PERSON_ON_ELIGIBLE_RECORD,POTENTIAL_NOT_PRODUCTION_ASSIGNMENT,1,
CAND_e967cfaec4fc818a0c4f,2020/027,NAMED_PERSON_ON_ELIGIBLE_RECORD,POTENTIAL_NOT_PRODUCTION_ASSIGNMENT,1,
CAND_e96bcc91e3fb09a9a4b3,2022/006,NAMED_PERSON_ON_ELIGIBLE_RECORD,POTENTIAL_NOT_PRODUCTION_ASSIGNMENT,5,
CAND_e96bcc91e3fb09a9a4b3,2024/088,NAMED_PERSON_ON_ELIGIBLE_RECORD,POTENTIAL_NOT_PRODUCTION_ASSIGNMENT,5,
CAND_e96bcc91e3fb09a9a4b3,2025/151,NAMED_PERSON_ON_ELIGIBLE_RECORD,POTENTIAL_NOT_PRODUCTION_ASSIGNMENT,5,
CAND_e96bcc91e3fb09a9a4b3,2025/257,NAMED_PERSON_ON_ELIGIBLE_RECORD,POTENTIAL_NOT_PRODUCTION_ASSIGNMENT,5,
CAND_e96bcc91e3fb09a9a4b3,2025/262,NAMED_PERSON_ON_ELIGIBLE_RECORD,POTENTIAL_NOT_PRODUCTION_ASSIGNMENT,5,
CAND_e98db20110152bfdf2f6,2022/139,NAMED_PERSON_ON_ELIGIBLE_RECORD,POTENTIAL_NOT_PRODUCTION_ASSIGNMENT,1,
CAND_e99498bd575595af1088,2020/027,NAMED_PERSON_ON_ELIGIBLE_RECORD,POTENTIAL_NOT_PRODUCTION_ASSIGNMENT,1,
CAND_e9a829d42e8ec05738b8,2020/047,NAMED_PERSON_ON_ELIGIBLE_RECORD,POTENTIAL_NOT_PRODUCTION_ASSIGNMENT,1,
CAND_e9b96a71a9188b355382,2021/043,NAMED_PERSON_ON_ELIGIBLE_RECORD,POTENTIAL_NOT_PRODUCTION_ASSIGNMENT,1,
CAND_e9d099ba90d5dee48818,2022/005,NAMED_PERSON_ON_ELIGIBLE_RECORD,POTENTIAL_NOT_PRODUCTION_ASSIGNMENT,2,
CAND_e9d099ba90d5dee48818,2023/281,NAMED_PERSON_ON_ELIGIBLE_RECORD,POTENTIAL_NOT_PRODUCTION_ASSIGNMENT,2,
CAND_e9e43884fa213ab5f4e5,2021/037,NAMED_PERSON_ON_ELIGIBLE_RECORD,POTENTIAL_NOT_PRODUCTION_ASSIGNMENT,1,
CAND_ea358fb683611ce7659f,2023/176,NAMED_PERSON_ON_ELIGIBLE_RECORD,POTENTIAL_NOT_PRODUCTION_ASSIGNMENT,1,
CAND_eab15becf89513e7a71e,2020/027,NAMED_PERSON_ON_ELIGIBLE_RECORD,POTENTIAL_NOT_PRODUCTION_ASSIGNMENT,1,
CAND_ead03793e84945a1760a,2024/025,NAMED_PERSON_ON_ELIGIBLE_RECORD,POTENTIAL_NOT_PRODUCTION_ASSIGNMENT,1,
CAND_eb0ed9c3c0ab9ac16fa4,2020/027,NAMED_PERSON_ON_ELIGIBLE_RECORD,POTENTIAL_NOT_PRODUCTION_ASSIGNMENT,1,
CAND_eb129c4b4d57e6e1aeb5,2025/035,NAMED_PERSON_ON_ELIGIBLE_RECORD,POTENTIAL_NOT_PRODUCTION_ASSIGNMENT,1,
CAND_eb14e7894ecb2bfb50ab,2024/072,NAMED_PERSON_ON_ELIGIBLE_RECORD,POTENTIAL_NOT_PRODUCTION_ASSIGNMENT,1,
CAND_eb1545b761e93a215b4d,2021/012,NAMED_PERSON_ON_ELIGIBLE_RECORD,POTENTIAL_NOT_PRODUCTION_ASSIGNMENT,2,
CAND_eb1545b761e93a215b4d,2024/023,NAMED_PERSON_ON_ELIGIBLE_RECORD,POTENTIAL_NOT_PRODUCTION_ASSIGNMENT,2,
CAND_eb2e8c76b84eb8cfca35,2023/011,NAMED_PERSON_ON_ELIGIBLE_RECORD,POTENTIAL_NOT_PRODUCTION_ASSIGNMENT,2,
CAND_eb2e8c76b84eb8cfca35,2024/040,NAMED_PERSON_ON_ELIGIBLE_RECORD,POTENTIAL_NOT_PRODUCTION_ASSIGNMENT,2,
CAND_eb41661cdbd6c02c42fd,2020/110,NAMED_PERSON_ON_ELIGIBLE_RECORD,POTENTIAL_NOT_PRODUCTION_ASSIGNMENT,1,
CAND_ebc4369a38ecf9fef62b,2022/142,NAMED_PERSON_ON_ELIGIBLE_RECORD,POTENTIAL_NOT_PRODUCTION_ASSIGNMENT,1,
CAND_ebd59accfbd365922201,2024/210,NAMED_PERSON_ON_ELIGIBLE_RECORD,POTENTIAL_NOT_PRODUCTION_ASSIGNMENT,1,
CAND_ec1e20113f80cd0ebc5b,2025/184,NAMED_PERSON_ON_ELIGIBLE_RECORD,POTENTIAL_NOT_PRODUCTION_ASSIGNMENT,1,
CAND_ec24368c0e26deb652ca,2024/253,NAMED_PERSON_ON_ELIGIBLE_RECORD,POTENTIAL_NOT_PRODUCTION_ASSIGNMENT,1,
CAND_ec388ed99ecd2514935e,2021/060,NAMED_PERSON_ON_ELIGIBLE_RECORD,POTENTIAL_NOT_PRODUCTION_ASSIGNMENT,1,
CAND_ec591494789a558a8e12,2024/127,NAMED_PERSON_ON_ELIGIBLE_RECORD,POTENTIAL_NOT_PRODUCTION_ASSIGNMENT,4,
CAND_ec591494789a558a8e12,2024/192,NAMED_PERSON_ON_ELIGIBLE_RECORD,POTENTIAL_NOT_PRODUCTION_ASSIGNMENT,4,
CAND_ec591494789a558a8e12,2025/128,NAMED_PERSON_ON_ELIGIBLE_RECORD,POTENTIAL_NOT_PRODUCTION_ASSIGNMENT,4,
CAND_ec591494789a558a8e12,2025/197,NAMED_PERSON_ON_ELIGIBLE_RECORD,POTENTIAL_NOT_PRODUCTION_ASSIGNMENT,4,
CAND_ec65d1eb68cec8d2bec8,2024/016,NAMED_PERSON_ON_ELIGIBLE_RECORD,POTENTIAL_NOT_PRODUCTION_ASSIGNMENT,1,
CAND_ec73bb02154cb7525b56,2022/197,NAMED_PERSON_ON_ELIGIBLE_RECORD,POTENTIAL_NOT_PRODUCTION_ASSIGNMENT,1,
CAND_eca603085731a39f8f29,2020/027,NAMED_PERSON_ON_ELIGIBLE_RECORD,POTENTIAL_NOT_PRODUCTION_ASSIGNMENT,1,
CAND_ecbe5619d9074afef30e,2025/124,NAMED_PERSON_ON_ELIGIBLE_RECORD,POTENTIAL_NOT_PRODUCTION_ASSIGNMENT,1,
CAND_ecc77765692a902d1b8c,2020/027,NAMED_PERSON_ON_ELIGIBLE_RECORD,POTENTIAL_NOT_PRODUCTION_ASSIGNMENT,1,
CAND_ecd5bf0af7e1675d4d30,2022/105,NAMED_PERSON_ON_ELIGIBLE_RECORD,POTENTIAL_NOT_PRODUCTION_ASSIGNMENT,2,
CAND_ecd5bf0af7e1675d4d30,2023/014,NAMED_PERSON_ON_ELIGIBLE_RECORD,POTENTIAL_NOT_PRODUCTION_ASSIGNMENT,2,
CAND_ed2730c3857f975970c0,2021/124,NAMED_PERSON_ON_ELIGIBLE_RECORD,POTENTIAL_NOT_PRODUCTION_ASSIGNMENT,2,
CAND_ed2730c3857f975970c0,2025/076,NAMED_PERSON_ON_ELIGIBLE_RECORD,POTENTIAL_NOT_PRODUCTION_ASSIGNMENT,2,
CAND_ed306e2e453f392c9d6c,2020/104,NAMED_PERSON_ON_ELIGIBLE_RECORD,POTENTIAL_NOT_PRODUCTION_ASSIGNMENT,1,
CAND_ed4c039c88aeec15b73b,2023/261,NAMED_PERSON_ON_ELIGIBLE_RECORD,POTENTIAL_NOT_PRODUCTION_ASSIGNMENT,1,
CAND_ed5bc51f5c077e623648,2021/035,NAMED_PERSON_ON_ELIGIBLE_RECORD,POTENTIAL_NOT_PRODUCTION_ASSIGNMENT,1,
CAND_ed69a352c9683a3a8172,2024/166,NAMED_PERSON_ON_ELIGIBLE_RECORD,POTENTIAL_NOT_PRODUCTION_ASSIGNMENT,1,
CAND_ed7385ad95aaa328e742,2025/214,NAMED_PERSON_ON_ELIGIBLE_RECORD,POTENTIAL_NOT_PRODUCTION_ASSIGNMENT,1,
CAND_ed9ac185e3e2011ed1b4,2024/158,NAMED_PERSON_ON_ELIGIBLE_RECORD,POTENTIAL_NOT_PRODUCTION_ASSIGNMENT,1,
CAND_edb164e541fe39090fdf,2026/005,NAMED_PERSON_ON_ELIGIBLE_RECORD,POTENTIAL_NOT_PRODUCTION_ASSIGNMENT,1,
CAND_edfd5fef15f3e87ede0b,2020/047,NAMED_PERSON_ON_ELIGIBLE_RECORD,POTENTIAL_NOT_PRODUCTION_ASSIGNMENT,1,
CAND_ee1afa0a3a63ed574860,2022/079,NAMED_PERSON_ON_ELIGIBLE_RECORD,POTENTIAL_NOT_PRODUCTION_ASSIGNMENT,1,
CAND_ee3e3419ae08c6c1e7eb,2022/036/b,NAMED_PERSON_ON_ELIGIBLE_RECORD,POTENTIAL_NOT_PRODUCTION_ASSIGNMENT,2,
CAND_ee3e3419ae08c6c1e7eb,2022/155,NAMED_PERSON_ON_ELIGIBLE_RECORD,POTENTIAL_NOT_PRODUCTION_ASSIGNMENT,2,
CAND_ee7388d5d2e9df379983,2023/206,NAMED_PERSON_ON_ELIGIBLE_RECORD,POTENTIAL_NOT_PRODUCTION_ASSIGNMENT,7,
CAND_ee7388d5d2e9df379983,2023/305,NAMED_PERSON_ON_ELIGIBLE_RECORD,POTENTIAL_NOT_PRODUCTION_ASSIGNMENT,7,
CAND_ee7388d5d2e9df379983,2024/141,NAMED_PERSON_ON_ELIGIBLE_RECORD,POTENTIAL_NOT_PRODUCTION_ASSIGNMENT,7,
CAND_ee7388d5d2e9df379983,2024/179,NAMED_PERSON_ON_ELIGIBLE_RECORD,POTENTIAL_NOT_PRODUCTION_ASSIGNMENT,7,
CAND_ee7388d5d2e9df379983,2024/220,NAMED_PERSON_ON_ELIGIBLE_RECORD,POTENTIAL_NOT_PRODUCTION_ASSIGNMENT,7,
CAND_ee7388d5d2e9df379983,2025/003,NAMED_PERSON_ON_ELIGIBLE_RECORD,POTENTIAL_NOT_PRODUCTION_ASSIGNMENT,7,
CAND_ee7388d5d2e9df379983,2025/140,NAMED_PERSON_ON_ELIGIBLE_RECORD,POTENTIAL_NOT_PRODUCTION_ASSIGNMENT,7,
CAND_ee79de4216ae0f815308,2025/142,NAMED_PERSON_ON_ELIGIBLE_RECORD,POTENTIAL_NOT_PRODUCTION_ASSIGNMENT,1,
CAND_eebbc927fcdd8b6d7255,2024/016,NAMED_PERSON_ON_ELIGIBLE_RECORD,POTENTIAL_NOT_PRODUCTION_ASSIGNMENT,2,
CAND_eebbc927fcdd8b6d7255,2024/096,NAMED_PERSON_ON_ELIGIBLE_RECORD,POTENTIAL_NOT_PRODUCTION_ASSIGNMENT,2,
CAND_eec644edbceaed5f60a6,2025/112,NAMED_PERSON_ON_ELIGIBLE_RECORD,POTENTIAL_NOT_PRODUCTION_ASSIGNMENT,1,
CAND_eed100a373627cb2e2b5,2025/054,NAMED_PERSON_ON_ELIGIBLE_RECORD,POTENTIAL_NOT_PRODUCTION_ASSIGNMENT,1,
CAND_ef213578d2698258f5a2,2024/063,NAMED_PERSON_ON_ELIGIBLE_RECORD,POTENTIAL_NOT_PRODUCTION_ASSIGNMENT,1,
CAND_ef2b0d8bd83d6240f923,2023/052,NAMED_PERSON_ON_ELIGIBLE_RECORD,POTENTIAL_NOT_PRODUCTION_ASSIGNMENT,1,
CAND_ef433f5fc04a96a980a3,2024/216,NAMED_PERSON_ON_ELIGIBLE_RECORD,POTENTIAL_NOT_PRODUCTION_ASSIGNMENT,1,
CAND_ef81b31e5c91acf689d3,2023/274,NAMED_PERSON_ON_ELIGIBLE_RECORD,POTENTIAL_NOT_PRODUCTION_ASSIGNMENT,1,
CAND_ef95041a8fa133b97b50,2024/189,NAMED_PERSON_ON_ELIGIBLE_RECORD,POTENTIAL_NOT_PRODUCTION_ASSIGNMENT,1,
CAND_efd865e2c2ed488a86f0,2026/015,NAMED_PERSON_ON_ELIGIBLE_RECORD,POTENTIAL_NOT_PRODUCTION_ASSIGNMENT,2,
CAND_efd865e2c2ed488a86f0,2026/050,NAMED_PERSON_ON_ELIGIBLE_RECORD,POTENTIAL_NOT_PRODUCTION_ASSIGNMENT,2,
CAND_f09271212ba23b5aedad,2022/185,NAMED_PERSON_ON_ELIGIBLE_RECORD,POTENTIAL_NOT_PRODUCTION_ASSIGNMENT,2,
CAND_f09271212ba23b5aedad,2024/104,NAMED_PERSON_ON_ELIGIBLE_RECORD,POTENTIAL_NOT_PRODUCTION_ASSIGNMENT,2,
CAND_f0ef71a096fa30cfdcbf,2025/208,NAMED_PERSON_ON_ELIGIBLE_RECORD,POTENTIAL_NOT_PRODUCTION_ASSIGNMENT,1,
CAND_f106fec2281d3aeecfd2,2020/057,NAMED_PERSON_ON_ELIGIBLE_RECORD,POTENTIAL_NOT_PRODUCTION_ASSIGNMENT,1,
CAND_f1084813e758ad5297df,2026/031,NAMED_PERSON_ON_ELIGIBLE_RECORD,POTENTIAL_NOT_PRODUCTION_ASSIGNMENT,1,
CAND_f15e1d667c56f6226197,2025/017,NAMED_PERSON_ON_ELIGIBLE_RECORD,POTENTIAL_NOT_PRODUCTION_ASSIGNMENT,1,
CAND_f17093c5348d413e5238,2025/163,NAMED_PERSON_ON_ELIGIBLE_RECORD,POTENTIAL_NOT_PRODUCTION_ASSIGNMENT,1,
CAND_f17e8d6e82c185e142ea,2024/096,NAMED_PERSON_ON_ELIGIBLE_RECORD,POTENTIAL_NOT_PRODUCTION_ASSIGNMENT,1,
CAND_f19da9baf806146cea9e,2024/257,NAMED_PERSON_ON_ELIGIBLE_RECORD,POTENTIAL_NOT_PRODUCTION_ASSIGNMENT,1,
CAND_f1cb2a5be6f2066508e9,2025/143,NAMED_PERSON_ON_ELIGIBLE_RECORD,POTENTIAL_NOT_PRODUCTION_ASSIGNMENT,1,
CAND_f212190c21f66e4ba4a4,2025/083,NAMED_PERSON_ON_ELIGIBLE_RECORD,POTENTIAL_NOT_PRODUCTION_ASSIGNMENT,1,
CAND_f2327f248cd030f62e27,2022/150,NAMED_PERSON_ON_ELIGIBLE_RECORD,POTENTIAL_NOT_PRODUCTION_ASSIGNMENT,1,
CAND_f24504f464cd038f99a6,2026/037,NAMED_PERSON_ON_ELIGIBLE_RECORD,POTENTIAL_NOT_PRODUCTION_ASSIGNMENT,1,
CAND_f2591c45b8ac7340df65,2020/027,NAMED_PERSON_ON_ELIGIBLE_RECORD,POTENTIAL_NOT_PRODUCTION_ASSIGNMENT,2,
CAND_f2591c45b8ac7340df65,2020/104,NAMED_PERSON_ON_ELIGIBLE_RECORD,POTENTIAL_NOT_PRODUCTION_ASSIGNMENT,2,
CAND_f2911601b59bf0ddd5dc,2020/027,NAMED_PERSON_ON_ELIGIBLE_RECORD,POTENTIAL_NOT_PRODUCTION_ASSIGNMENT,1,
CAND_f2b1a60f02b40ebd3002,2020/027,NAMED_PERSON_ON_ELIGIBLE_RECORD,POTENTIAL_NOT_PRODUCTION_ASSIGNMENT,1,
CAND_f2be8ce28ae5fd608983,2020/027,NAMED_PERSON_ON_ELIGIBLE_RECORD,POTENTIAL_NOT_PRODUCTION_ASSIGNMENT,1,
CAND_f2c0cf7350973af5e676,2020/016,NAMED_PERSON_ON_ELIGIBLE_RECORD,POTENTIAL_NOT_PRODUCTION_ASSIGNMENT,3,
CAND_f2c0cf7350973af5e676,2020/017,NAMED_PERSON_ON_ELIGIBLE_RECORD,POTENTIAL_NOT_PRODUCTION_ASSIGNMENT,3,
CAND_f2c0cf7350973af5e676,2020/093,NAMED_PERSON_ON_ELIGIBLE_RECORD,POTENTIAL_NOT_PRODUCTION_ASSIGNMENT,3,
CAND_f30c970dba528ed5ca20,2023/268,NAMED_PERSON_ON_ELIGIBLE_RECORD,POTENTIAL_NOT_PRODUCTION_ASSIGNMENT,1,
CAND_f32fa5c013a3e2c96251,2020/047,NAMED_PERSON_ON_ELIGIBLE_RECORD,POTENTIAL_NOT_PRODUCTION_ASSIGNMENT,1,
CAND_f35d01b500a3baa76cdd,2020/005,NAMED_PERSON_ON_ELIGIBLE_RECORD,POTENTIAL_NOT_PRODUCTION_ASSIGNMENT,1,
CAND_f379bb0bd0092f32181a,2023/166,NAMED_PERSON_ON_ELIGIBLE_RECORD,POTENTIAL_NOT_PRODUCTION_ASSIGNMENT,3,
CAND_f379bb0bd0092f32181a,2024/088,NAMED_PERSON_ON_ELIGIBLE_RECORD,POTENTIAL_NOT_PRODUCTION_ASSIGNMENT,3,
CAND_f379bb0bd0092f32181a,2025/257,NAMED_PERSON_ON_ELIGIBLE_RECORD,POTENTIAL_NOT_PRODUCTION_ASSIGNMENT,3,
CAND_f39488d274d3ea9564c4,2023/135,NAMED_PERSON_ON_ELIGIBLE_RECORD,POTENTIAL_NOT_PRODUCTION_ASSIGNMENT,1,
CAND_f39b67c55174cad20496,2024/151,NAMED_PERSON_ON_ELIGIBLE_RECORD,POTENTIAL_NOT_PRODUCTION_ASSIGNMENT,1,
CAND_f3c7749d7f3c6cddc2b6,2026/008,NAMED_PERSON_ON_ELIGIBLE_RECORD,POTENTIAL_NOT_PRODUCTION_ASSIGNMENT,2,
CAND_f3c7749d7f3c6cddc2b6,2026/023,NAMED_PERSON_ON_ELIGIBLE_RECORD,POTENTIAL_NOT_PRODUCTION_ASSIGNMENT,2,
CAND_f422b619e23bf5bea955,2023/026,NAMED_PERSON_ON_ELIGIBLE_RECORD,POTENTIAL_NOT_PRODUCTION_ASSIGNMENT,1,
CAND_f43df78555cd20dfc494,2026/033,NAMED_PERSON_ON_ELIGIBLE_RECORD,POTENTIAL_NOT_PRODUCTION_ASSIGNMENT,1,
CAND_f44f5c46c50f80813043,2025/169,NAMED_PERSON_ON_ELIGIBLE_RECORD,POTENTIAL_NOT_PRODUCTION_ASSIGNMENT,1,
CAND_f45b84658254eddee2f1,2021/013,NAMED_PERSON_ON_ELIGIBLE_RECORD,POTENTIAL_NOT_PRODUCTION_ASSIGNMENT,1,
CAND_f47468b7f9a9b9a84d1e,2021/170,NAMED_PERSON_ON_ELIGIBLE_RECORD,POTENTIAL_NOT_PRODUCTION_ASSIGNMENT,2,
CAND_f47468b7f9a9b9a84d1e,2024/126,NAMED_PERSON_ON_ELIGIBLE_RECORD,POTENTIAL_NOT_PRODUCTION_ASSIGNMENT,2,
CAND_f4acc0620aabfd41cce1,2021/029,NAMED_PERSON_ON_ELIGIBLE_RECORD,POTENTIAL_NOT_PRODUCTION_ASSIGNMENT,1,
CAND_f4b3ff079a675d9d8928,2020/027,NAMED_PERSON_ON_ELIGIBLE_RECORD,POTENTIAL_NOT_PRODUCTION_ASSIGNMENT,1,
CAND_f4c1c1b493f50cfaca8d,2020/047,NAMED_PERSON_ON_ELIGIBLE_RECORD,POTENTIAL_NOT_PRODUCTION_ASSIGNMENT,1,
CAND_f4c5b929faacad846fb5,2024/064,NAMED_PERSON_ON_ELIGIBLE_RECORD,POTENTIAL_NOT_PRODUCTION_ASSIGNMENT,1,
CAND_f4eb5f359cf64ba9c82b,2022/081,NAMED_PERSON_ON_ELIGIBLE_RECORD,POTENTIAL_NOT_PRODUCTION_ASSIGNMENT,2,
CAND_f4eb5f359cf64ba9c82b,2022/098,NAMED_PERSON_ON_ELIGIBLE_RECORD,POTENTIAL_NOT_PRODUCTION_ASSIGNMENT,2,
CAND_f50c4ab20e47901c1ab3,2024/187,NAMED_PERSON_ON_ELIGIBLE_RECORD,POTENTIAL_NOT_PRODUCTION_ASSIGNMENT,1,
CAND_f51d84ff1a4dd520758c,2024/053,NAMED_PERSON_ON_ELIGIBLE_RECORD,POTENTIAL_NOT_PRODUCTION_ASSIGNMENT,3,
CAND_f51d84ff1a4dd520758c,2025/173,NAMED_PERSON_ON_ELIGIBLE_RECORD,POTENTIAL_NOT_PRODUCTION_ASSIGNMENT,3,
CAND_f51d84ff1a4dd520758c,2025/219,NAMED_PERSON_ON_ELIGIBLE_RECORD,POTENTIAL_NOT_PRODUCTION_ASSIGNMENT,3,
CAND_f52dc0e6134577528a8a,2023/008,NAMED_PERSON_ON_ELIGIBLE_RECORD,POTENTIAL_NOT_PRODUCTION_ASSIGNMENT,1,
CAND_f53bc6982a5578ad9aad,2020/118,NAMED_PERSON_ON_ELIGIBLE_RECORD,POTENTIAL_NOT_PRODUCTION_ASSIGNMENT,2,
CAND_f53bc6982a5578ad9aad,2022/030,NAMED_PERSON_ON_ELIGIBLE_RECORD,POTENTIAL_NOT_PRODUCTION_ASSIGNMENT,2,
CAND_f556d6b91dee09de34cc,2025/032,NAMED_PERSON_ON_ELIGIBLE_RECORD,POTENTIAL_NOT_PRODUCTION_ASSIGNMENT,1,
CAND_f578df987ff086307810,2024/258,NAMED_PERSON_ON_ELIGIBLE_RECORD,POTENTIAL_NOT_PRODUCTION_ASSIGNMENT,2,
CAND_f578df987ff086307810,2025/011,NAMED_PERSON_ON_ELIGIBLE_RECORD,POTENTIAL_NOT_PRODUCTION_ASSIGNMENT,2,
CAND_f57c9f384138bf1965f9,2021/042,NAMED_PERSON_ON_ELIGIBLE_RECORD,POTENTIAL_NOT_PRODUCTION_ASSIGNMENT,1,
CAND_f580bf12f8dcc2dbdc44,2020/117,NAMED_PERSON_ON_ELIGIBLE_RECORD,POTENTIAL_NOT_PRODUCTION_ASSIGNMENT,5,
CAND_f580bf12f8dcc2dbdc44,2023/076,NAMED_PERSON_ON_ELIGIBLE_RECORD,POTENTIAL_NOT_PRODUCTION_ASSIGNMENT,5,
CAND_f580bf12f8dcc2dbdc44,2023/272,NAMED_PERSON_ON_ELIGIBLE_RECORD,POTENTIAL_NOT_PRODUCTION_ASSIGNMENT,5,
CAND_f580bf12f8dcc2dbdc44,2025/139,NAMED_PERSON_ON_ELIGIBLE_RECORD,POTENTIAL_NOT_PRODUCTION_ASSIGNMENT,5,
CAND_f580bf12f8dcc2dbdc44,2025/144,NAMED_PERSON_ON_ELIGIBLE_RECORD,POTENTIAL_NOT_PRODUCTION_ASSIGNMENT,5,
CAND_f5a0b1c9fea1cde1b440,2022/070,NAMED_PERSON_ON_ELIGIBLE_RECORD,POTENTIAL_NOT_PRODUCTION_ASSIGNMENT,1,
CAND_f5a6dea9b951b547a2b0,2023/289,NAMED_PERSON_ON_ELIGIBLE_RECORD,POTENTIAL_NOT_PRODUCTION_ASSIGNMENT,1,
CAND_f5d9fc5a49663402df4b,2025/261,NAMED_PERSON_ON_ELIGIBLE_RECORD,POTENTIAL_NOT_PRODUCTION_ASSIGNMENT,1,
CAND_f5f72405b6caac9e6343,2025/207,NAMED_PERSON_ON_ELIGIBLE_RECORD,POTENTIAL_NOT_PRODUCTION_ASSIGNMENT,1,
CAND_f61a3ee6d5c68c0baddb,2025/217,NAMED_PERSON_ON_ELIGIBLE_RECORD,POTENTIAL_NOT_PRODUCTION_ASSIGNMENT,1,
CAND_f6468c1b780f10790b21,2024/094,NAMED_PERSON_ON_ELIGIBLE_RECORD,POTENTIAL_NOT_PRODUCTION_ASSIGNMENT,1,
CAND_f6525e6ff33038c1aaf0,2022/057,NAMED_PERSON_ON_ELIGIBLE_RECORD,POTENTIAL_NOT_PRODUCTION_ASSIGNMENT,3,
CAND_f6525e6ff33038c1aaf0,2024/095/b,NAMED_PERSON_ON_ELIGIBLE_RECORD,POTENTIAL_NOT_PRODUCTION_ASSIGNMENT,3,
CAND_f6525e6ff33038c1aaf0,2025/152,NAMED_PERSON_ON_ELIGIBLE_RECORD,POTENTIAL_NOT_PRODUCTION_ASSIGNMENT,3,
CAND_f6653834d76fc2281339,2019/017,NAMED_PERSON_ON_ELIGIBLE_RECORD,POTENTIAL_NOT_PRODUCTION_ASSIGNMENT,1,
CAND_f667b658348340b254d6,2021/064,NAMED_PERSON_ON_ELIGIBLE_RECORD,POTENTIAL_NOT_PRODUCTION_ASSIGNMENT,1,
CAND_f6723282b9392d8edc64,2021/020,NAMED_PERSON_ON_ELIGIBLE_RECORD,POTENTIAL_NOT_PRODUCTION_ASSIGNMENT,1,
CAND_f6a018ca87e825938afa,2021/151,NAMED_PERSON_ON_ELIGIBLE_RECORD,POTENTIAL_NOT_PRODUCTION_ASSIGNMENT,2,
CAND_f6a018ca87e825938afa,2024/132,NAMED_PERSON_ON_ELIGIBLE_RECORD,POTENTIAL_NOT_PRODUCTION_ASSIGNMENT,2,
CAND_f6cc87d8087164d262af,2023/211,NAMED_PERSON_ON_ELIGIBLE_RECORD,POTENTIAL_NOT_PRODUCTION_ASSIGNMENT,1,
CAND_f6d3389802e7d631d6fa,2022/135,NAMED_PERSON_ON_ELIGIBLE_RECORD,POTENTIAL_NOT_PRODUCTION_ASSIGNMENT,4,
CAND_f6d3389802e7d631d6fa,2024/041,NAMED_PERSON_ON_ELIGIBLE_RECORD,POTENTIAL_NOT_PRODUCTION_ASSIGNMENT,4,
CAND_f6d3389802e7d631d6fa,2025/157,NAMED_PERSON_ON_ELIGIBLE_RECORD,POTENTIAL_NOT_PRODUCTION_ASSIGNMENT,4,
CAND_f6d3389802e7d631d6fa,2025/203,NAMED_PERSON_ON_ELIGIBLE_RECORD,POTENTIAL_NOT_PRODUCTION_ASSIGNMENT,4,
CAND_f701b5e13c69a6d73fdc,2022/002,NAMED_PERSON_ON_ELIGIBLE_RECORD,POTENTIAL_NOT_PRODUCTION_ASSIGNMENT,7,
CAND_f701b5e13c69a6d73fdc,2022/018,NAMED_PERSON_ON_ELIGIBLE_RECORD,POTENTIAL_NOT_PRODUCTION_ASSIGNMENT,7,
CAND_f701b5e13c69a6d73fdc,2023/032,NAMED_PERSON_ON_ELIGIBLE_RECORD,POTENTIAL_NOT_PRODUCTION_ASSIGNMENT,7,
CAND_f701b5e13c69a6d73fdc,2023/083,NAMED_PERSON_ON_ELIGIBLE_RECORD,POTENTIAL_NOT_PRODUCTION_ASSIGNMENT,7,
CAND_f701b5e13c69a6d73fdc,2024/039,NAMED_PERSON_ON_ELIGIBLE_RECORD,POTENTIAL_NOT_PRODUCTION_ASSIGNMENT,7,
CAND_f701b5e13c69a6d73fdc,2024/222,NAMED_PERSON_ON_ELIGIBLE_RECORD,POTENTIAL_NOT_PRODUCTION_ASSIGNMENT,7,
CAND_f701b5e13c69a6d73fdc,2025/045,NAMED_PERSON_ON_ELIGIBLE_RECORD,POTENTIAL_NOT_PRODUCTION_ASSIGNMENT,7,
CAND_f73833bec25743a55189,2024/203,NAMED_PERSON_ON_ELIGIBLE_RECORD,POTENTIAL_NOT_PRODUCTION_ASSIGNMENT,1,
CAND_f73dee2b512014ea72b0,2024/066,NAMED_PERSON_ON_ELIGIBLE_RECORD,POTENTIAL_NOT_PRODUCTION_ASSIGNMENT,1,
CAND_f7437bd3e4113c1c6f0a,2024/072,NAMED_PERSON_ON_ELIGIBLE_RECORD,POTENTIAL_NOT_PRODUCTION_ASSIGNMENT,2,
CAND_f7437bd3e4113c1c6f0a,2025/178,NAMED_PERSON_ON_ELIGIBLE_RECORD,POTENTIAL_NOT_PRODUCTION_ASSIGNMENT,2,
CAND_f747e3f8ee9169c071be,2024/173,NAMED_PERSON_ON_ELIGIBLE_RECORD,POTENTIAL_NOT_PRODUCTION_ASSIGNMENT,1,
CAND_f761e9fdc3073eb80311,2020/127,NAMED_PERSON_ON_ELIGIBLE_RECORD,POTENTIAL_NOT_PRODUCTION_ASSIGNMENT,3,
CAND_f761e9fdc3073eb80311,2024/232,NAMED_PERSON_ON_ELIGIBLE_RECORD,POTENTIAL_NOT_PRODUCTION_ASSIGNMENT,3,
CAND_f761e9fdc3073eb80311,2026/072,NAMED_PERSON_ON_ELIGIBLE_RECORD,POTENTIAL_NOT_PRODUCTION_ASSIGNMENT,3,
CAND_f78bc544120412b9277f,2021/055,NAMED_PERSON_ON_ELIGIBLE_RECORD,POTENTIAL_NOT_PRODUCTION_ASSIGNMENT,2,
CAND_f78bc544120412b9277f,2023/181,NAMED_PERSON_ON_ELIGIBLE_RECORD,POTENTIAL_NOT_PRODUCTION_ASSIGNMENT,2,
CAND_f7d06a5e91a3ff11eb8f,2023/287,NAMED_PERSON_ON_ELIGIBLE_RECORD,POTENTIAL_NOT_PRODUCTION_ASSIGNMENT,1,
CAND_f7ef3b397a99de502b39,2021/127,NAMED_PERSON_ON_ELIGIBLE_RECORD,POTENTIAL_NOT_PRODUCTION_ASSIGNMENT,2,
CAND_f7ef3b397a99de502b39,2021/181,NAMED_PERSON_ON_ELIGIBLE_RECORD,POTENTIAL_NOT_PRODUCTION_ASSIGNMENT,2,
CAND_f84f9da5cfe46000d3ff,2026/009,NAMED_PERSON_ON_ELIGIBLE_RECORD,POTENTIAL_NOT_PRODUCTION_ASSIGNMENT,1,
CAND_f86e2f921b6a83bd067a,2019/012,NAMED_PERSON_ON_ELIGIBLE_RECORD,POTENTIAL_NOT_PRODUCTION_ASSIGNMENT,1,
CAND_f8701b6374addb1f9fbd,2020/035,NAMED_PERSON_ON_ELIGIBLE_RECORD,POTENTIAL_NOT_PRODUCTION_ASSIGNMENT,1,
CAND_f87e501496f5ab317a22,2025/133,NAMED_PERSON_ON_ELIGIBLE_RECORD,POTENTIAL_NOT_PRODUCTION_ASSIGNMENT,1,
CAND_f89e442280fdbb4abe8b,2024/150,NAMED_PERSON_ON_ELIGIBLE_RECORD,POTENTIAL_NOT_PRODUCTION_ASSIGNMENT,1,
CAND_f8a8c124ad5a38a2f879,2023/114,NAMED_PERSON_ON_ELIGIBLE_RECORD,POTENTIAL_NOT_PRODUCTION_ASSIGNMENT,2,
CAND_f8a8c124ad5a38a2f879,2025/086,NAMED_PERSON_ON_ELIGIBLE_RECORD,POTENTIAL_NOT_PRODUCTION_ASSIGNMENT,2,
CAND_f8b9ae6bc22eeec3e845,2025/016,NAMED_PERSON_ON_ELIGIBLE_RECORD,POTENTIAL_NOT_PRODUCTION_ASSIGNMENT,1,
CAND_f8c99e08cb11a1390b9f,2025/132,NAMED_PERSON_ON_ELIGIBLE_RECORD,POTENTIAL_NOT_PRODUCTION_ASSIGNMENT,1,
CAND_f8ea8baac6bcda082970,2020/025,NAMED_PERSON_ON_ELIGIBLE_RECORD,POTENTIAL_NOT_PRODUCTION_ASSIGNMENT,1,
CAND_f91d7aa3e4866a6f8fa3,2020/027,NAMED_PERSON_ON_ELIGIBLE_RECORD,POTENTIAL_NOT_PRODUCTION_ASSIGNMENT,2,
CAND_f91d7aa3e4866a6f8fa3,2023/228,NAMED_PERSON_ON_ELIGIBLE_RECORD,POTENTIAL_NOT_PRODUCTION_ASSIGNMENT,2,
CAND_f942d72ac0016d561c35,2022/204,NAMED_PERSON_ON_ELIGIBLE_RECORD,POTENTIAL_NOT_PRODUCTION_ASSIGNMENT,1,
CAND_f96905f0f6c638247117,2021/071,NAMED_PERSON_ON_ELIGIBLE_RECORD,POTENTIAL_NOT_PRODUCTION_ASSIGNMENT,1,
CAND_f979a7b8804a3c3f14a7,2025/264,NAMED_PERSON_ON_ELIGIBLE_RECORD,POTENTIAL_NOT_PRODUCTION_ASSIGNMENT,1,
CAND_f98a4d1c0ba3ca980057,2024/077,NAMED_PERSON_ON_ELIGIBLE_RECORD,POTENTIAL_NOT_PRODUCTION_ASSIGNMENT,2,
CAND_f98a4d1c0ba3ca980057,2024/078,NAMED_PERSON_ON_ELIGIBLE_RECORD,POTENTIAL_NOT_PRODUCTION_ASSIGNMENT,2,
CAND_f98b4b13455391aa6cd5,2019/025,NAMED_PERSON_ON_ELIGIBLE_RECORD,POTENTIAL_NOT_PRODUCTION_ASSIGNMENT,3,
CAND_f98b4b13455391aa6cd5,2021/107,NAMED_PERSON_ON_ELIGIBLE_RECORD,POTENTIAL_NOT_PRODUCTION_ASSIGNMENT,3,
CAND_f98b4b13455391aa6cd5,2022/019,NAMED_PERSON_ON_ELIGIBLE_RECORD,POTENTIAL_NOT_PRODUCTION_ASSIGNMENT,3,
CAND_f9e2fb37dd5c660771f0,2025/185,NAMED_PERSON_ON_ELIGIBLE_RECORD,POTENTIAL_NOT_PRODUCTION_ASSIGNMENT,1,
CAND_f9ee64c796a4f91184ae,2025/002,NAMED_PERSON_ON_ELIGIBLE_RECORD,POTENTIAL_NOT_PRODUCTION_ASSIGNMENT,1,
CAND_fa09313b34b95354b3e9,2020/044,NAMED_PERSON_ON_ELIGIBLE_RECORD,POTENTIAL_NOT_PRODUCTION_ASSIGNMENT,3,
CAND_fa09313b34b95354b3e9,2021/107,NAMED_PERSON_ON_ELIGIBLE_RECORD,POTENTIAL_NOT_PRODUCTION_ASSIGNMENT,3,
CAND_fa09313b34b95354b3e9,2022/019,NAMED_PERSON_ON_ELIGIBLE_RECORD,POTENTIAL_NOT_PRODUCTION_ASSIGNMENT,3,
CAND_fa2f81125d7e16349ea6,2025/104,NAMED_PERSON_ON_ELIGIBLE_RECORD,POTENTIAL_NOT_PRODUCTION_ASSIGNMENT,1,
CAND_fa7c0c1452fe991bf000,2025/207,NAMED_PERSON_ON_ELIGIBLE_RECORD,POTENTIAL_NOT_PRODUCTION_ASSIGNMENT,1,
CAND_faba4eb9e66fb2f343a3,2021/013,NAMED_PERSON_ON_ELIGIBLE_RECORD,POTENTIAL_NOT_PRODUCTION_ASSIGNMENT,1,
CAND_faebd8a798a60595a76f,2021/028,NAMED_PERSON_ON_ELIGIBLE_RECORD,POTENTIAL_NOT_PRODUCTION_ASSIGNMENT,1,
CAND_fafca85f817ae2844ada,2022/113,NAMED_PERSON_ON_ELIGIBLE_RECORD,POTENTIAL_NOT_PRODUCTION_ASSIGNMENT,1,
CAND_fb00a9d115e5448853ff,2024/045,NAMED_PERSON_ON_ELIGIBLE_RECORD,POTENTIAL_NOT_PRODUCTION_ASSIGNMENT,1,
CAND_fb0165af51fe8f55905f,2025/066,NAMED_PERSON_ON_ELIGIBLE_RECORD,POTENTIAL_NOT_PRODUCTION_ASSIGNMENT,1,
CAND_fb214659cccbfb5975ee,2024/212,NAMED_PERSON_ON_ELIGIBLE_RECORD,POTENTIAL_NOT_PRODUCTION_ASSIGNMENT,1,
CAND_fb5c7da9ac7bdea3e860,2020/104,NAMED_PERSON_ON_ELIGIBLE_RECORD,POTENTIAL_NOT_PRODUCTION_ASSIGNMENT,1,
CAND_fb8b7c1290768fc2d68d,2020/046,NAMED_PERSON_ON_ELIGIBLE_RECORD,POTENTIAL_NOT_PRODUCTION_ASSIGNMENT,1,
CAND_fb98160a0c73fb900224,2022/036/a,NAMED_PERSON_ON_ELIGIBLE_RECORD,POTENTIAL_NOT_PRODUCTION_ASSIGNMENT,1,
CAND_fbd815b9dde3b7b66c48,2024/148,NAMED_PERSON_ON_ELIGIBLE_RECORD,POTENTIAL_NOT_PRODUCTION_ASSIGNMENT,4,
CAND_fbd815b9dde3b7b66c48,2024/186,NAMED_PERSON_ON_ELIGIBLE_RECORD,POTENTIAL_NOT_PRODUCTION_ASSIGNMENT,4,
CAND_fbd815b9dde3b7b66c48,2025/214,NAMED_PERSON_ON_ELIGIBLE_RECORD,POTENTIAL_NOT_PRODUCTION_ASSIGNMENT,4,
CAND_fbd815b9dde3b7b66c48,2025/265,NAMED_PERSON_ON_ELIGIBLE_RECORD,POTENTIAL_NOT_PRODUCTION_ASSIGNMENT,4,
CAND_fbfc45dc419a9464a464,2022/030,NAMED_PERSON_ON_ELIGIBLE_RECORD,POTENTIAL_NOT_PRODUCTION_ASSIGNMENT,1,
CAND_fbff586158a8d3354306,2021/112,NAMED_PERSON_ON_ELIGIBLE_RECORD,POTENTIAL_NOT_PRODUCTION_ASSIGNMENT,1,
CAND_fc1be57c9ae19772adef,2020/027,NAMED_PERSON_ON_ELIGIBLE_RECORD,POTENTIAL_NOT_PRODUCTION_ASSIGNMENT,1,
CAND_fc7b113ed8e3e17c9e1a,2025/010,NAMED_PERSON_ON_ELIGIBLE_RECORD,POTENTIAL_NOT_PRODUCTION_ASSIGNMENT,1,
CAND_fc9c055e6ed1e75100e7,2025/097,NAMED_PERSON_ON_ELIGIBLE_RECORD,POTENTIAL_NOT_PRODUCTION_ASSIGNMENT,1,
CAND_fcdba36e9c00b3e792cd,2022/057,NAMED_PERSON_ON_ELIGIBLE_RECORD,POTENTIAL_NOT_PRODUCTION_ASSIGNMENT,1,
CAND_fd01625502e492898bf0,2022/139,NAMED_PERSON_ON_ELIGIBLE_RECORD,POTENTIAL_NOT_PRODUCTION_ASSIGNMENT,1,
CAND_fd338014bdbfd99369dd,2021/161,NAMED_PERSON_ON_ELIGIBLE_RECORD,POTENTIAL_NOT_PRODUCTION_ASSIGNMENT,4,
CAND_fd338014bdbfd99369dd,2023/069,NAMED_PERSON_ON_ELIGIBLE_RECORD,POTENTIAL_NOT_PRODUCTION_ASSIGNMENT,4,
CAND_fd338014bdbfd99369dd,2023/070,NAMED_PERSON_ON_ELIGIBLE_RECORD,POTENTIAL_NOT_PRODUCTION_ASSIGNMENT,4,
CAND_fd338014bdbfd99369dd,2024/033,NAMED_PERSON_ON_ELIGIBLE_RECORD,POTENTIAL_NOT_PRODUCTION_ASSIGNMENT,4,
CAND_fd501b475d0b2c8a817d,2023/011,NAMED_PERSON_ON_ELIGIBLE_RECORD,POTENTIAL_NOT_PRODUCTION_ASSIGNMENT,2,
CAND_fd501b475d0b2c8a817d,2023/212,NAMED_PERSON_ON_ELIGIBLE_RECORD,POTENTIAL_NOT_PRODUCTION_ASSIGNMENT,2,
CAND_fd512cc1cdbe4273ca1d,2020/059,NAMED_PERSON_ON_ELIGIBLE_RECORD,POTENTIAL_NOT_PRODUCTION_ASSIGNMENT,1,
CAND_fd63ec317ce33167c50f,2024/025,NAMED_PERSON_ON_ELIGIBLE_RECORD,POTENTIAL_NOT_PRODUCTION_ASSIGNMENT,1,
CAND_fd827ea05ca1992984cb,2020/027,NAMED_PERSON_ON_ELIGIBLE_RECORD,POTENTIAL_NOT_PRODUCTION_ASSIGNMENT,4,
CAND_fd827ea05ca1992984cb,2021/037,NAMED_PERSON_ON_ELIGIBLE_RECORD,POTENTIAL_NOT_PRODUCTION_ASSIGNMENT,4,
CAND_fd827ea05ca1992984cb,2022/008,NAMED_PERSON_ON_ELIGIBLE_RECORD,POTENTIAL_NOT_PRODUCTION_ASSIGNMENT,4,
CAND_fd827ea05ca1992984cb,2025/071,NAMED_PERSON_ON_ELIGIBLE_RECORD,POTENTIAL_NOT_PRODUCTION_ASSIGNMENT,4,
CAND_fd921080f32c92cbdeaf,2024/061,NAMED_PERSON_ON_ELIGIBLE_RECORD,POTENTIAL_NOT_PRODUCTION_ASSIGNMENT,1,
CAND_fda2ffb5046be62dd2cc,2020/047,NAMED_PERSON_ON_ELIGIBLE_RECORD,POTENTIAL_NOT_PRODUCTION_ASSIGNMENT,2,
CAND_fda2ffb5046be62dd2cc,2024/208,NAMED_PERSON_ON_ELIGIBLE_RECORD,POTENTIAL_NOT_PRODUCTION_ASSIGNMENT,2,
CAND_fdb594c823f82146e882,2026/024,NAMED_PERSON_ON_ELIGIBLE_RECORD,POTENTIAL_NOT_PRODUCTION_ASSIGNMENT,1,
CAND_fdb81dcafd1a11ddc120,2023/086,NAMED_PERSON_ON_ELIGIBLE_RECORD,POTENTIAL_NOT_PRODUCTION_ASSIGNMENT,1,
CAND_fdd6272275ed00c03b4e,2021/131,NAMED_PERSON_ON_ELIGIBLE_RECORD,POTENTIAL_NOT_PRODUCTION_ASSIGNMENT,2,
CAND_fdd6272275ed00c03b4e,2021/154,NAMED_PERSON_ON_ELIGIBLE_RECORD,POTENTIAL_NOT_PRODUCTION_ASSIGNMENT,2,
CAND_fdf5a1da90f089f4bd61,2023/135,NAMED_PERSON_ON_ELIGIBLE_RECORD,POTENTIAL_NOT_PRODUCTION_ASSIGNMENT,1,
CAND_fe2b2ec443a7481dcb1f,2020/027,NAMED_PERSON_ON_ELIGIBLE_RECORD,POTENTIAL_NOT_PRODUCTION_ASSIGNMENT,1,
CAND_fe4f46c417a4064b5ba7,2024/100,NAMED_PERSON_ON_ELIGIBLE_RECORD,POTENTIAL_NOT_PRODUCTION_ASSIGNMENT,1,
CAND_fe50f868e2ec4c4cc155,2021/089,NAMED_PERSON_ON_ELIGIBLE_RECORD,POTENTIAL_NOT_PRODUCTION_ASSIGNMENT,3,
CAND_fe50f868e2ec4c4cc155,2021/137,NAMED_PERSON_ON_ELIGIBLE_RECORD,POTENTIAL_NOT_PRODUCTION_ASSIGNMENT,3,
CAND_fe50f868e2ec4c4cc155,2022/138,NAMED_PERSON_ON_ELIGIBLE_RECORD,POTENTIAL_NOT_PRODUCTION_ASSIGNMENT,3,
CAND_fe7055d666079c8e688e,2026/049,NAMED_PERSON_ON_ELIGIBLE_RECORD,POTENTIAL_NOT_PRODUCTION_ASSIGNMENT,1,
CAND_fe979804e40669ec7984,2021/041,NAMED_PERSON_ON_ELIGIBLE_RECORD,POTENTIAL_NOT_PRODUCTION_ASSIGNMENT,1,
CAND_fea478d5831ad83872a2,2021/160,NAMED_PERSON_ON_ELIGIBLE_RECORD,POTENTIAL_NOT_PRODUCTION_ASSIGNMENT,1,
CAND_fedd856b6beee95dd483,2021/076,NAMED_PERSON_ON_ELIGIBLE_RECORD,POTENTIAL_NOT_PRODUCTION_ASSIGNMENT,2,
CAND_fedd856b6beee95dd483,2023/034,NAMED_PERSON_ON_ELIGIBLE_RECORD,POTENTIAL_NOT_PRODUCTION_ASSIGNMENT,2,
CAND_fee8469704362ee6ea1e,2025/264,NAMED_PERSON_ON_ELIGIBLE_RECORD,POTENTIAL_NOT_PRODUCTION_ASSIGNMENT,1,
CAND_ff03399b9b59a440d059,2024/014/a,NAMED_PERSON_ON_ELIGIBLE_RECORD,POTENTIAL_NOT_PRODUCTION_ASSIGNMENT,2,
CAND_ff03399b9b59a440d059,2024/014/b,NAMED_PERSON_ON_ELIGIBLE_RECORD,POTENTIAL_NOT_PRODUCTION_ASSIGNMENT,2,
CAND_ff265d8c5691f8dd7ae3,2024/108,NAMED_PERSON_ON_ELIGIBLE_RECORD,POTENTIAL_NOT_PRODUCTION_ASSIGNMENT,1,
CAND_ff44935638a555f16085,2022/038,NAMED_PERSON_ON_ELIGIBLE_RECORD,POTENTIAL_NOT_PRODUCTION_ASSIGNMENT,3,
CAND_ff44935638a555f16085,2022/057,NAMED_PERSON_ON_ELIGIBLE_RECORD,POTENTIAL_NOT_PRODUCTION_ASSIGNMENT,3,
CAND_ff44935638a555f16085,2025/152,NAMED_PERSON_ON_ELIGIBLE_RECORD,POTENTIAL_NOT_PRODUCTION_ASSIGNMENT,3,
CAND_ff51d3032d39139efa66,2020/047,NAMED_PERSON_ON_ELIGIBLE_RECORD,POTENTIAL_NOT_PRODUCTION_ASSIGNMENT,1,
CAND_ff757617229acb284b41,2022/132,NAMED_PERSON_ON_ELIGIBLE_RECORD,POTENTIAL_NOT_PRODUCTION_ASSIGNMENT,1,
CAND_ff827c7ecbf8e2ca78f7,2024/089,NAMED_PERSON_ON_ELIGIBLE_RECORD,POTENTIAL_NOT_PRODUCTION_ASSIGNMENT,1,
CAND_ff8feb3e4e4838e9be3b,2019/019,NAMED_PERSON_ON_ELIGIBLE_RECORD,POTENTIAL_NOT_PRODUCTION_ASSIGNMENT,2,
CAND_ff8feb3e4e4838e9be3b,2024/016,NAMED_PERSON_ON_ELIGIBLE_RECORD,POTENTIAL_NOT_PRODUCTION_ASSIGNMENT,2,
CAND_ff99f10dda49e367c6b7,2024/259,NAMED_PERSON_ON_ELIGIBLE_RECORD,POTENTIAL_NOT_PRODUCTION_ASSIGNMENT,1,
CAND_ffce191f1e4f9dc79477,2026/082,NAMED_PERSON_ON_ELIGIBLE_RECORD,POTENTIAL_NOT_PRODUCTION_ASSIGNMENT,1,
CAND_ffe14fdc33c19a2cf5ac,2023/056,NAMED_PERSON_ON_ELIGIBLE_RECORD,POTENTIAL_NOT_PRODUCTION_ASSIGNMENT,1,
CAND_ffed67f80a7c8b000570,2024/243,NAMED_PERSON_ON_ELIGIBLE_RECORD,POTENTIAL_NOT_PRODUCTION_ASSIGNMENT,1,
